iter	Logloss
0	0.6916978133
1	0.6899384648
2	0.6887200603
3	0.6872501401
4	0.6856007318
5	0.6846258553
6	0.6834839902
7	0.6823356523
8	0.6809821412
9	0.6796031803
10	0.6777907587
11	0.6765008611
12	0.6748069247
13	0.6731533374
14	0.6723049295
15	0.67077693
16	0.6695734007
17	0.6684945031
18	0.66670931
19	0.6651959553
20	0.6637074536
21	0.6625970244
22	0.661478421
23	0.660534413
24	0.6589837867
25	0.6575676767
26	0.6562152203
27	0.6548496391
28	0.653511417
29	0.6521616841
30	0.6508995635
31	0.6497741476
32	0.6484881917
33	0.6472168824
34	0.6465660579
35	0.6451128391
36	0.6437050425
37	0.6424020715
38	0.6410930872
39	0.6394260839
40	0.6379098606
41	0.6362989066
42	0.635028042
43	0.6339197644
44	0.6328006863
45	0.631752852
46	0.6306077611
47	0.6293271432
48	0.6279454441
49	0.6268737402
50	0.6255390459
51	0.6240805314
52	0.6226534145
53	0.6214032259
54	0.6204164142
55	0.6198258931
56	0.6188149444
57	0.6173832429
58	0.6161694823
59	0.6147958464
60	0.6138521007
61	0.612856114
62	0.6118148206
63	0.6102205521
64	0.6092176618
65	0.6077281654
66	0.6068504961
67	0.6054116399
68	0.6041746142
69	0.6030772114
70	0.6021643212
71	0.6010744788
72	0.5996661157
73	0.5981384759
74	0.5970836657
75	0.5959097609
76	0.5946812521
77	0.5936265686
78	0.5927231419
79	0.5916437664
80	0.5905728214
81	0.5889816085
82	0.5878667298
83	0.5865386492
84	0.5855250308
85	0.5846303011
86	0.5836874987
87	0.5825727357
88	0.5814787582
89	0.5799078125
90	0.5785973794
91	0.5775614032
92	0.5758965947
93	0.5752691631
94	0.5739820734
95	0.5729279642
96	0.5719117961
97	0.5708425536
98	0.5697618165
99	0.5685614343
100	0.5676974973
101	0.5668284742
102	0.5655225159
103	0.564056462
104	0.5628347645
105	0.5615059402
106	0.5602740486
107	0.5589249545
108	0.5580486487
109	0.557284827
110	0.5564973056
111	0.5552184586
112	0.554280208
113	0.5532207926
114	0.5521663675
115	0.5512799428
116	0.5504748771
117	0.5493734277
118	0.5484287743
119	0.5474783367
120	0.5469021222
121	0.5461854242
122	0.5448252559
123	0.5437023598
124	0.5427897069
125	0.5418134999
126	0.5407741532
127	0.5399469872
128	0.5387946842
129	0.5378515204
130	0.536965567
131	0.5357349935
132	0.5348701565
133	0.53401485
134	0.5328122184
135	0.5319740394
136	0.5310519413
137	0.5302128364
138	0.5293329098
139	0.5280846521
140	0.5271172276
141	0.5260079868
142	0.5249731167
143	0.5238715406
144	0.5224416613
145	0.5213603105
146	0.5203858266
147	0.5192845044
148	0.5182815945
149	0.517525194
150	0.5169555688
151	0.5161659151
152	0.5147345759
153	0.5137737259
154	0.5128843155
155	0.5121756796
156	0.5113077638
157	0.510589195
158	0.5095089456
159	0.5085448728
160	0.507437044
161	0.506300977
162	0.5052055952
163	0.5040613455
164	0.5033133076
165	0.5024580406
166	0.5014929398
167	0.5001715678
168	0.4990189609
169	0.4980471294
170	0.496825209
171	0.4959364189
172	0.4951051121
173	0.494218224
174	0.4931763276
175	0.4920087335
176	0.4909847207
177	0.4898113352
178	0.4889482747
179	0.4880001822
180	0.4870336031
181	0.4862982618
182	0.4851919853
183	0.4841196734
184	0.483056884
185	0.4818637757
186	0.4808081762
187	0.4800460943
188	0.4788533298
189	0.4777789632
190	0.4769098679
191	0.4760629421
192	0.4750876229
193	0.4740400717
194	0.47302608
195	0.4723566284
196	0.4715341989
197	0.4704912813
198	0.4697390463
199	0.4689717045
200	0.4680109721
201	0.4670760728
202	0.4662324967
203	0.4655871505
204	0.4646355892
205	0.4638989702
206	0.4632461407
207	0.4620746521
208	0.4611260442
209	0.4603109419
210	0.459736215
211	0.4588957886
212	0.4580636398
213	0.457158882
214	0.4559073792
215	0.4549308579
216	0.4539553662
217	0.4533028498
218	0.4525255964
219	0.4516160631
220	0.4507189687
221	0.4497100249
222	0.4486757303
223	0.4475504298
224	0.4466786796
225	0.4456791479
226	0.4448303601
227	0.443882954
228	0.443067081
229	0.4421592712
230	0.4416290622
231	0.4409850764
232	0.4403855406
233	0.4395937605
234	0.4386306115
235	0.4378596746
236	0.4369097104
237	0.436127687
238	0.4353489032
239	0.4346257117
240	0.4335373183
241	0.4325741026
242	0.4316793819
243	0.4311173848
244	0.4303578587
245	0.4293172082
246	0.4285013063
247	0.4278761291
248	0.4272211249
249	0.426256231
250	0.4254355695
251	0.4244717343
252	0.4239441492
253	0.423116825
254	0.4224367889
255	0.4217729518
256	0.4211742257
257	0.4204381121
258	0.419744411
259	0.4187905008
260	0.41818638
261	0.4173323562
262	0.4163884004
263	0.4154653839
264	0.4146854542
265	0.4136913423
266	0.4129329647
267	0.4120432793
268	0.4112985054
269	0.4104723401
270	0.4096830525
271	0.4089750929
272	0.4082979883
273	0.407118621
274	0.4063955734
275	0.4057021049
276	0.4050827727
277	0.4043230028
278	0.4036012842
279	0.4027378693
280	0.4020693688
281	0.401305443
282	0.4006658381
283	0.400143502
284	0.3996664202
285	0.3992592852
286	0.3984900188
287	0.3978438352
288	0.3972857809
289	0.3966896173
290	0.3960733279
291	0.3952876816
292	0.3944477514
293	0.3937040118
294	0.3932712552
295	0.3924325092
296	0.3916429059
297	0.390832655
298	0.3899564113
299	0.3893132105
300	0.3885912131
301	0.3879892667
302	0.3873505983
303	0.3866902216
304	0.3862348027
305	0.3854881349
306	0.384825657
307	0.3843741404
308	0.3836507604
309	0.3831376576
310	0.3823867705
311	0.3815139478
312	0.3807051769
313	0.3802255984
314	0.3792567236
315	0.3787938516
316	0.378344132
317	0.3777716298
318	0.3768381741
319	0.3761517746
320	0.375628829
321	0.374891996
322	0.3743744195
323	0.3737051953
324	0.3731182616
325	0.3725091681
326	0.3720017869
327	0.3715334635
328	0.3709531267
329	0.3701800578
330	0.3695324743
331	0.3689412491
332	0.3681701447
333	0.3671340531
334	0.3666937078
335	0.3661226991
336	0.3654889288
337	0.3647567605
338	0.3640597962
339	0.3632775667
340	0.3626359122
341	0.362124956
342	0.3614352492
343	0.3607322628
344	0.3600308215
345	0.3592080591
346	0.3585071463
347	0.3578713352
348	0.357153265
349	0.35656649
350	0.3560799633
351	0.3554441778
352	0.3546876362
353	0.3540756182
354	0.3534985235
355	0.3528732662
356	0.3521733288
357	0.3516222843
358	0.3511879427
359	0.3505591024
360	0.3500255208
361	0.3494240062
362	0.3490018752
363	0.3484817361
364	0.3479501735
365	0.3474797695
366	0.3469146125
367	0.3463491865
368	0.3456619672
369	0.3451627098
370	0.3444856053
371	0.3439686903
372	0.3435109254
373	0.3429467401
374	0.342565845
375	0.3419988953
376	0.3413876098
377	0.3407854895
378	0.3404955751
379	0.3399298556
380	0.3394326005
381	0.3390809008
382	0.3385073664
383	0.3378946785
384	0.3373550924
385	0.3369502459
386	0.3365049769
387	0.3358804714
388	0.335165818
389	0.3345870581
390	0.3341016933
391	0.3334810276
392	0.33295531
393	0.3321687831
394	0.3317787047
395	0.3310919488
396	0.3306475433
397	0.3303164978
398	0.3297244818
399	0.3291784768
400	0.3285551298
401	0.3279649489
402	0.3274936055
403	0.3267829032
404	0.3262661364
405	0.3256936653
406	0.3251421859
407	0.3246439683
408	0.3240567106
409	0.3235726793
410	0.3231508753
411	0.3224063851
412	0.3217860725
413	0.3211639763
414	0.3205957786
415	0.3201137181
416	0.3196384042
417	0.3191050568
418	0.3186147969
419	0.3180297869
420	0.3174513058
421	0.3169461346
422	0.3163455041
423	0.3157842995
424	0.3152895188
425	0.3147621054
426	0.3141011285
427	0.3137776541
428	0.3133585911
429	0.3128574125
430	0.3122775634
431	0.3117104156
432	0.3111726667
433	0.3106545193
434	0.3103365697
435	0.3098490721
436	0.309495515
437	0.3089318137
438	0.3083209307
439	0.3077241644
440	0.3070587184
441	0.3065408779
442	0.3061234078
443	0.3057429912
444	0.3051750488
445	0.3045979264
446	0.3041703088
447	0.3036290214
448	0.3031369804
449	0.3026586041
450	0.3021039245
451	0.301363558
452	0.3009416986
453	0.300502247
454	0.300221614
455	0.2996780759
456	0.2990129863
457	0.2985325258
458	0.298134842
459	0.2975763687
460	0.2970244095
461	0.2966777166
462	0.2962169181
463	0.2957218436
464	0.2952419553
465	0.2948437224
466	0.294337064
467	0.2939205052
468	0.2933791355
469	0.2928212491
470	0.29238867
471	0.2920510958
472	0.2916082803
473	0.2911568519
474	0.2906979998
475	0.2903122373
476	0.2898379384
477	0.2894129262
478	0.2887366746
479	0.2882725126
480	0.2878195282
481	0.2872334035
482	0.286882393
483	0.286190451
484	0.2858372792
485	0.2854408391
486	0.2850127354
487	0.2845915753
488	0.2840591128
489	0.2836239867
490	0.2832296776
491	0.2827531968
492	0.2823240392
493	0.2821009978
494	0.2814959577
495	0.2811492308
496	0.2807529397
497	0.2802962279
498	0.2797465144
499	0.2793932322
500	0.2791221948
501	0.2789028312
502	0.2784445613
503	0.2780747674
504	0.2775479945
505	0.2770695846
506	0.2766026355
507	0.2760718003
508	0.2757235904
509	0.2753375626
510	0.2748837765
511	0.274366613
512	0.2738225871
513	0.2732631619
514	0.2728248658
515	0.2723693739
516	0.2717330897
517	0.2714191176
518	0.2711302252
519	0.2706910645
520	0.2703342224
521	0.2699376861
522	0.2695780745
523	0.2691105315
524	0.2686598171
525	0.2680428855
526	0.2675450923
527	0.2671156912
528	0.2667245689
529	0.2664199236
530	0.2659792493
531	0.2656098852
532	0.2651531642
533	0.2646713248
534	0.2641735073
535	0.2636554107
536	0.2632753757
537	0.2629343955
538	0.2624300286
539	0.2620451732
540	0.2616771632
541	0.2612732955
542	0.2609571571
543	0.2606084191
544	0.2601715603
545	0.2595299596
546	0.2591281072
547	0.2586593641
548	0.2583177321
549	0.2578674429
550	0.2575421913
551	0.2571066131
552	0.2566804882
553	0.2562542218
554	0.2558496271
555	0.2554435948
556	0.2551169097
557	0.254719573
558	0.2543368591
559	0.2539531979
560	0.2535515793
561	0.2531594873
562	0.2529205411
563	0.252477967
564	0.2522415611
565	0.251903144
566	0.2516097204
567	0.2512741861
568	0.2508991012
569	0.2505962047
570	0.2501910493
571	0.2498763086
572	0.2494374325
573	0.2490454232
574	0.2485535573
575	0.2481930676
576	0.2477779523
577	0.2473703921
578	0.2470643122
579	0.2467276731
580	0.2464020223
581	0.2460869102
582	0.2458121042
583	0.245404586
584	0.2450827117
585	0.2448048159
586	0.2444159166
587	0.2440078829
588	0.2437187819
589	0.2433862266
590	0.2430073585
591	0.2425970947
592	0.2422305434
593	0.2419238666
594	0.2415133387
595	0.2411572173
596	0.240749475
597	0.2404728242
598	0.2401855156
599	0.2397696817
600	0.239366706
601	0.2390111576
602	0.2386409842
603	0.2383759018
604	0.2381098707
605	0.2377523373
606	0.2373590814
607	0.2369782774
608	0.2366672742
609	0.2364296074
610	0.2360286119
611	0.2356349012
612	0.2352797517
613	0.2347972611
614	0.2345581598
615	0.2342232823
616	0.2337338064
617	0.2335379625
618	0.2331773649
619	0.2329621791
620	0.2325889741
621	0.2322432262
622	0.2318891801
623	0.2316070782
624	0.2313177638
625	0.2309146706
626	0.2304941666
627	0.2300287869
628	0.2296485937
629	0.2293989302
630	0.229116107
631	0.2287981053
632	0.2284554317
633	0.228120464
634	0.2279646953
635	0.2276294542
636	0.2273266332
637	0.2269726933
638	0.2266731367
639	0.226305707
640	0.2261124652
641	0.2256737081
642	0.2254611969
643	0.2251826327
644	0.2249295348
645	0.2245683303
646	0.224238318
647	0.2239232915
648	0.2237729336
649	0.2233892595
650	0.2231020466
651	0.2227396109
652	0.2224790626
653	0.2222015541
654	0.2219142435
655	0.2215487995
656	0.2211297079
657	0.2208005572
658	0.2205175946
659	0.2202423756
660	0.2198623975
661	0.219506027
662	0.2191176072
663	0.2187987383
664	0.2185468923
665	0.2183089611
666	0.2180319481
667	0.2176378386
668	0.2174017247
669	0.2169881178
670	0.2167271873
671	0.2164141469
672	0.2161522466
673	0.2158693442
674	0.2156556897
675	0.2152905871
676	0.2148845026
677	0.2145163761
678	0.2141477529
679	0.2137690667
680	0.2134409517
681	0.2131194008
682	0.212748099
683	0.2124829137
684	0.2121459477
685	0.2118299486
686	0.2115789377
687	0.2113429812
688	0.2110404471
689	0.2106517094
690	0.2103723825
691	0.2100388206
692	0.2098038786
693	0.2095089177
694	0.2092461502
695	0.2089542579
696	0.2086353434
697	0.2083696064
698	0.2080132055
699	0.2077816647
700	0.2075120246
701	0.2071924275
702	0.2068420741
703	0.2064937351
704	0.2063576361
705	0.2061024856
706	0.2058179305
707	0.2056052242
708	0.2053539847
709	0.2050925678
710	0.2047799651
711	0.2046051004
712	0.2042672846
713	0.2039828714
714	0.2036865757
715	0.2033521972
716	0.2030946984
717	0.2028652776
718	0.2025378527
719	0.2022328024
720	0.2018886618
721	0.2015545232
722	0.2013128039
723	0.2010279363
724	0.2006151038
725	0.2003862719
726	0.2001346224
727	0.1997946568
728	0.1994361762
729	0.1992322181
730	0.1989684233
731	0.1987527313
732	0.1984507893
733	0.1982013841
734	0.1979009211
735	0.1977181483
736	0.1975531987
737	0.1972440668
738	0.1969630693
739	0.1967499504
740	0.1964173569
741	0.1961800775
742	0.1958990607
743	0.1957161103
744	0.1954578736
745	0.1952287462
746	0.194922996
747	0.1946139233
748	0.1943787506
749	0.1940662021
750	0.1937614597
751	0.1935710179
752	0.1932719115
753	0.1930292939
754	0.1927612785
755	0.192477417
756	0.19217442
757	0.191904124
758	0.1916226638
759	0.1913245186
760	0.1911176655
761	0.1907865804
762	0.1905673249
763	0.1903511594
764	0.1901059323
765	0.189811143
766	0.1895102206
767	0.189291312
768	0.1890140887
769	0.1887877764
770	0.1884951852
771	0.1881766422
772	0.1880014797
773	0.1877415988
774	0.187520466
775	0.1873593607
776	0.1870574886
777	0.1868455903
778	0.1865643496
779	0.1862759672
780	0.1860349153
781	0.1857925509
782	0.1856334772
783	0.1854362526
784	0.1851696286
785	0.1848916672
786	0.18465171
787	0.1843605394
788	0.184158466
789	0.1840670442
790	0.1838516536
791	0.1836083523
792	0.1833164001
793	0.1830740997
794	0.1827907684
795	0.1825308972
796	0.1822549997
797	0.1820022554
798	0.1817354449
799	0.1814566974
800	0.1811674432
801	0.1809702176
802	0.1807180584
803	0.1804868046
804	0.1801883112
805	0.1800131305
806	0.1797255666
807	0.1795532198
808	0.1793055457
809	0.1790885944
810	0.1789397385
811	0.1786577068
812	0.1784509085
813	0.1781497065
814	0.1779152774
815	0.1776790499
816	0.1774944178
817	0.1771731257
818	0.1770956707
819	0.1768657425
820	0.1766116575
821	0.1763709412
822	0.17618221
823	0.1759277135
824	0.1756474032
825	0.1754244247
826	0.1752821283
827	0.1750098016
828	0.1747675916
829	0.1744911517
830	0.174211742
831	0.1740478193
832	0.1738308397
833	0.1736266619
834	0.1734067468
835	0.1732592553
836	0.1730623923
837	0.1727995176
838	0.172554775
839	0.1723522214
840	0.1722050991
841	0.1719522948
842	0.1717152528
843	0.1715214695
844	0.1712786692
845	0.1709910069
846	0.1708186907
847	0.1705493856
848	0.1703377423
849	0.1701250868
850	0.1699078318
851	0.1696808271
852	0.1695219665
853	0.1693329723
854	0.169122915
855	0.1689715885
856	0.168718384
857	0.1684372759
858	0.1682091051
859	0.168006957
860	0.1677571554
861	0.1676117108
862	0.1673885456
863	0.1672283726
864	0.1670127878
865	0.1668004532
866	0.1666559348
867	0.1664441108
868	0.1662564013
869	0.1660023552
870	0.1658128924
871	0.1656080285
872	0.1654369548
873	0.1653302392
874	0.1651219249
875	0.1649142365
876	0.1646247401
877	0.1644300976
878	0.1642778235
879	0.1640504701
880	0.1637744885
881	0.1635577834
882	0.1633430631
883	0.1632086242
884	0.163045183
885	0.162757646
886	0.1625448765
887	0.1623523731
888	0.1621938669
889	0.16198483
890	0.1617613892
891	0.1616025834
892	0.1614250669
893	0.1612377118
894	0.1609953862
895	0.1607687725
896	0.1605714001
897	0.1603180678
898	0.1601311951
899	0.1598826414
900	0.1596720269
901	0.1595123423
902	0.1593356938
903	0.1591890028
904	0.1590104903
905	0.1587125052
906	0.1584933144
907	0.158354598
908	0.1581274338
909	0.1579326318
910	0.157694782
911	0.1574669363
912	0.1573168232
913	0.1571830054
914	0.1570064373
915	0.1568403414
916	0.1566305507
917	0.1564836141
918	0.1562890635
919	0.1560600543
920	0.1558964418
921	0.1556777937
922	0.1555129604
923	0.1553361286
924	0.1551777848
925	0.1549276019
926	0.1547087139
927	0.1545664945
928	0.1543742357
929	0.1541929828
930	0.1539960632
931	0.1538264716
932	0.1535930881
933	0.1534661986
934	0.1532650611
935	0.1530786457
936	0.1529812007
937	0.1527566775
938	0.1525928855
939	0.1524188124
940	0.1522586354
941	0.1520553724
942	0.151907746
943	0.1517292708
944	0.1515608461
945	0.1513322034
946	0.1511630892
947	0.1509384093
948	0.1507330915
949	0.1505667775
950	0.1503361927
951	0.1501560274
952	0.1499612839
953	0.1498289463
954	0.1496192912
955	0.1494563673
956	0.1492611623
957	0.1491240101
958	0.1489705615
959	0.148726018
960	0.1485676415
961	0.148496496
962	0.148307106
963	0.1481550724
964	0.1479528979
965	0.1477234722
966	0.1475684269
967	0.1473893066
968	0.1471931701
969	0.146969616
970	0.1467741155
971	0.1466147629
972	0.1464750901
973	0.1463332787
974	0.1462168448
975	0.1460555605
976	0.1458360089
977	0.1457208588
978	0.1455021648
979	0.1453660231
980	0.1451277038
981	0.1449579126
982	0.1447985697
983	0.1446311283
984	0.1444562562
985	0.1442546907
986	0.1441348671
987	0.1438992741
988	0.1437366878
989	0.1436058709
990	0.1434240207
991	0.1432841068
992	0.1431590919
993	0.1429615201
994	0.142793251
995	0.1425646004
996	0.1424073678
997	0.1423061452
998	0.1421304943
999	0.1419208247
1000	0.1418040556
1001	0.141629427
1002	0.1415455276
1003	0.1413840055
1004	0.1412796886
1005	0.1411653742
1006	0.1409977756
1007	0.1408201017
1008	0.1406605451
1009	0.1405261914
1010	0.1403868759
1011	0.140257921
1012	0.1401359565
1013	0.1399930986
1014	0.1398327225
1015	0.1397288278
1016	0.1395381532
1017	0.1394184989
1018	0.1392082274
1019	0.1390556991
1020	0.1389473643
1021	0.1387416613
1022	0.1385580431
1023	0.1383971146
1024	0.1382637034
1025	0.1380803279
1026	0.1378504143
1027	0.1376830698
1028	0.1375518091
1029	0.1373990843
1030	0.1372042021
1031	0.1370279577
1032	0.1368822728
1033	0.1367107344
1034	0.1364665246
1035	0.1362647248
1036	0.1360961041
1037	0.1359177526
1038	0.1357428931
1039	0.1355499038
1040	0.1354098559
1041	0.1352779802
1042	0.1350934277
1043	0.1349132945
1044	0.1347171509
1045	0.1345254445
1046	0.1343365725
1047	0.1341382334
1048	0.1339753654
1049	0.1338397523
1050	0.1336729449
1051	0.1335397579
1052	0.1333985633
1053	0.133256635
1054	0.1331363385
1055	0.1330059907
1056	0.1328613521
1057	0.1327154836
1058	0.1325479341
1059	0.1323718769
1060	0.1322581382
1061	0.1321391088
1062	0.1319825889
1063	0.1318661573
1064	0.1316767339
1065	0.1314728008
1066	0.131337224
1067	0.1312110086
1068	0.1310533283
1069	0.1309057017
1070	0.1307689023
1071	0.1306304797
1072	0.130479337
1073	0.1303462554
1074	0.1301871301
1075	0.1300939825
1076	0.1299438468
1077	0.1298118225
1078	0.1297051285
1079	0.1296204771
1080	0.1294223377
1081	0.1292576888
1082	0.1291320391
1083	0.1290246322
1084	0.1288395289
1085	0.1287223313
1086	0.1285506004
1087	0.1284273256
1088	0.1283073763
1089	0.1281895575
1090	0.1280488491
1091	0.1278968227
1092	0.1277541791
1093	0.1275979751
1094	0.1274302333
1095	0.1272640073
1096	0.1271099203
1097	0.1269633445
1098	0.1268103461
1099	0.1267014349
1100	0.1265655712
1101	0.1264856638
1102	0.1263514174
1103	0.1262588161
1104	0.126107266
1105	0.1259342957
1106	0.1258013345
1107	0.1256668326
1108	0.1254845022
1109	0.1253721521
1110	0.1252052788
1111	0.1250743675
1112	0.1249124697
1113	0.1247571493
1114	0.1245740843
1115	0.1244656009
1116	0.1243520364
1117	0.124219141
1118	0.1240549077
1119	0.1239390105
1120	0.1238302794
1121	0.1236994619
1122	0.1234984616
1123	0.1233238244
1124	0.1232369611
1125	0.1229938243
1126	0.1228692061
1127	0.1227669976
1128	0.1225994105
1129	0.1224490331
1130	0.1223147304
1131	0.122145437
1132	0.1220042655
1133	0.1218709742
1134	0.1217326199
1135	0.1215672308
1136	0.1214332725
1137	0.1212943463
1138	0.1211560839
1139	0.1209990621
1140	0.1208080989
1141	0.1206835903
1142	0.1205503733
1143	0.1203986469
1144	0.1202334503
1145	0.1200951059
1146	0.1199661678
1147	0.1198480125
1148	0.1197200241
1149	0.1195847982
1150	0.119422658
1151	0.1192892395
1152	0.1191801689
1153	0.1190590342
1154	0.1189651649
1155	0.1188284933
1156	0.1186766862
1157	0.1185536431
1158	0.1184181393
1159	0.1183101067
1160	0.1182309874
1161	0.1181421112
1162	0.1179653154
1163	0.1178416148
1164	0.1176817121
1165	0.1175745671
1166	0.1174966844
1167	0.1173415341
1168	0.1171959949
1169	0.1170600684
1170	0.1169256513
1171	0.1168158554
1172	0.1167052411
1173	0.1165889965
1174	0.1164983927
1175	0.116377433
1176	0.116201079
1177	0.1160387036
1178	0.1159253586
1179	0.1157829501
1180	0.1156654786
1181	0.1155372571
1182	0.1153765048
1183	0.1152738358
1184	0.1151601911
1185	0.1150486845
1186	0.1149216983
1187	0.1147823563
1188	0.1146862398
1189	0.1145675348
1190	0.1144455764
1191	0.1143894187
1192	0.1142471615
1193	0.1141380017
1194	0.1139657099
1195	0.1138788756
1196	0.1137658893
1197	0.1135868065
1198	0.1134457601
1199	0.1133672406
1200	0.113205639
1201	0.1130768096
1202	0.1129757907
1203	0.1128535021
1204	0.1127049451
1205	0.1125980825
1206	0.1124443708
1207	0.1123379764
1208	0.1121952541
1209	0.1120840863
1210	0.1119711081
1211	0.1118219852
1212	0.1116797194
1213	0.1115482072
1214	0.1114407514
1215	0.1113119077
1216	0.111181523
1217	0.1110755088
1218	0.1110059387
1219	0.1108569826
1220	0.1107379782
1221	0.1106123517
1222	0.1105023552
1223	0.1104132828
1224	0.1103042646
1225	0.1101940901
1226	0.1100618374
1227	0.1099471695
1228	0.109830425
1229	0.1097258358
1230	0.1096061269
1231	0.1095080341
1232	0.1093883185
1233	0.1092561333
1234	0.1091332229
1235	0.1090287224
1236	0.108925278
1237	0.108744458
1238	0.1086301641
1239	0.1084755589
1240	0.1083748038
1241	0.10825508
1242	0.1081243625
1243	0.1080150204
1244	0.107877106
1245	0.1077719574
1246	0.1076316264
1247	0.1075238985
1248	0.1074312644
1249	0.1073219048
1250	0.1071689955
1251	0.1071050832
1252	0.1069869948
1253	0.1069149792
1254	0.1067668332
1255	0.1066577348
1256	0.1065481705
1257	0.1064298256
1258	0.1063215767
1259	0.1062018995
1260	0.106081868
1261	0.1059647515
1262	0.1058332839
1263	0.1057325631
1264	0.1056255493
1265	0.1055119425
1266	0.1054198656
1267	0.1053213656
1268	0.1052384367
1269	0.1051441112
1270	0.1050171279
1271	0.1049242018
1272	0.1048472694
1273	0.1047421301
1274	0.104593833
1275	0.1044969156
1276	0.1044065376
1277	0.1042888567
1278	0.1041527568
1279	0.1040713236
1280	0.1039750754
1281	0.1038736508
1282	0.1037261286
1283	0.1036313936
1284	0.1035311145
1285	0.10339099
1286	0.1032733578
1287	0.1031483566
1288	0.1030278563
1289	0.1029278162
1290	0.1027955273
1291	0.1026773641
1292	0.1025372413
1293	0.1024370876
1294	0.1022812218
1295	0.1021495677
1296	0.1020415764
1297	0.1019107408
1298	0.1018234911
1299	0.1017272502
1300	0.1016037665
1301	0.1015042838
1302	0.1014182058
1303	0.1013267792
1304	0.1012293812
1305	0.101118827
1306	0.1009789977
1307	0.1008256009
1308	0.1007370128
1309	0.1006253341
1310	0.1004841896
1311	0.1003777736
1312	0.100266509
1313	0.1000964764
1314	0.09995470731
1315	0.09984426893
1316	0.09972772842
1317	0.09963738824
1318	0.09952555565
1319	0.09939792826
1320	0.09929994662
1321	0.09921581539
1322	0.09908260048
1323	0.09898715613
1324	0.09886387652
1325	0.09870387267
1326	0.09856982624
1327	0.09847176023
1328	0.09836510097
1329	0.09823400779
1330	0.09815434083
1331	0.09806914638
1332	0.0979577389
1333	0.09787635369
1334	0.09775987435
1335	0.09768696874
1336	0.09760418566
1337	0.09750357868
1338	0.09737365955
1339	0.09725930615
1340	0.09715208611
1341	0.09702270803
1342	0.09688368639
1343	0.09679542681
1344	0.09672547656
1345	0.09663099092
1346	0.09650786525
1347	0.09643145567
1348	0.09635919752
1349	0.09623023196
1350	0.09612002255
1351	0.09599505596
1352	0.09584915648
1353	0.09572067804
1354	0.09562692844
1355	0.09556531287
1356	0.09544439215
1357	0.09531066661
1358	0.09521671962
1359	0.09509811876
1360	0.09498867225
1361	0.0949142634
1362	0.09483930217
1363	0.09473776681
1364	0.09465891847
1365	0.09455087666
1366	0.0944793833
1367	0.09436927337
1368	0.09426626574
1369	0.09417656946
1370	0.09408613357
1371	0.09396896805
1372	0.09384993779
1373	0.09377200314
1374	0.09365998681
1375	0.0935496882
1376	0.09346736495
1377	0.09341314886
1378	0.09329709558
1379	0.09318271846
1380	0.09310977213
1381	0.09299902681
1382	0.0929214755
1383	0.09280050693
1384	0.09272769713
1385	0.09265364822
1386	0.0925817583
1387	0.09249607757
1388	0.09239857791
1389	0.09227788459
1390	0.09218924923
1391	0.09208921857
1392	0.09198815281
1393	0.09190804984
1394	0.09182662832
1395	0.09171871579
1396	0.09158843588
1397	0.09151024865
1398	0.09140752099
1399	0.09130130404
1400	0.09120351317
1401	0.09112059965
1402	0.09102719193
1403	0.09093400406
1404	0.09085233153
1405	0.09074707959
1406	0.09064137631
1407	0.090545971
1408	0.09047131597
1409	0.09036121203
1410	0.09028510382
1411	0.09021954606
1412	0.09012064285
1413	0.09006390353
1414	0.08996339216
1415	0.08990389602
1416	0.08981579206
1417	0.08969583541
1418	0.08959208891
1419	0.08947103082
1420	0.08934222382
1421	0.08922203557
1422	0.08913009362
1423	0.0890197735
1424	0.08894830848
1425	0.08882752974
1426	0.08873860916
1427	0.08864706702
1428	0.08857680228
1429	0.08851211245
1430	0.08842792173
1431	0.08835395929
1432	0.08826084414
1433	0.0881545509
1434	0.08804447382
1435	0.08793187383
1436	0.08785690294
1437	0.08777377356
1438	0.08769692449
1439	0.08761035189
1440	0.08750787797
1441	0.08741726474
1442	0.08733645092
1443	0.0872708601
1444	0.08715895605
1445	0.08706514474
1446	0.08697497687
1447	0.08687362232
1448	0.08679285425
1449	0.08670925223
1450	0.08659924304
1451	0.08650267418
1452	0.08640866643
1453	0.08631108817
1454	0.08619530877
1455	0.08611731735
1456	0.08605112135
1457	0.08597234269
1458	0.0858680779
1459	0.08573704045
1460	0.08564885548
1461	0.08557273678
1462	0.08546984563
1463	0.08538367977
1464	0.08526210896
1465	0.08512418801
1466	0.08501948679
1467	0.08493802277
1468	0.08485474931
1469	0.0847917408
1470	0.0847069258
1471	0.08461675604
1472	0.0845352916
1473	0.08446609638
1474	0.08437353488
1475	0.08428126679
1476	0.08419025459
1477	0.08408947919
1478	0.08400841876
1479	0.08391667514
1480	0.08382648418
1481	0.08373824948
1482	0.08364368346
1483	0.08356893892
1484	0.08346889934
1485	0.08339212898
1486	0.08330345637
1487	0.08319589191
1488	0.08307344676
1489	0.08296406962
1490	0.08287834376
1491	0.08278386998
1492	0.08269870963
1493	0.08263649519
1494	0.0825539968
1495	0.08248010425
1496	0.08241058435
1497	0.08228510041
1498	0.08220194417
1499	0.08214499109
1500	0.08202225631
1501	0.08194381954
1502	0.08187149486
1503	0.08179753998
1504	0.08170381881
1505	0.08161779944
1506	0.08155831306
1507	0.08148372782
1508	0.0813943409
1509	0.08130699092
1510	0.08120796966
1511	0.08111059372
1512	0.08100510105
1513	0.08085522517
1514	0.08075873827
1515	0.08066078716
1516	0.08057163761
1517	0.08050385768
1518	0.08038465311
1519	0.08029715454
1520	0.08023563006
1521	0.08015840773
1522	0.08007456383
1523	0.07999640231
1524	0.07990661022
1525	0.07982632444
1526	0.07975051667
1527	0.07968796118
1528	0.07961259835
1529	0.07950323705
1530	0.07942726421
1531	0.07934570491
1532	0.07924962547
1533	0.07916552878
1534	0.07908109166
1535	0.07899696338
1536	0.07893899104
1537	0.07887276671
1538	0.07880422819
1539	0.07873288322
1540	0.07863770163
1541	0.07855691373
1542	0.07850645671
1543	0.07842731255
1544	0.07833314928
1545	0.07824021158
1546	0.07815256431
1547	0.07807023215
1548	0.07799755383
1549	0.07792979112
1550	0.07785169875
1551	0.07776420133
1552	0.07768880586
1553	0.07762120108
1554	0.07755154623
1555	0.07748202591
1556	0.07741086153
1557	0.07732297333
1558	0.07725076934
1559	0.07717949897
1560	0.07708794949
1561	0.07700494152
1562	0.07693458212
1563	0.07685684329
1564	0.07677317935
1565	0.0766940438
1566	0.07660873738
1567	0.07650871669
1568	0.0764393137
1569	0.07636753039
1570	0.07629306079
1571	0.07622302156
1572	0.07615667728
1573	0.07607593534
1574	0.07598441178
1575	0.0759179824
1576	0.07585424898
1577	0.07576660172
1578	0.07572169392
1579	0.07564044733
1580	0.0755692712
1581	0.07548582816
1582	0.07542921676
1583	0.07535630066
1584	0.07526954484
1585	0.07519646356
1586	0.07514460784
1587	0.07505206354
1588	0.07497582794
1589	0.07491938445
1590	0.07484570492
1591	0.07477636824
1592	0.07471216711
1593	0.07464370866
1594	0.07457405413
1595	0.07451142822
1596	0.07443772582
1597	0.07436355098
1598	0.07429329547
1599	0.07421365485
1600	0.07414695631
1601	0.07407731584
1602	0.07398675644
1603	0.07391572691
1604	0.0738370938
1605	0.07374850314
1606	0.07367203385
1607	0.07356950336
1608	0.07349796929
1609	0.07341924278
1610	0.07335563686
1611	0.07325812555
1612	0.07319007321
1613	0.07311192596
1614	0.07300819058
1615	0.07293827013
1616	0.07285991531
1617	0.07279142318
1618	0.07270237174
1619	0.07263702836
1620	0.07256200836
1621	0.07250014881
1622	0.07243151081
1623	0.07237221311
1624	0.07228611871
1625	0.07219476494
1626	0.07213743587
1627	0.07204688204
1628	0.07198347025
1629	0.07191357478
1630	0.07183709499
1631	0.07176597028
1632	0.07171397551
1633	0.07164977837
1634	0.07157284903
1635	0.07149260806
1636	0.07140026472
1637	0.07132704755
1638	0.07124407432
1639	0.0711466797
1640	0.07109205446
1641	0.07103459999
1642	0.07093728313
1643	0.0708670061
1644	0.0707933951
1645	0.07072805939
1646	0.07066770286
1647	0.07057942188
1648	0.07051169169
1649	0.07043672531
1650	0.07035459893
1651	0.07030232985
1652	0.07022650624
1653	0.07015529726
1654	0.0700962129
1655	0.07003844246
1656	0.06996877554
1657	0.06990483603
1658	0.06983589822
1659	0.06976260675
1660	0.06969831716
1661	0.06963028035
1662	0.06956156595
1663	0.06947674172
1664	0.06941400899
1665	0.0693461832
1666	0.06928191019
1667	0.0691920542
1668	0.06911854404
1669	0.06908369117
1670	0.06900925242
1671	0.06893970398
1672	0.06886498389
1673	0.06880104573
1674	0.06872739108
1675	0.06865190557
1676	0.06859248247
1677	0.06851554935
1678	0.06845977672
1679	0.06840340069
1680	0.06832000865
1681	0.06826958543
1682	0.06821300184
1683	0.06815530916
1684	0.06809484644
1685	0.06800813312
1686	0.06792431902
1687	0.06785927576
1688	0.06779074291
1689	0.06772458732
1690	0.06765238479
1691	0.06757647586
1692	0.06751017608
1693	0.06745143245
1694	0.06738185893
1695	0.06732372971
1696	0.0672550512
1697	0.06717759749
1698	0.06710947473
1699	0.06704005284
1700	0.06698254622
1701	0.06691722635
1702	0.0668502365
1703	0.06679886884
1704	0.06674146978
1705	0.06667530736
1706	0.06659240958
1707	0.06653576743
1708	0.06647120059
1709	0.06639538023
1710	0.06632442363
1711	0.0662434652
1712	0.06619083136
1713	0.06613024114
1714	0.06605387825
1715	0.06599033446
1716	0.06592984592
1717	0.06587033173
1718	0.06579972373
1719	0.06572619395
1720	0.06566498911
1721	0.06559828868
1722	0.06555537082
1723	0.06550574922
1724	0.06544901682
1725	0.06539965704
1726	0.06531963791
1727	0.06525803693
1728	0.06519163201
1729	0.06509995576
1730	0.06505734715
1731	0.06498177685
1732	0.06492538089
1733	0.06486112299
1734	0.06478725982
1735	0.06472581331
1736	0.06466436355
1737	0.0646111239
1738	0.06453938268
1739	0.06448818827
1740	0.06441676239
1741	0.06436242384
1742	0.06430007685
1743	0.06423540581
1744	0.06417753411
1745	0.06412650005
1746	0.06408023782
1747	0.06402019611
1748	0.06394756323
1749	0.06389419399
1750	0.06383166756
1751	0.06377392493
1752	0.06369711018
1753	0.06362096997
1754	0.06356112607
1755	0.06350347494
1756	0.06344874508
1757	0.0633992431
1758	0.06333002259
1759	0.06327056885
1760	0.06321341324
1761	0.06314936616
1762	0.06309141512
1763	0.06302430565
1764	0.06295631018
1765	0.06290623567
1766	0.06283361402
1767	0.06277975671
1768	0.06271154077
1769	0.06265438002
1770	0.06259905631
1771	0.06250778963
1772	0.06244798981
1773	0.06240186116
1774	0.06231903694
1775	0.06225702796
1776	0.06219132822
1777	0.06213276078
1778	0.06207150179
1779	0.06200022765
1780	0.06193723141
1781	0.06186328052
1782	0.06181619337
1783	0.06173175563
1784	0.06168414075
1785	0.06163702727
1786	0.0615833919
1787	0.06152887044
1788	0.06145308188
1789	0.06140568475
1790	0.06133464
1791	0.06127652914
1792	0.06121870802
1793	0.06115842264
1794	0.06107276825
1795	0.0610064435
1796	0.06094237396
1797	0.06089176552
1798	0.06083707826
1799	0.06078238554
1800	0.06072747382
1801	0.06066595406
1802	0.06062193372
1803	0.06056651935
1804	0.06050509624
1805	0.06044664171
1806	0.06037510019
1807	0.06032381973
1808	0.06026977101
1809	0.06019792297
1810	0.0601232522
1811	0.06007648658
1812	0.06002530183
1813	0.05996617591
1814	0.05989806344
1815	0.05984216215
1816	0.05977227109
1817	0.05971848839
1818	0.05965468193
1819	0.05959191866
1820	0.0595400453
1821	0.05948615767
1822	0.0594193331
1823	0.0593423708
1824	0.05928771177
1825	0.05921149841
1826	0.05915106088
1827	0.05909399888
1828	0.05905362575
1829	0.05900942943
1830	0.05894726756
1831	0.05889077642
1832	0.05884169
1833	0.05879877707
1834	0.05874525315
1835	0.05869487222
1836	0.05862624051
1837	0.05857337686
1838	0.05850860267
1839	0.05845453769
1840	0.05840629591
1841	0.05834885813
1842	0.05829499001
1843	0.05824748972
1844	0.05818563269
1845	0.05812229678
1846	0.0580708862
1847	0.05802216255
1848	0.05797946296
1849	0.05792237881
1850	0.05787009431
1851	0.05781679926
1852	0.05776173233
1853	0.05770332387
1854	0.0576488277
1855	0.05759489463
1856	0.05752677869
1857	0.0574760862
1858	0.05740657228
1859	0.05735760151
1860	0.05729891444
1861	0.05723257699
1862	0.05716054089
1863	0.05710575168
1864	0.05706800394
1865	0.05698882384
1866	0.0569265063
1867	0.05686665552
1868	0.05681966361
1869	0.05674725325
1870	0.05670756773
1871	0.0566704322
1872	0.05660782067
1873	0.05655305701
1874	0.05648816555
1875	0.05644311006
1876	0.05638340367
1877	0.05632221835
1878	0.05627968734
1879	0.05620221972
1880	0.05615384919
1881	0.05610825079
1882	0.05605030207
1883	0.05597575822
1884	0.0559262117
1885	0.05588353268
1886	0.05580997205
1887	0.05575495182
1888	0.05569045503
1889	0.05564798105
1890	0.05557521852
1891	0.0555314173
1892	0.05548858029
1893	0.05541715257
1894	0.05536938301
1895	0.05529695109
1896	0.05525138838
1897	0.05518952894
1898	0.05513114939
1899	0.05509136119
1900	0.05501970481
1901	0.05495854373
1902	0.05491305898
1903	0.05485971854
1904	0.0548075044
1905	0.05476545537
1906	0.0547119845
1907	0.05467138733
1908	0.05458865262
1909	0.05452618333
1910	0.05447146543
1911	0.05439728514
1912	0.05434765048
1913	0.05429048081
1914	0.05423344383
1915	0.05418266214
1916	0.05413727189
1917	0.05409434627
1918	0.05402608704
1919	0.0539725383
1920	0.05393183709
1921	0.05388913214
1922	0.05384496096
1923	0.05381059578
1924	0.0537493443
1925	0.05368553312
1926	0.05363071521
1927	0.05356498514
1928	0.05351175053
1929	0.05345329968
1930	0.05340995771
1931	0.05336630371
1932	0.05330554732
1933	0.05325003661
1934	0.05320282658
1935	0.05316126042
1936	0.05311439632
1937	0.05306764629
1938	0.05300366469
1939	0.05294213407
1940	0.05289572231
1941	0.05282591577
1942	0.05278253225
1943	0.05273637669
1944	0.05265851985
1945	0.05261386448
1946	0.05256413873
1947	0.05251883248
1948	0.05247579987
1949	0.05242958324
1950	0.05236957595
1951	0.05233384469
1952	0.05226060564
1953	0.05220940295
1954	0.05216073402
1955	0.05211631455
1956	0.05207357167
1957	0.05202866681
1958	0.05198174332
1959	0.05192920219
1960	0.05187323721
1961	0.05182905427
1962	0.05176562963
1963	0.05172287479
1964	0.05167397531
1965	0.05163092108
1966	0.05158817495
1967	0.0515402651
1968	0.05148279121
1969	0.05142349561
1970	0.05138061322
1971	0.05134206155
1972	0.05129786591
1973	0.05124227587
1974	0.05119839998
1975	0.05113315609
1976	0.05107810815
1977	0.0510175905
1978	0.05098174114
1979	0.0509335575
1980	0.05088042725
1981	0.05083429147
1982	0.05079347735
1983	0.05074985934
1984	0.05069027888
1985	0.05063952778
1986	0.05059354369
1987	0.05054066603
1988	0.0505015625
1989	0.05045134842
1990	0.05041654387
1991	0.05038200523
1992	0.0503451395
1993	0.05030241378
1994	0.05026253082
1995	0.05021163695
1996	0.05015484207
1997	0.05009973123
1998	0.05004985966
1999	0.05000820761
2000	0.04996212682
2001	0.0499196817
2002	0.04987120565
2003	0.04983002567
2004	0.04977359791
2005	0.04972695538
2006	0.04965617781
2007	0.04961588974
2008	0.04957694413
2009	0.04953684521
2010	0.04949503712
2011	0.04945507656
2012	0.04941409742
2013	0.04937307248
2014	0.04932946937
2015	0.04929021924
2016	0.04919697743
2017	0.04916035373
2018	0.04910735775
2019	0.04904543225
2020	0.04901197568
2021	0.048971545
2022	0.04891678764
2023	0.04887504157
2024	0.04883393121
2025	0.04879673707
2026	0.04872707535
2027	0.04869052526
2028	0.04865283446
2029	0.04860507933
2030	0.04854138138
2031	0.04849165368
2032	0.0484540155
2033	0.04839603461
2034	0.04835398306
2035	0.0482799394
2036	0.0482431476
2037	0.04820346082
2038	0.04813296343
2039	0.04809785508
2040	0.04805995907
2041	0.04802490933
2042	0.04797943277
2043	0.04794421981
2044	0.04790284983
2045	0.04785614272
2046	0.0478115969
2047	0.04777521047
2048	0.04773529399
2049	0.04769453118
2050	0.0476551068
2051	0.04759802659
2052	0.04755879561
2053	0.04751211027
2054	0.04747794243
2055	0.0474469243
2056	0.0474062413
2057	0.04734680943
2058	0.0473077972
2059	0.04727003435
2060	0.04723123367
2061	0.04719140785
2062	0.0471558468
2063	0.04711069691
2064	0.04706914287
2065	0.04702390164
2066	0.04698528313
2067	0.04693974471
2068	0.04688304841
2069	0.04682855717
2070	0.04677012064
2071	0.04671107285
2072	0.04666576734
2073	0.04662301402
2074	0.04657950032
2075	0.04651867939
2076	0.04647160993
2077	0.04641956117
2078	0.04637338179
2079	0.04633802191
2080	0.04630378319
2081	0.04627001558
2082	0.04623245773
2083	0.04619603929
2084	0.0461637266
2085	0.04612136359
2086	0.04608995515
2087	0.04605343765
2088	0.04600622006
2089	0.04596986669
2090	0.04591806611
2091	0.04587349243
2092	0.04581813142
2093	0.04576049756
2094	0.04571965457
2095	0.04567062734
2096	0.04561378419
2097	0.04557178689
2098	0.04554064152
2099	0.04550450279
2100	0.04546674178
2101	0.04542948862
2102	0.04538831556
2103	0.04534340844
2104	0.04531630312
2105	0.04527906197
2106	0.04522725866
2107	0.04518449044
2108	0.04514701371
2109	0.04511342848
2110	0.04507657607
2111	0.04503324481
2112	0.04498172331
2113	0.04494268988
2114	0.04489024293
2115	0.04483108469
2116	0.04478437936
2117	0.04474067447
2118	0.04469474547
2119	0.04466189727
2120	0.04462827879
2121	0.04459050833
2122	0.04456265549
2123	0.04452920264
2124	0.04449173577
2125	0.04442317191
2126	0.04438661296
2127	0.04435328819
2128	0.04431754886
2129	0.04428433879
2130	0.04423807205
2131	0.04420439668
2132	0.0441746973
2133	0.04414158514
2134	0.04409093079
2135	0.04405908748
2136	0.04400817987
2137	0.0439680853
2138	0.04392939528
2139	0.04389150561
2140	0.04385847562
2141	0.04382243144
2142	0.04378598955
2143	0.04374638641
2144	0.04370731603
2145	0.04366954143
2146	0.0436322827
2147	0.04360169697
2148	0.04354406001
2149	0.04349522854
2150	0.04346190724
2151	0.04341871648
2152	0.04338431138
2153	0.0433493021
2154	0.04331317088
2155	0.04327673066
2156	0.04323334126
2157	0.04320074912
2158	0.04316836365
2159	0.04312615857
2160	0.04309620346
2161	0.04305790265
2162	0.04300913477
2163	0.04297205459
2164	0.04293791247
2165	0.04290552868
2166	0.04287261957
2167	0.04284244996
2168	0.04280470689
2169	0.04276820214
2170	0.0427374356
2171	0.04270560667
2172	0.04267175401
2173	0.04264451595
2174	0.04260475173
2175	0.04254374553
2176	0.04250093875
2177	0.04245734042
2178	0.04239261413
2179	0.04236279711
2180	0.04233318552
2181	0.04230276511
2182	0.04226628707
2183	0.0422345264
2184	0.04220438696
2185	0.04215307513
2186	0.04211155168
2187	0.04207794311
2188	0.04203839705
2189	0.04200852589
2190	0.04197964927
2191	0.04194771425
2192	0.04191050033
2193	0.04187341129
2194	0.04182013087
2195	0.04177183448
2196	0.04174459432
2197	0.04171785424
2198	0.04166368768
2199	0.04163462023
2200	0.04158412424
2201	0.0415412611
2202	0.04151078581
2203	0.04148131462
2204	0.04144216659
2205	0.04139179805
2206	0.04136236327
2207	0.04133525853
2208	0.04129692828
2209	0.04126837503
2210	0.0412366609
2211	0.0412083445
2212	0.04117138993
2213	0.04113556838
2214	0.04108413099
2215	0.04104780731
2216	0.0410151563
2217	0.04098666465
2218	0.04095872229
2219	0.04089595871
2220	0.04085664467
2221	0.04082923262
2222	0.04078679107
2223	0.04075814558
2224	0.04072019683
2225	0.04069164883
2226	0.0406286728
2227	0.04059497755
2228	0.04055368255
2229	0.04052229126
2230	0.04046567409
2231	0.04042935277
2232	0.0403995462
2233	0.04036817715
2234	0.04030023678
2235	0.04025919421
2236	0.04023416545
2237	0.04020639399
2238	0.04015222507
2239	0.04012191547
2240	0.04009547426
2241	0.0400414481
2242	0.04001406239
2243	0.03997828633
2244	0.03994559177
2245	0.03991744421
2246	0.03988917723
2247	0.03985990007
2248	0.0398115448
2249	0.03978172364
2250	0.0397576493
2251	0.03971925908
2252	0.0396765066
2253	0.03964780806
2254	0.03961550444
2255	0.03957909335
2256	0.0395493892
2257	0.03951449986
2258	0.03948157317
2259	0.0394457989
2260	0.03942128171
2261	0.03936974185
2262	0.03933347699
2263	0.03930630981
2264	0.03927438412
2265	0.03924323534
2266	0.03919772762
2267	0.03916556462
2268	0.03913509032
2269	0.03910692529
2270	0.03907496755
2271	0.03902926443
2272	0.03900019615
2273	0.03896039997
2274	0.03890975308
2275	0.0388820834
2276	0.03883688551
2277	0.03880569591
2278	0.03877156873
2279	0.03874412184
2280	0.03871304311
2281	0.0386869867
2282	0.03865140262
2283	0.03861614878
2284	0.03857331025
2285	0.03854299893
2286	0.0385140328
2287	0.03848463979
2288	0.03845914579
2289	0.03841883296
2290	0.03839383568
2291	0.03836267085
2292	0.03833256032
2293	0.0382783616
2294	0.03824675954
2295	0.03820459151
2296	0.03817677666
2297	0.03815183747
2298	0.03811652009
2299	0.03806507892
2300	0.03803681782
2301	0.03801016635
2302	0.03796754384
2303	0.03793186857
2304	0.03790087725
2305	0.0378721859
2306	0.03784850413
2307	0.03780425051
2308	0.03776859277
2309	0.0377257662
2310	0.03769758034
2311	0.03766912489
2312	0.03764448708
2313	0.03761427844
2314	0.03758228838
2315	0.0375595268
2316	0.03752608665
2317	0.03747934979
2318	0.03744821329
2319	0.03742363257
2320	0.03739697916
2321	0.03736880794
2322	0.03732014358
2323	0.03729516352
2324	0.03725722841
2325	0.03722582988
2326	0.0371940721
2327	0.0371411778
2328	0.03711667704
2329	0.03707966277
2330	0.03704994891
2331	0.03701649533
2332	0.03698723931
2333	0.03695682347
2334	0.03692476777
2335	0.03690015168
2336	0.03686928067
2337	0.03684136098
2338	0.03681922116
2339	0.03678729459
2340	0.03674843356
2341	0.03671974851
2342	0.03669039428
2343	0.03666365419
2344	0.03663397428
2345	0.03658749347
2346	0.03656613774
2347	0.03653325387
2348	0.03650324671
2349	0.03647703452
2350	0.03644956061
2351	0.03642340078
2352	0.03639683206
2353	0.03636697764
2354	0.03633550638
2355	0.03630102085
2356	0.03627911058
2357	0.03625407553
2358	0.0362123008
2359	0.03618427177
2360	0.03615696733
2361	0.03611242362
2362	0.03608660132
2363	0.03604801666
2364	0.03601838255
2365	0.03599064823
2366	0.0359592198
2367	0.03592866995
2368	0.03589115428
2369	0.0358655628
2370	0.03584338635
2371	0.03581269154
2372	0.03579051084
2373	0.03575593627
2374	0.03571137072
2375	0.03567366701
2376	0.03565087468
2377	0.03561178296
2378	0.03557417725
2379	0.03555294672
2380	0.0355212211
2381	0.0354935678
2382	0.03546594655
2383	0.03543651183
2384	0.03540749014
2385	0.03538538652
2386	0.03535632212
2387	0.03532307705
2388	0.03528727465
2389	0.03525450411
2390	0.03521620257
2391	0.03518801917
2392	0.03516332092
2393	0.03512639342
2394	0.03509830605
2395	0.0350747428
2396	0.0350515515
2397	0.03502586767
2398	0.03497519412
2399	0.03494276227
2400	0.03491846661
2401	0.03489321334
2402	0.03485775125
2403	0.03482887086
2404	0.03478636419
2405	0.0347608321
2406	0.03473007228
2407	0.03470640908
2408	0.03468110161
2409	0.03465961833
2410	0.03463397999
2411	0.03461131139
2412	0.03458352644
2413	0.03453766072
2414	0.03449425059
2415	0.03446136551
2416	0.03443325148
2417	0.03440521075
2418	0.0343783374
2419	0.03433122014
2420	0.03430668952
2421	0.03428496866
2422	0.03426479648
2423	0.03423672552
2424	0.03421258727
2425	0.03418560321
2426	0.03416487669
2427	0.03414141109
2428	0.03411824844
2429	0.03409413663
2430	0.03407102141
2431	0.03404491914
2432	0.03401681246
2433	0.0339831766
2434	0.03395660872
2435	0.03393079755
2436	0.03390522852
2437	0.03387756478
2438	0.03385273776
2439	0.0338292645
2440	0.03380495798
2441	0.03377299535
2442	0.03374707804
2443	0.03372632801
2444	0.03369986885
2445	0.03367540408
2446	0.03365252146
2447	0.03363427703
2448	0.03360881509
2449	0.03358322078
2450	0.03354901443
2451	0.03352266597
2452	0.0334972553
2453	0.03347152949
2454	0.03344521745
2455	0.03341538611
2456	0.03339683558
2457	0.03337315286
2458	0.03334435485
2459	0.03330496436
2460	0.0332813827
2461	0.03325627036
2462	0.03321723483
2463	0.03317940854
2464	0.0331562608
2465	0.03312373681
2466	0.03310177895
2467	0.03307705693
2468	0.03305451603
2469	0.03302815961
2470	0.03300284332
2471	0.03297739109
2472	0.03294961674
2473	0.03292977579
2474	0.03290507449
2475	0.03288209564
2476	0.03286062092
2477	0.03284138032
2478	0.03280954331
2479	0.03278579227
2480	0.03276438513
2481	0.03274588922
2482	0.03272346638
2483	0.03270212272
2484	0.03267965219
2485	0.0326569922
2486	0.03263278279
2487	0.03261427587
2488	0.03259165779
2489	0.03257220291
2490	0.03255217848
2491	0.03253007801
2492	0.03250334281
2493	0.03248187627
2494	0.03246238188
2495	0.0324336103
2496	0.03241260381
2497	0.03239238514
2498	0.03237113304
2499	0.03234854556
2500	0.03232283812
2501	0.03230157169
2502	0.03226467484
2503	0.03223889195
2504	0.03221418026
2505	0.03218678626
2506	0.03216829209
2507	0.03214565161
2508	0.03212381154
2509	0.03210454471
2510	0.03208066932
2511	0.03206173199
2512	0.03202750098
2513	0.03200589593
2514	0.03198511337
2515	0.03196321507
2516	0.03194138334
2517	0.03192195008
2518	0.03190242557
2519	0.03188136687
2520	0.03185927658
2521	0.03183619458
2522	0.03181524176
2523	0.03179612751
2524	0.03177199686
2525	0.03175242083
2526	0.03172773175
2527	0.0317044117
2528	0.0316810737
2529	0.03166076562
2530	0.03164337843
2531	0.03161886345
2532	0.03159442969
2533	0.03157634745
2534	0.03155860336
2535	0.03152897618
2536	0.03149316539
2537	0.03147162109
2538	0.03145195685
2539	0.03143189417
2540	0.03139498903
2541	0.03137399928
2542	0.031352278
2543	0.03132275156
2544	0.03130188259
2545	0.03126781072
2546	0.03124703656
2547	0.03122167378
2548	0.03119687699
2549	0.03117771452
2550	0.03116087243
2551	0.03113720634
2552	0.03110319051
2553	0.03108420396
2554	0.03106209205
2555	0.03104562758
2556	0.03102203464
2557	0.03099914378
2558	0.03097914474
2559	0.03093994844
2560	0.03091801446
2561	0.0308921143
2562	0.03087265464
2563	0.03085378426
2564	0.03082379295
2565	0.03080556216
2566	0.03078328335
2567	0.0307618908
2568	0.03072838317
2569	0.03069744306
2570	0.03067656622
2571	0.03065784118
2572	0.03062583475
2573	0.03060297295
2574	0.03056809773
2575	0.03054912499
2576	0.03053068328
2577	0.03050233125
2578	0.03047877214
2579	0.03046123148
2580	0.03044282393
2581	0.03042302884
2582	0.03040364295
2583	0.03036895809
2584	0.03035002228
2585	0.03033196963
2586	0.03030951594
2587	0.03029000014
2588	0.03027149463
2589	0.03024970431
2590	0.0302320618
2591	0.0302116077
2592	0.03018646168
2593	0.03016543199
2594	0.03014009058
2595	0.03010965401
2596	0.0300888394
2597	0.03005781145
2598	0.0300368558
2599	0.03001954181
2600	0.02999432123
2601	0.02997382798
2602	0.02995522278
2603	0.02993588973
2604	0.02990603604
2605	0.02987506875
2606	0.02985735956
2607	0.02983699324
2608	0.02981832592
2609	0.0297956336
2610	0.02976540571
2611	0.02974770722
2612	0.02972721849
2613	0.02970278793
2614	0.02967820658
2615	0.02965753536
2616	0.0296396919
2617	0.02962333211
2618	0.02960616287
2619	0.0295900416
2620	0.02957509752
2621	0.02955432509
2622	0.0295246403
2623	0.02950420876
2624	0.02948899898
2625	0.02947264842
2626	0.02944956227
2627	0.02943130068
2628	0.02941277209
2629	0.02939711653
2630	0.02937670178
2631	0.02935614484
2632	0.02934014781
2633	0.02932337782
2634	0.02930820377
2635	0.02929267466
2636	0.02927650852
2637	0.02925597845
2638	0.02924024455
2639	0.02921127182
2640	0.02919140185
2641	0.02916955827
2642	0.02914122366
2643	0.02912081167
2644	0.02909526137
2645	0.02907698969
2646	0.02905975812
2647	0.02904430082
2648	0.02902758943
2649	0.02900826291
2650	0.02898481242
2651	0.02896869101
2652	0.02895342448
2653	0.02893463992
2654	0.02891497815
2655	0.02889794221
2656	0.02887549676
2657	0.02886085094
2658	0.02884213899
2659	0.02882358419
2660	0.02880396104
2661	0.02878072727
2662	0.02876210724
2663	0.02874227254
2664	0.02872245641
2665	0.02869919745
2666	0.02868484493
2667	0.02866491416
2668	0.0286453588
2669	0.02862878624
2670	0.02860985177
2671	0.02859028258
2672	0.02856256834
2673	0.02853490549
2674	0.02850692491
2675	0.02848929461
2676	0.0284715931
2677	0.02845196339
2678	0.02843247829
2679	0.02841371012
2680	0.02839539748
2681	0.0283809091
2682	0.02835672514
2683	0.02834046204
2684	0.02832114927
2685	0.02830703079
2686	0.02828471061
2687	0.02826203933
2688	0.02823548858
2689	0.02820823591
2690	0.02818790952
2691	0.0281698623
2692	0.02815308338
2693	0.02813456386
2694	0.0281159224
2695	0.02809727113
2696	0.02807497231
2697	0.02805942226
2698	0.02804506484
2699	0.02803087429
2700	0.02801665289
2701	0.02800230063
2702	0.02798598818
2703	0.02797121271
2704	0.02795547785
2705	0.02793947334
2706	0.02792451497
2707	0.02790239954
2708	0.02788833943
2709	0.02787335912
2710	0.0278592866
2711	0.02784550405
2712	0.02783062459
2713	0.02781623361
2714	0.02780212247
2715	0.02778721331
2716	0.02777329864
2717	0.02775198641
2718	0.02773804551
2719	0.02772347264
2720	0.02770402681
2721	0.02768934316
2722	0.02766338565
2723	0.02764953699
2724	0.02762201877
2725	0.02760618888
2726	0.02758944572
2727	0.02756343459
2728	0.0275484477
2729	0.02753027972
2730	0.02750351099
2731	0.02748626982
2732	0.02747183028
2733	0.02745749919
2734	0.02744179072
2735	0.02742742671
2736	0.027406745
2737	0.02738598621
2738	0.02737021572
2739	0.02735635992
2740	0.02733547094
2741	0.02731803125
2742	0.02730490147
2743	0.0272903662
2744	0.02727651323
2745	0.02726139031
2746	0.02724580454
2747	0.02723150719
2748	0.0272178769
2749	0.02719687335
2750	0.02717504425
2751	0.02716178502
2752	0.02714808254
2753	0.02713231721
2754	0.0271155064
2755	0.02710171946
2756	0.02708274349
2757	0.02706951294
2758	0.02705588499
2759	0.02704232976
2760	0.02702862056
2761	0.02701487182
2762	0.02699593111
2763	0.02698048223
2764	0.02696745809
2765	0.0269454364
2766	0.02692044432
2767	0.02690768218
2768	0.02689424837
2769	0.02688033278
2770	0.02686680504
2771	0.02685339201
2772	0.02683818931
2773	0.02682500847
2774	0.02680888334
2775	0.02679018183
2776	0.02677662049
2777	0.02676400833
2778	0.02675072909
2779	0.02673717722
2780	0.02672422268
2781	0.02671035683
2782	0.02669508511
2783	0.02668135487
2784	0.02666797827
2785	0.02665507849
2786	0.0266422318
2787	0.02662949385
2788	0.02661607291
2789	0.02660333224
2790	0.02658990458
2791	0.02657649273
2792	0.02656242603
2793	0.02654759153
2794	0.02653437945
2795	0.02652173154
2796	0.02650832193
2797	0.02649600646
2798	0.02648289512
2799	0.02647000554
2800	0.02645685999
2801	0.02644399546
2802	0.02643075383
2803	0.02641610681
2804	0.02640330959
2805	0.02639046857
2806	0.02637708019
2807	0.02636388996
2808	0.02635119955
2809	0.02633855893
2810	0.02632579682
2811	0.02631281996
2812	0.02630000244
2813	0.02628690637
2814	0.02627459927
2815	0.02626164315
2816	0.0262486235
2817	0.02622965726
2818	0.02621614463
2819	0.02620362044
2820	0.02618444994
2821	0.0261717333
2822	0.02615880163
2823	0.0261465931
2824	0.02613298939
2825	0.02611422809
2826	0.02610176663
2827	0.026088867
2828	0.02607655048
2829	0.02606443258
2830	0.02605180883
2831	0.02603930872
2832	0.02602682381
2833	0.02601377577
2834	0.02599864962
2835	0.02598612879
2836	0.02597427515
2837	0.02596106551
2838	0.0259488709
2839	0.02593645482
2840	0.0259241791
2841	0.0259119416
2842	0.02589913429
2843	0.02588721401
2844	0.02587502124
2845	0.02586252056
2846	0.02585018397
2847	0.02583808859
2848	0.0258241003
2849	0.02581273694
2850	0.02579999804
2851	0.02578688452
2852	0.02577376544
2853	0.02576009126
2854	0.02574720827
2855	0.02573522262
2856	0.0257228317
2857	0.02570850943
2858	0.02569664238
2859	0.02568411271
2860	0.02567108715
2861	0.0256587953
2862	0.0256462449
2863	0.02563406278
2864	0.02562203959
2865	0.02561001805
2866	0.02559819191
2867	0.0255848003
2868	0.02557184474
2869	0.02555805691
2870	0.02554636068
2871	0.02553381299
2872	0.02552240274
2873	0.02550957866
2874	0.02549594924
2875	0.02548405533
2876	0.02547194935
2877	0.0254602693
2878	0.02544802107
2879	0.02543514505
2880	0.02542336868
2881	0.02541177088
2882	0.02539979648
2883	0.02538707921
2884	0.02537590454
2885	0.02536400903
2886	0.02535152643
2887	0.02534034324
2888	0.02532884515
2889	0.02531686727
2890	0.02530472836
2891	0.02529273261
2892	0.02528117734
2893	0.02526791853
2894	0.02525585837
2895	0.02524364942
2896	0.02523200075
2897	0.02522062009
2898	0.02520821532
2899	0.02519687664
2900	0.02518555425
2901	0.02517369733
2902	0.025162
2903	0.02515046372
2904	0.02513786468
2905	0.02512481071
2906	0.02511335503
2907	0.02510203101
2908	0.02508967215
2909	0.02507826177
2910	0.02506673126
2911	0.02505491238
2912	0.02504413512
2913	0.0250316357
2914	0.02502019858
2915	0.02500872791
2916	0.02499608693
2917	0.02498382713
2918	0.02497109034
2919	0.02495952793
2920	0.02494825032
2921	0.02493502677
2922	0.02492315878
2923	0.0249119544
2924	0.02489812473
2925	0.02488554652
2926	0.02487326977
2927	0.02486150308
2928	0.02484951638
2929	0.02483696443
2930	0.02482546855
2931	0.02481443773
2932	0.02480206946
2933	0.02479044985
2934	0.02477789733
2935	0.02476607859
2936	0.02475333584
2937	0.02474178392
2938	0.02473054325
2939	0.02471954835
2940	0.02470834965
2941	0.02469677656
2942	0.02468527628
2943	0.02467292243
2944	0.02466048862
2945	0.02464844488
2946	0.02463735598
2947	0.02462486611
2948	0.02461340048
2949	0.02460244537
2950	0.02459107371
2951	0.0245797743
2952	0.02456862891
2953	0.02455711562
2954	0.02454423574
2955	0.02453308867
2956	0.02452146857
2957	0.02450984688
2958	0.0244983846
2959	0.02448695874
2960	0.02447538959
2961	0.02446345114
2962	0.0244519369
2963	0.02444039233
2964	0.02442890655
2965	0.02441753838
2966	0.0244063353
2967	0.02439497217
2968	0.0243836694
2969	0.02437131002
2970	0.02435956625
2971	0.02434884623
2972	0.024338125
2973	0.02432608862
2974	0.02431466724
2975	0.02430322525
2976	0.02429248492
2977	0.0242812813
2978	0.02426981915
2979	0.02425884206
2980	0.02424752933
2981	0.02423503069
2982	0.02422251012
2983	0.02421122412
2984	0.02419998523
2985	0.0241893777
2986	0.02417870412
2987	0.02416721613
2988	0.02415504606
2989	0.02414338178
2990	0.02413289456
2991	0.02412212351
2992	0.02411039711
2993	0.02409901617
2994	0.02408840578
2995	0.02407770082
2996	0.02406594149
2997	0.02405532772
2998	0.02404463286
2999	0.02403262331
3000	0.0240209345
3001	0.02400994416
3002	0.02399863308
3003	0.02398789792
3004	0.02397762008
3005	0.02396711484
3006	0.02395664557
3007	0.02394501889
3008	0.02393344989
3009	0.02392240918
3010	0.02391103933
3011	0.023899918
3012	0.02388920698
3013	0.02387834191
3014	0.02386745393
3015	0.02385616872
3016	0.02384465177
3017	0.02383284142
3018	0.02382177217
3019	0.02381118033
3020	0.02380011378
3021	0.02378990711
3022	0.02377917649
3023	0.0237689002
3024	0.02375828711
3025	0.02374741592
3026	0.02373670091
3027	0.02372602245
3028	0.0237149985
3029	0.02370421024
3030	0.02369377164
3031	0.02368278641
3032	0.02367151064
3033	0.02365966125
3034	0.0236487901
3035	0.02363810541
3036	0.02362791932
3037	0.02361760286
3038	0.02360684755
3039	0.02359511352
3040	0.02358482563
3041	0.02357457903
3042	0.02356375156
3043	0.02355266727
3044	0.02354157448
3045	0.02353143445
3046	0.02352064494
3047	0.02351050711
3048	0.02350015421
3049	0.02348845935
3050	0.0234766044
3051	0.02346595319
3052	0.02345566696
3053	0.02344528053
3054	0.02343457622
3055	0.02342398898
3056	0.02341291694
3057	0.02340140055
3058	0.02339013779
3059	0.02337941323
3060	0.02336921664
3061	0.02335849441
3062	0.02334816282
3063	0.02333823038
3064	0.02332827491
3065	0.02331868829
3066	0.02330780722
3067	0.02329731549
3068	0.02328634543
3069	0.02327565621
3070	0.02326507567
3071	0.02325479059
3072	0.02324473443
3073	0.02323486239
3074	0.02322336111
3075	0.02321289585
3076	0.02320311279
3077	0.02319312933
3078	0.02318273125
3079	0.02317240024
3080	0.02316211077
3081	0.02315138183
3082	0.02314103243
3083	0.02313128738
3084	0.0231214949
3085	0.02311080183
3086	0.02310017079
3087	0.02309048073
3088	0.02308066014
3089	0.02307036228
3090	0.02305998992
3091	0.02304992027
3092	0.02303988536
3093	0.02302987401
3094	0.02301992305
3095	0.02300953393
3096	0.02299976262
3097	0.02298906456
3098	0.02297846949
3099	0.02296860251
3100	0.02295860121
3101	0.02294869107
3102	0.02293800812
3103	0.02292841828
3104	0.02291869968
3105	0.02290826018
3106	0.02289811847
3107	0.02288795585
3108	0.02287808213
3109	0.02286857844
3110	0.02285749704
3111	0.02284673746
3112	0.02283652798
3113	0.02282585505
3114	0.0228161969
3115	0.02280630074
3116	0.02279617645
3117	0.02278663354
3118	0.0227758498
3119	0.02276629858
3120	0.02275622678
3121	0.02274672141
3122	0.02273653479
3123	0.02272634337
3124	0.0227169448
3125	0.02270695979
3126	0.02269747457
3127	0.02268761871
3128	0.02267753976
3129	0.02266736733
3130	0.02265781201
3131	0.02264732608
3132	0.02263673607
3133	0.02262689546
3134	0.02261708787
3135	0.02260632936
3136	0.02259635503
3137	0.02258673549
3138	0.02257615999
3139	0.02256698306
3140	0.02255743752
3141	0.02254856892
3142	0.02253856334
3143	0.02252925883
3144	0.02252036063
3145	0.02251044907
3146	0.02250094308
3147	0.02249162526
3148	0.02248222732
3149	0.022472582
3150	0.02246336657
3151	0.02245422387
3152	0.02244460554
3153	0.02243549421
3154	0.02242590196
3155	0.02241531933
3156	0.02240598973
3157	0.02239661472
3158	0.02238727169
3159	0.02237703092
3160	0.02236681655
3161	0.02235766157
3162	0.02234794968
3163	0.02233878636
3164	0.02232964867
3165	0.02231918577
3166	0.02231033577
3167	0.02230150536
3168	0.0222917812
3169	0.02228131817
3170	0.02227212691
3171	0.02226248672
3172	0.02225235949
3173	0.02224316592
3174	0.02223308479
3175	0.02222333702
3176	0.02221388551
3177	0.02220385913
3178	0.02219445571
3179	0.02218487478
3180	0.02217655763
3181	0.02216688659
3182	0.02215756772
3183	0.02214845642
3184	0.02213913848
3185	0.02212979107
3186	0.02212045709
3187	0.02211095227
3188	0.02210218231
3189	0.02209346219
3190	0.02208313868
3191	0.02207363615
3192	0.02206505205
3193	0.02205537388
3194	0.02204623404
3195	0.02203767731
3196	0.0220285005
3197	0.02201921191
3198	0.02201009051
3199	0.02200112022
3200	0.02199227087
3201	0.02198291273
3202	0.02197411268
3203	0.02196485468
3204	0.02195502372
3205	0.0219454742
3206	0.02193669261
3207	0.02192777104
3208	0.02191866814
3209	0.02190892616
3210	0.02189967383
3211	0.02188945774
3212	0.02188031517
3213	0.02187096881
3214	0.0218619062
3215	0.02185290632
3216	0.02184378831
3217	0.02183402002
3218	0.02182541809
3219	0.02181640414
3220	0.02180711657
3221	0.02179714224
3222	0.02178807019
3223	0.02177914757
3224	0.02176983584
3225	0.02176096191
3226	0.02175210658
3227	0.02174324542
3228	0.02173343401
3229	0.02172466855
3230	0.02171487067
3231	0.02170582318
3232	0.02169745295
3233	0.02168872005
3234	0.02167980701
3235	0.02167074881
3236	0.0216620092
3237	0.02165334011
3238	0.02164452777
3239	0.0216358161
3240	0.02162660637
3241	0.02161798815
3242	0.02160823718
3243	0.02159924572
3244	0.02159019665
3245	0.02158081062
3246	0.0215722786
3247	0.02156290213
3248	0.02155441877
3249	0.0215455784
3250	0.02153635077
3251	0.02152748356
3252	0.02151887439
3253	0.02150944807
3254	0.0215012211
3255	0.02149208861
3256	0.02148396351
3257	0.02147536274
3258	0.02146640089
3259	0.02145805533
3260	0.02144873814
3261	0.02144018104
3262	0.02143142401
3263	0.02142176612
3264	0.02141319609
3265	0.02140435123
3266	0.02139507782
3267	0.02138546051
3268	0.02137659847
3269	0.02136803012
3270	0.02135962411
3271	0.02135108537
3272	0.02134205813
3273	0.02133340079
3274	0.02132447935
3275	0.02131580139
3276	0.02130650705
3277	0.02129806644
3278	0.02128959494
3279	0.02128096783
3280	0.02127223782
3281	0.02126368007
3282	0.02125510329
3283	0.02124570732
3284	0.02123689945
3285	0.02122865683
3286	0.02121943314
3287	0.02121132767
3288	0.02120286355
3289	0.021194078
3290	0.02118560213
3291	0.0211774933
3292	0.02116886736
3293	0.02116052337
3294	0.02115156667
3295	0.02114293129
3296	0.02113484093
3297	0.02112654909
3298	0.02111864011
3299	0.02110919133
3300	0.02110100152
3301	0.02109231448
3302	0.0210831754
3303	0.0210751432
3304	0.02106658674
3305	0.021058193
3306	0.02105007914
3307	0.02104157975
3308	0.02103309089
3309	0.0210240435
3310	0.02101591014
3311	0.02100731105
3312	0.02099948933
3313	0.02099134025
3314	0.02098230695
3315	0.02097389928
3316	0.02096560744
3317	0.02095777966
3318	0.02094930654
3319	0.02094091732
3320	0.0209333458
3321	0.02092453412
3322	0.0209167846
3323	0.02090850181
3324	0.02090010695
3325	0.02089210893
3326	0.02088414348
3327	0.02087610414
3328	0.02086707693
3329	0.02085785497
3330	0.02084963934
3331	0.02084137101
3332	0.02083354257
3333	0.02082423341
3334	0.02081603895
3335	0.02080764475
3336	0.02079974579
3337	0.02079057649
3338	0.02078248511
3339	0.02077423422
3340	0.02076615343
3341	0.02075807254
3342	0.02074943716
3343	0.02074084376
3344	0.02073279202
3345	0.02072456078
3346	0.02071687403
3347	0.02070844625
3348	0.02070011812
3349	0.02069198747
3350	0.02068368065
3351	0.02067513195
3352	0.02066630348
3353	0.02065849291
3354	0.02064998293
3355	0.02064166488
3356	0.02063392441
3357	0.02062585939
3358	0.0206167774
3359	0.02060928644
3360	0.02060058949
3361	0.02059243263
3362	0.02058380165
3363	0.02057562412
3364	0.02056704079
3365	0.02055917943
3366	0.02055128399
3367	0.02054346062
3368	0.02053579119
3369	0.02052788683
3370	0.02052012052
3371	0.02051234093
3372	0.02050462229
3373	0.02049661265
3374	0.02048888099
3375	0.02048123636
3376	0.02047320647
3377	0.02046499031
3378	0.02045732708
3379	0.02044965996
3380	0.02044179965
3381	0.02043326052
3382	0.02042574905
3383	0.0204176286
3384	0.02041009129
3385	0.02040197021
3386	0.02039326767
3387	0.02038475265
3388	0.02037716497
3389	0.0203694368
3390	0.02036181554
3391	0.02035391506
3392	0.02034623504
3393	0.02033822876
3394	0.02032975456
3395	0.02032240764
3396	0.02031360435
3397	0.02030586664
3398	0.0202978246
3399	0.02029056768
3400	0.02028262237
3401	0.02027522675
3402	0.02026757086
3403	0.02025946878
3404	0.02025115304
3405	0.02024247298
3406	0.02023436858
3407	0.02022690646
3408	0.02021862199
3409	0.02020977338
3410	0.0202024409
3411	0.02019508726
3412	0.02018727795
3413	0.02017974631
3414	0.02017263714
3415	0.02016512003
3416	0.02015680366
3417	0.02014954404
3418	0.02014190158
3419	0.02013469002
3420	0.02012675206
3421	0.02011913583
3422	0.02011206426
3423	0.02010448059
3424	0.02009708768
3425	0.02008846407
3426	0.02008090559
3427	0.0200730516
3428	0.02006548743
3429	0.02005735911
3430	0.02004901716
3431	0.02004185594
3432	0.02003451237
3433	0.02002672321
3434	0.02001899851
3435	0.02001187824
3436	0.02000335035
3437	0.0199949685
3438	0.01998798861
3439	0.01998066585
3440	0.01997235451
3441	0.01996481786
3442	0.01995723081
3443	0.01994992082
3444	0.01994222298
3445	0.01993454967
3446	0.01992716412
3447	0.01992005726
3448	0.0199125284
3449	0.01990460725
3450	0.01989712031
3451	0.01989016627
3452	0.01988308795
3453	0.01987492736
3454	0.01986682153
3455	0.01985923384
3456	0.01985115886
3457	0.01984398589
3458	0.01983663794
3459	0.01982947169
3460	0.01982243703
3461	0.01981491315
3462	0.01980761328
3463	0.01980041408
3464	0.01979230153
3465	0.01978524404
3466	0.01977777725
3467	0.01977056359
3468	0.01976331171
3469	0.01975608633
3470	0.01974791771
3471	0.01974081589
3472	0.01973371979
3473	0.01972657872
3474	0.01971976467
3475	0.01971188046
3476	0.01970492306
3477	0.01969703549
3478	0.019689388
3479	0.01968223313
3480	0.01967499911
3481	0.0196667428
3482	0.01965997344
3483	0.01965277091
3484	0.01964550791
3485	0.01963757398
3486	0.01963059476
3487	0.01962390429
3488	0.01961599387
3489	0.01960789811
3490	0.01960077278
3491	0.01959350878
3492	0.01958555844
3493	0.01957910705
3494	0.01957187327
3495	0.01956469526
3496	0.01955742116
3497	0.01954962762
3498	0.01954177261
3499	0.01953480847
3500	0.0195270804
3501	0.01952002058
3502	0.01951292614
3503	0.01950570015
3504	0.01949871355
3505	0.01949192468
3506	0.01948380775
3507	0.01947674352
3508	0.01946917832
3509	0.01946201776
3510	0.01945544987
3511	0.01944831449
3512	0.01944185138
3513	0.01943495104
3514	0.01942695229
3515	0.0194193172
3516	0.01941240616
3517	0.01940513373
3518	0.01939783783
3519	0.01939044116
3520	0.01938350493
3521	0.01937641891
3522	0.01936953433
3523	0.01936266994
3524	0.01935481763
3525	0.01934678732
3526	0.01933952164
3527	0.01933241712
3528	0.01932540767
3529	0.01931830317
3530	0.01931116339
3531	0.01930442426
3532	0.01929740705
3533	0.01929047148
3534	0.01928346266
3535	0.01927638335
3536	0.01926956258
3537	0.01926273679
3538	0.01925584718
3539	0.01924889986
3540	0.01924202809
3541	0.01923507804
3542	0.01922840336
3543	0.01922111751
3544	0.01921375277
3545	0.01920637457
3546	0.01920026339
3547	0.01919275087
3548	0.01918584785
3549	0.01917900525
3550	0.01917121908
3551	0.01916456453
3552	0.01915712125
3553	0.01915027933
3554	0.01914394379
3555	0.01913712974
3556	0.01913003867
3557	0.01912352348
3558	0.01911613524
3559	0.01910958311
3560	0.01910177847
3561	0.01909495874
3562	0.01908754361
3563	0.01908093945
3564	0.01907323217
3565	0.01906660448
3566	0.01905967022
3567	0.01905342199
3568	0.01904664257
3569	0.01903893762
3570	0.01903243019
3571	0.01902565877
3572	0.01901949116
3573	0.01901227918
3574	0.01900523447
3575	0.01899785627
3576	0.01899134006
3577	0.018984203
3578	0.0189777976
3579	0.01897138588
3580	0.01896415609
3581	0.01895780379
3582	0.01895089907
3583	0.01894445946
3584	0.01893869478
3585	0.01893254459
3586	0.01892565668
3587	0.01891901724
3588	0.01891125962
3589	0.01890519608
3590	0.01889807479
3591	0.01889141185
3592	0.01888465218
3593	0.01887805138
3594	0.01887125244
3595	0.0188639112
3596	0.01885732549
3597	0.01885128108
3598	0.01884499822
3599	0.0188379676
3600	0.01883062466
3601	0.01882362153
3602	0.01881636823
3603	0.01880929564
3604	0.01880264781
3605	0.01879641136
3606	0.01878891124
3607	0.01878199144
3608	0.01877477274
3609	0.01876906581
3610	0.01876188303
3611	0.01875533867
3612	0.01874883822
3613	0.01874264141
3614	0.01873543848
3615	0.0187284347
3616	0.01872254412
3617	0.01871689931
3618	0.01871119175
3619	0.0187052615
3620	0.01869991658
3621	0.01869385199
3622	0.01868704932
3623	0.01868056099
3624	0.01867420596
3625	0.01866867469
3626	0.01866165916
3627	0.01865514129
3628	0.01864830541
3629	0.01864160555
3630	0.018635452
3631	0.01862955702
3632	0.01862270165
3633	0.01861625364
3634	0.0186092438
3635	0.01860291435
3636	0.01859645522
3637	0.0185903151
3638	0.01858351681
3639	0.01857745162
3640	0.01857086549
3641	0.01856372133
3642	0.01855797515
3643	0.01855145324
3644	0.01854562206
3645	0.01853858032
3646	0.01853154867
3647	0.01852542973
3648	0.01851846018
3649	0.01851233184
3650	0.01850652585
3651	0.01850089885
3652	0.01849454717
3653	0.01848767336
3654	0.01848070148
3655	0.01847466942
3656	0.0184683312
3657	0.01846292649
3658	0.01845665979
3659	0.01844974565
3660	0.01844420727
3661	0.01843775255
3662	0.01843254596
3663	0.01842556065
3664	0.01841991649
3665	0.01841377742
3666	0.01840740896
3667	0.01840220846
3668	0.01838374505
3669	0.0183778954
3670	0.01837104572
3671	0.01836419305
3672	0.0183572531
3673	0.01835058139
3674	0.01834511959
3675	0.01833827534
3676	0.01833259527
3677	0.01832695447
3678	0.01832019414
3679	0.01831416148
3680	0.01830800415
3681	0.01830278919
3682	0.01829683377
3683	0.018290149
3684	0.01828398435
3685	0.01827798296
3686	0.01827189321
3687	0.0182654005
3688	0.01825900014
3689	0.01824107509
3690	0.01823562675
3691	0.01822920414
3692	0.01822326988
3693	0.01821718517
3694	0.01821123142
3695	0.01820501074
3696	0.01819894786
3697	0.0181929971
3698	0.01818666156
3699	0.01818069438
3700	0.01817507811
3701	0.0181683409
3702	0.01816247613
3703	0.01815624265
3704	0.01814991551
3705	0.01814408265
3706	0.01813791026
3707	0.01812010547
3708	0.01811359867
3709	0.01810746323
3710	0.01810192186
3711	0.01808412231
3712	0.01807831632
3713	0.01807194117
3714	0.01806498403
3715	0.01805998666
3716	0.01805323604
3717	0.01804773058
3718	0.01804139402
3719	0.01803582647
3720	0.01802906572
3721	0.01802304043
3722	0.01801714041
3723	0.018011461
3724	0.01800617783
3725	0.01800021839
3726	0.01799370217
3727	0.01798790859
3728	0.01798208079
3729	0.017964837
3730	0.01795907633
3731	0.01795342816
3732	0.01794687567
3733	0.01794176916
3734	0.01793606624
3735	0.0179304097
3736	0.01792423057
3737	0.0179162904
3738	0.01791047229
3739	0.01790507363
3740	0.01789835261
3741	0.01789319033
3742	0.0178869316
3743	0.01787839673
3744	0.01787280294
3745	0.01786689117
3746	0.01786198071
3747	0.01785385653
3748	0.01784557582
3749	0.01783961199
3750	0.01783442219
3751	0.0178282636
3752	0.01782204019
3753	0.01781605688
3754	0.01780766301
3755	0.01779966578
3756	0.01779440006
3757	0.01778864944
3758	0.01778050578
3759	0.01777264751
3760	0.01776451429
3761	0.01775797186
3762	0.01775275142
3763	0.01774441404
3764	0.01773607956
3765	0.01772810923
3766	0.0177200965
3767	0.01771233732
3768	0.01770394951
3769	0.01769864116
3770	0.0176928805
3771	0.01768651437
3772	0.01767844686
3773	0.01767334775
3774	0.01766535178
3775	0.01765904208
3776	0.01765380826
3777	0.01764581777
3778	0.01764051446
3779	0.01763221189
3780	0.01762442955
3781	0.01761785923
3782	0.01761018737
3783	0.0176023721
3784	0.01759441585
3785	0.01758820881
3786	0.01758199416
3787	0.01757564818
3788	0.01756960106
3789	0.01756324501
3790	0.01755500831
3791	0.01754964623
3792	0.01754368139
3793	0.01753730012
3794	0.01753218485
3795	0.01752586679
3796	0.01751964062
3797	0.01751195736
3798	0.01750421225
3799	0.0174990634
3800	0.01749128911
3801	0.01748570199
3802	0.01747803519
3803	0.01747013324
3804	0.01746454384
3805	0.01745839934
3806	0.01745096586
3807	0.01744590768
3808	0.01743977325
3809	0.01743427955
3810	0.01742675772
3811	0.01742198769
3812	0.0174138138
3813	0.01740804708
3814	0.01740199823
3815	0.01739463467
3816	0.01738669309
3817	0.01738128166
3818	0.01737379112
3819	0.01736819461
3820	0.01736225261
3821	0.0173573405
3822	0.01735156874
3823	0.01734627148
3824	0.0173386338
3825	0.0173323187
3826	0.01732504407
3827	0.01731881122
3828	0.01731359353
3829	0.01730772541
3830	0.01730215681
3831	0.0172962581
3832	0.01729038326
3833	0.01728289748
3834	0.01727554436
3835	0.01726812935
3836	0.01726057811
3837	0.01725304389
3838	0.01724707401
3839	0.01724226264
3840	0.01723570343
3841	0.01723021938
3842	0.01722514671
3843	0.01721911678
3844	0.01721391147
3845	0.01720850574
3846	0.01720373359
3847	0.01719920597
3848	0.01719418472
3849	0.01718960104
3850	0.01718394243
3851	0.01717730013
3852	0.01717206062
3853	0.01716711661
3854	0.01716065813
3855	0.0171557477
3856	0.0171503852
3857	0.01714292733
3858	0.01713710688
3859	0.01713156412
3860	0.01712552096
3861	0.01712045438
3862	0.01711489856
3863	0.01710927017
3864	0.01710457633
3865	0.01709921425
3866	0.01709409454
3867	0.01708866593
3868	0.01708145993
3869	0.01707671027
3870	0.01707094186
3871	0.0170661758
3872	0.01706117974
3873	0.01705362745
3874	0.01704863034
3875	0.01704411279
3876	0.01703760164
3877	0.0170308643
3878	0.01702509422
3879	0.01701975459
3880	0.01701284368
3881	0.01700775192
3882	0.01700190691
3883	0.01699618048
3884	0.01699050844
3885	0.01698511002
3886	0.01698043129
3887	0.01697480959
3888	0.01696759418
3889	0.0169626407
3890	0.01695739509
3891	0.01695163341
3892	0.01694645601
3893	0.0169412887
3894	0.01693580195
3895	0.01693052279
3896	0.01692478123
3897	0.01691916393
3898	0.01691399158
3899	0.01690698895
3900	0.01690199523
3901	0.01689631348
3902	0.01688932326
3903	0.01688338024
3904	0.01687848828
3905	0.01687281012
3906	0.016867494
3907	0.01686066644
3908	0.01685502627
3909	0.01684916948
3910	0.01684385339
3911	0.01683856416
3912	0.01683173045
3913	0.01682691405
3914	0.01682104052
3915	0.01681524253
3916	0.01680979104
3917	0.01680449882
3918	0.01679912834
3919	0.01679366281
3920	0.01678848773
3921	0.01678228237
3922	0.01677731886
3923	0.0167724672
3924	0.01676656007
3925	0.01676170234
3926	0.01675618807
3927	0.01675079241
3928	0.01674510358
3929	0.01674036944
3930	0.01673487157
3931	0.01672944802
3932	0.01672441502
3933	0.01671937929
3934	0.01671243375
3935	0.01670561017
3936	0.01670052405
3937	0.01669548331
3938	0.01668970276
3939	0.01668428024
3940	0.01667921198
3941	0.0166737326
3942	0.01666846853
3943	0.01666296814
3944	0.01665860131
3945	0.01665344803
3946	0.01664821523
3947	0.01664253374
3948	0.01663775427
3949	0.01663276451
3950	0.01662729898
3951	0.01662077091
3952	0.01661545941
3953	0.01661060672
3954	0.01660555021
3955	0.01659993523
3956	0.01659313513
3957	0.0165878331
3958	0.01658249116
3959	0.01657701953
3960	0.01657193511
3961	0.01656683057
3962	0.01656169077
3963	0.01655466697
3964	0.01654947006
3965	0.01654513217
3966	0.01653799018
3967	0.0165327933
3968	0.01652732169
3969	0.01652224797
3970	0.01651687348
3971	0.01651196604
3972	0.01650525388
3973	0.01650023327
3974	0.01649500448
3975	0.01648871776
3976	0.01648297182
3977	0.01647837434
3978	0.01647362467
3979	0.01646834719
3980	0.01646319897
3981	0.01645806589
3982	0.01645308116
3983	0.0164465873
3984	0.01643993055
3985	0.01643496872
3986	0.01642939805
3987	0.01642490191
3988	0.01641960429
3989	0.01641503029
3990	0.01640919202
3991	0.01640408305
3992	0.01639903896
3993	0.01639419799
3994	0.01638775513
3995	0.016382434
3996	0.01637767027
3997	0.0163727903
3998	0.0163673365
3999	0.01636089741
4000	0.01635657757
4001	0.01635122184
4002	0.01634615085
4003	0.01634134853
4004	0.01633473336
4005	0.01632999923
4006	0.01632331731
4007	0.01631814354
4008	0.01631325218
4009	0.01630763786
4010	0.01630296584
4011	0.01629791566
4012	0.01629317607
4013	0.01628841237
4014	0.01628330342
4015	0.01627791681
4016	0.01627312412
4017	0.01626807666
4018	0.01626333078
4019	0.01625766668
4020	0.01625135082
4021	0.01624636381
4022	0.01624005356
4023	0.01623469615
4024	0.01622999181
4025	0.01622349627
4026	0.01621837788
4027	0.01621332872
4028	0.01620857407
4029	0.01620380363
4030	0.0161982749
4031	0.01619381744
4032	0.01618859534
4033	0.01618429061
4034	0.01617935061
4035	0.01617471617
4036	0.01616778873
4037	0.0161633306
4038	0.016156745
4039	0.0161519383
4040	0.01614729042
4041	0.01614143938
4042	0.01613735187
4043	0.01613219762
4044	0.01611790554
4045	0.0161112528
4046	0.01610672584
4047	0.0161018895
4048	0.01609693775
4049	0.01609181099
4050	0.01608532213
4051	0.01608080755
4052	0.01607450741
4053	0.01606944652
4054	0.01606498903
4055	0.0160598572
4056	0.01605357387
4057	0.01604917847
4058	0.01604407729
4059	0.01603921917
4060	0.01603471734
4061	0.01602968461
4062	0.01602513684
4063	0.01601862745
4064	0.01601375023
4065	0.01600746519
4066	0.01600098374
4067	0.01599583848
4068	0.01599116038
4069	0.01598599102
4070	0.0159812806
4071	0.01597601991
4072	0.01597133743
4073	0.01596681173
4074	0.01596225956
4075	0.01595712377
4076	0.01595280228
4077	0.01594760935
4078	0.01594265823
4079	0.01593648737
4080	0.01593180722
4081	0.0159266882
4082	0.01592204534
4083	0.01591760363
4084	0.01591243424
4085	0.01590628353
4086	0.01590177231
4087	0.01589716769
4088	0.01589258697
4089	0.01588620353
4090	0.01588130278
4091	0.01587646184
4092	0.01587213088
4093	0.01586748096
4094	0.01586247716
4095	0.01585780811
4096	0.01585324547
4097	0.01584852605
4098	0.01584218057
4099	0.01583742823
4100	0.01583257787
4101	0.01582645399
4102	0.01582178161
4103	0.01581722734
4104	0.01581222858
4105	0.01580752325
4106	0.01580292637
4107	0.01579654398
4108	0.01579168646
4109	0.01578662455
4110	0.01578036701
4111	0.01577567047
4112	0.01577130196
4113	0.0157666258
4114	0.01576165892
4115	0.01575655
4116	0.01575215924
4117	0.01574722092
4118	0.01574266773
4119	0.01573834852
4120	0.01573337287
4121	0.01572772753
4122	0.01572282345
4123	0.01571797978
4124	0.01571353971
4125	0.01570764087
4126	0.0157032837
4127	0.01569837056
4128	0.01569370655
4129	0.01568947971
4130	0.01568311705
4131	0.01567815019
4132	0.01567363393
4133	0.01566788074
4134	0.01566253676
4135	0.01565804527
4136	0.01565337223
4137	0.01564855105
4138	0.01564402364
4139	0.01563949164
4140	0.01563452942
4141	0.015628878
4142	0.01561473268
4143	0.01561028586
4144	0.01560438432
4145	0.0155997354
4146	0.01559541624
4147	0.01559038791
4148	0.01558638537
4149	0.01558133587
4150	0.01557738106
4151	0.01557248763
4152	0.01556683455
4153	0.01556201271
4154	0.01555773655
4155	0.01555185915
4156	0.01554741508
4157	0.01554198595
4158	0.0155374865
4159	0.01553308903
4160	0.0155284989
4161	0.01552410859
4162	0.01551973229
4163	0.01551379547
4164	0.01550887625
4165	0.01550462761
4166	0.01550020432
4167	0.01549571391
4168	0.01548992753
4169	0.01548528097
4170	0.01548081508
4171	0.01547591289
4172	0.01547032464
4173	0.01546573348
4174	0.01546096602
4175	0.0154566099
4176	0.01545209532
4177	0.01544790647
4178	0.01544357619
4179	0.01543792146
4180	0.01543326141
4181	0.01542877474
4182	0.0154241882
4183	0.0154195282
4184	0.01541518926
4185	0.01541089088
4186	0.0154066567
4187	0.01540089008
4188	0.01539649872
4189	0.01539204965
4190	0.01538773547
4191	0.01538279005
4192	0.01537855985
4193	0.01537241989
4194	0.01536824678
4195	0.01536404113
4196	0.01535923002
4197	0.01535507433
4198	0.01534946892
4199	0.01534518605
4200	0.01534074096
4201	0.01533619676
4202	0.01533216241
4203	0.01532620672
4204	0.01532080276
4205	0.01531622441
4206	0.01531167625
4207	0.01530750712
4208	0.01530283136
4209	0.01529834097
4210	0.01529404256
4211	0.01528780354
4212	0.01528371267
4213	0.01527939792
4214	0.0152749249
4215	0.01527080656
4216	0.01526654281
4217	0.01526026179
4218	0.01525570924
4219	0.0152515737
4220	0.01524724045
4221	0.01524291626
4222	0.01523851546
4223	0.01523255174
4224	0.01522830813
4225	0.01522416425
4226	0.01521937261
4227	0.01521328908
4228	0.01520902761
4229	0.01520486963
4230	0.01519845998
4231	0.01519399811
4232	0.01518994753
4233	0.01518584497
4234	0.01517965293
4235	0.0151754916
4236	0.01517088533
4237	0.0151657114
4238	0.01516144657
4239	0.01515656662
4240	0.01515220318
4241	0.01514855623
4242	0.01514193709
4243	0.0151378855
4244	0.01513373091
4245	0.01512942788
4246	0.01512381639
4247	0.01511994883
4248	0.01511528988
4249	0.01511101102
4250	0.01510728245
4251	0.01510256537
4252	0.01509835361
4253	0.01509402438
4254	0.01508957866
4255	0.01508537829
4256	0.01508089729
4257	0.01507485469
4258	0.01507047677
4259	0.01506483374
4260	0.01505884783
4261	0.01505441449
4262	0.0150504261
4263	0.01504630504
4264	0.01504193047
4265	0.01503787659
4266	0.01503370075
4267	0.01502927348
4268	0.01502340612
4269	0.01501759417
4270	0.01501209562
4271	0.01500791306
4272	0.01500409154
4273	0.01499980022
4274	0.01499373479
4275	0.01498921244
4276	0.01498521733
4277	0.01498121215
4278	0.01497729151
4279	0.01497126339
4280	0.01496692031
4281	0.01496239232
4282	0.01495853717
4283	0.0149524835
4284	0.0149482778
4285	0.01494345727
4286	0.01493952153
4287	0.01493383724
4288	0.01492934679
4289	0.01492528116
4290	0.01492120373
4291	0.01491670389
4292	0.01491268761
4293	0.01490861794
4294	0.0149038444
4295	0.0148981292
4296	0.01489387216
4297	0.01488813511
4298	0.0148840013
4299	0.0148798624
4300	0.01487523935
4301	0.01487095985
4302	0.01486491683
4303	0.01486096935
4304	0.01485577571
4305	0.01485139568
4306	0.01484756008
4307	0.01484327678
4308	0.01483784704
4309	0.01483314167
4310	0.01482753731
4311	0.01482255387
4312	0.01481890193
4313	0.01481457498
4314	0.01481049761
4315	0.01480594106
4316	0.01480166449
4317	0.0147963825
4318	0.01479196152
4319	0.01478741234
4320	0.01478348565
4321	0.01477782524
4322	0.01477391804
4323	0.01476794262
4324	0.01476396492
4325	0.01475954334
4326	0.01475432137
4327	0.01475004545
4328	0.01474595631
4329	0.01474109148
4330	0.01473536348
4331	0.01473142209
4332	0.01472743935
4333	0.01472298187
4334	0.01471846519
4335	0.01471464032
4336	0.01470898889
4337	0.01470489222
4338	0.01469958042
4339	0.01469583506
4340	0.01469123047
4341	0.01468729497
4342	0.01468165027
4343	0.01467768519
4344	0.01467354042
4345	0.01466848952
4346	0.01466445915
4347	0.01466043527
4348	0.01465644791
4349	0.01465234282
4350	0.01464774957
4351	0.01464254565
4352	0.01463768833
4353	0.01463402463
4354	0.01462935853
4355	0.01462558653
4356	0.01461989986
4357	0.01461663092
4358	0.01461094219
4359	0.01460681044
4360	0.01460286966
4361	0.01459750604
4362	0.01459317555
4363	0.01458778626
4364	0.0145839429
4365	0.0145795883
4366	0.01457541517
4367	0.01457202366
4368	0.0145666976
4369	0.01456231296
4370	0.01455815391
4371	0.01455358356
4372	0.01454989398
4373	0.01454574337
4374	0.01454014634
4375	0.01453511746
4376	0.01453063208
4377	0.01452527514
4378	0.01452115746
4379	0.01451689329
4380	0.01451298968
4381	0.01450786426
4382	0.0145035424
4383	0.01449964863
4384	0.0144956441
4385	0.01449201563
4386	0.01448796511
4387	0.01448412447
4388	0.01447891322
4389	0.01447501779
4390	0.01447100692
4391	0.01446738412
4392	0.01446371139
4393	0.01445781529
4394	0.01445416857
4395	0.01445019422
4396	0.0144461242
4397	0.01444078322
4398	0.01443512196
4399	0.01443151196
4400	0.01442726144
4401	0.0144228067
4402	0.01441868482
4403	0.01441349999
4404	0.01440911703
4405	0.0144040166
4406	0.01440067924
4407	0.01439644301
4408	0.01439315536
4409	0.01438921501
4410	0.01438534331
4411	0.01438106822
4412	0.01437597656
4413	0.014370117
4414	0.014366694
4415	0.0143627543
4416	0.0143572859
4417	0.01435348285
4418	0.0143496636
4419	0.01434536377
4420	0.01434162175
4421	0.01433742368
4422	0.01433193391
4423	0.01432702908
4424	0.01432320692
4425	0.01431924435
4426	0.01431571139
4427	0.0143110388
4428	0.01430824563
4429	0.01430290464
4430	0.01429829165
4431	0.01429509911
4432	0.01429078708
4433	0.01428559282
4434	0.01428178556
4435	0.01427693634
4436	0.01427313348
4437	0.01426912786
4438	0.01426549123
4439	0.01426192637
4440	0.01425635913
4441	0.01425286814
4442	0.01424826085
4443	0.01424462145
4444	0.01424041059
4445	0.01423513237
4446	0.01423021327
4447	0.01422696262
4448	0.01422310998
4449	0.01421952353
4450	0.01421645415
4451	0.01421187476
4452	0.01420681564
4453	0.01420310746
4454	0.0141989291
4455	0.0141932962
4456	0.01418985409
4457	0.01418454756
4458	0.01418083662
4459	0.01417663667
4460	0.01417174361
4461	0.01416821484
4462	0.01416408877
4463	0.01416067603
4464	0.01415712567
4465	0.01415335177
4466	0.01414807882
4467	0.01414460144
4468	0.01414010768
4469	0.01413506807
4470	0.01413104338
4471	0.01412769698
4472	0.01412232497
4473	0.01411879452
4474	0.01411542568
4475	0.01411099025
4476	0.01410649763
4477	0.01410251931
4478	0.01409707152
4479	0.01409343655
4480	0.01409001188
4481	0.01408598403
4482	0.01408337787
4483	0.0140777666
4484	0.01407381576
4485	0.01407001522
4486	0.01406581065
4487	0.01406114527
4488	0.0140573162
4489	0.01405395216
4490	0.01405001983
4491	0.01404608726
4492	0.01404062226
4493	0.01403738544
4494	0.01403337709
4495	0.01403003953
4496	0.0140247013
4497	0.01402051604
4498	0.01401719169
4499	0.01401235486
4500	0.01400841725
4501	0.014004431
4502	0.01399952908
4503	0.01399593459
4504	0.01399242327
4505	0.01398707808
4506	0.01398302318
4507	0.01397992442
4508	0.01397583407
4509	0.01397106273
4510	0.01396720632
4511	0.0139636394
4512	0.01395977357
4513	0.01395599966
4514	0.01395092163
4515	0.01394756938
4516	0.01394407425
4517	0.0139395388
4518	0.0139363435
4519	0.01393253205
4520	0.0139290018
4521	0.01392479624
4522	0.01391965441
4523	0.01391668497
4524	0.01391181895
4525	0.01390805429
4526	0.01390393157
4527	0.01390035934
4528	0.01389534224
4529	0.01389172049
4530	0.01388675102
4531	0.01388313686
4532	0.01387910523
4533	0.0138761232
4534	0.01387100721
4535	0.01386752903
4536	0.01386350683
4537	0.01385992624
4538	0.01385669027
4539	0.01385130185
4540	0.01384777476
4541	0.01384386509
4542	0.01383887062
4543	0.01383540398
4544	0.01383123425
4545	0.01382635816
4546	0.01382236874
4547	0.01381903725
4548	0.01381526106
4549	0.0138102624
4550	0.01380689188
4551	0.01380328504
4552	0.01379942928
4553	0.01379503636
4554	0.01379108113
4555	0.0137871404
4556	0.0137820519
4557	0.01377862999
4558	0.01377407943
4559	0.01377102666
4560	0.01376758292
4561	0.01376436057
4562	0.01376107296
4563	0.01375715234
4564	0.01375318473
4565	0.01375027282
4566	0.01374505355
4567	0.01374166185
4568	0.01373762854
4569	0.01373357951
4570	0.01372870109
4571	0.0137242939
4572	0.01372108102
4573	0.01371785196
4574	0.01371437126
4575	0.01370959106
4576	0.01370590302
4577	0.01370212156
4578	0.01369748519
4579	0.01369396925
4580	0.01369044047
4581	0.01368689495
4582	0.01368413284
4583	0.01367935264
4584	0.01367565331
4585	0.01367182274
4586	0.01366849629
4587	0.01366361431
4588	0.0136601523
4589	0.01365614566
4590	0.01365249474
4591	0.01364938217
4592	0.01364425801
4593	0.01364000361
4594	0.0136365017
4595	0.01363304201
4596	0.0136295151
4597	0.01362609785
4598	0.01362209158
4599	0.013617486
4600	0.01361386828
4601	0.01361093831
4602	0.01360622359
4603	0.01360255612
4604	0.01359880531
4605	0.01359400076
4606	0.01359014714
4607	0.01358646223
4608	0.01358313853
4609	0.01357841774
4610	0.01357461885
4611	0.0135712874
4612	0.01356660318
4613	0.01356353865
4614	0.01355998176
4615	0.01355704632
4616	0.01355303404
4617	0.01354828567
4618	0.01354541614
4619	0.01354090821
4620	0.01353703357
4621	0.01353357891
4622	0.0135304294
4623	0.01352707213
4624	0.01352200668
4625	0.01351865592
4626	0.0135148004
4627	0.01351106134
4628	0.0135067829
4629	0.0135030997
4630	0.01349849907
4631	0.01349579641
4632	0.01349100745
4633	0.01348808732
4634	0.01348469897
4635	0.01348096246
4636	0.01347712835
4637	0.01347422184
4638	0.01346901179
4639	0.01346598672
4640	0.01346106972
4641	0.01345762928
4642	0.01345331593
4643	0.01344968898
4644	0.01344682154
4645	0.01344293119
4646	0.01343975519
4647	0.01343586464
4648	0.01343112634
4649	0.01342852778
4650	0.01342456331
4651	0.01341991655
4652	0.01341508515
4653	0.01341196773
4654	0.01340829228
4655	0.01340477447
4656	0.01340113572
4657	0.01339691387
4658	0.01339411882
4659	0.01339079829
4660	0.01338725945
4661	0.01338412884
4662	0.01338006783
4663	0.01337582655
4664	0.01337178232
4665	0.01336714145
4666	0.0133633258
4667	0.01335925419
4668	0.01335648857
4669	0.01335273229
4670	0.01334994839
4671	0.01334505878
4672	0.01334101846
4673	0.01333806983
4674	0.0133349734
4675	0.01333118043
4676	0.01332760677
4677	0.01332405809
4678	0.01331991069
4679	0.01331669947
4680	0.01331422344
4681	0.01331020566
4682	0.01330557612
4683	0.01330105781
4684	0.01329781195
4685	0.01329493991
4686	0.01329105649
4687	0.01328673988
4688	0.01328299017
4689	0.01327972333
4690	0.01327621261
4691	0.01327170582
4692	0.01326758303
4693	0.01326440102
4694	0.01326133733
4695	0.01325740312
4696	0.01325434196
4697	0.01325124073
4698	0.01324729893
4699	0.01324271998
4700	0.01323921724
4701	0.01323471495
4702	0.01323203175
4703	0.01322833447
4704	0.01322422153
4705	0.01322097216
4706	0.01321734097
4707	0.01321383678
4708	0.01321079977
4709	0.01320794452
4710	0.01320335964
4711	0.01320003576
4712	0.01319653385
4713	0.01319170325
4714	0.01318762766
4715	0.01318378454
4716	0.01318114522
4717	0.0131776851
4718	0.01317487414
4719	0.01317042716
4720	0.01316761284
4721	0.01316304328
4722	0.01315973348
4723	0.01315622402
4724	0.01315157985
4725	0.01314807627
4726	0.01314486715
4727	0.01314153842
4728	0.01313715538
4729	0.01313439793
4730	0.01313042529
4731	0.01312747326
4732	0.01312286745
4733	0.01311990115
4734	0.01311718945
4735	0.01311261213
4736	0.01310872999
4737	0.01310414351
4738	0.01310068027
4739	0.01309754122
4740	0.01309463373
4741	0.01308975232
4742	0.01308692138
4743	0.01308261641
4744	0.013079498
4745	0.0130756838
4746	0.01307264199
4747	0.01306927692
4748	0.01306472679
4749	0.01306236829
4750	0.01305839863
4751	0.01305489776
4752	0.01305082178
4753	0.01304766305
4754	0.01304429588
4755	0.01304132519
4756	0.01303847898
4757	0.01303394113
4758	0.01303141916
4759	0.01302703222
4760	0.01302357589
4761	0.01302109482
4762	0.01301697488
4763	0.01301270315
4764	0.01300890254
4765	0.0130054422
4766	0.01300191491
4767	0.01299831482
4768	0.01299518902
4769	0.01299076558
4770	0.01298813385
4771	0.01298382525
4772	0.01298044364
4773	0.01297717008
4774	0.01297381177
4775	0.01297019737
4776	0.01296615067
4777	0.01296283429
4778	0.01295874908
4779	0.01295599667
4780	0.0129532732
4781	0.01295009265
4782	0.01294596805
4783	0.01294280951
4784	0.01293875724
4785	0.01293590767
4786	0.01293257367
4787	0.01292912114
4788	0.01292578378
4789	0.01292288635
4790	0.01291837273
4791	0.01291549877
4792	0.01291250752
4793	0.01290920858
4794	0.01290554909
4795	0.0129017221
4796	0.01289728271
4797	0.01289453112
4798	0.01289054162
4799	0.01288761668
4800	0.01288415741
4801	0.01288098879
4802	0.01287843238
4803	0.01287398081
4804	0.01287110625
4805	0.012867201
4806	0.01286402085
4807	0.01285946377
4808	0.01285642867
4809	0.01285321117
4810	0.01284994665
4811	0.01284592765
4812	0.01284201157
4813	0.01283912754
4814	0.01283551486
4815	0.0128325589
4816	0.01282932671
4817	0.01282555113
4818	0.01282262012
4819	0.01281862989
4820	0.01281536705
4821	0.01281178627
4822	0.01280845059
4823	0.01280421772
4824	0.01280041019
4825	0.01279711229
4826	0.01279394431
4827	0.01279171345
4828	0.01278775299
4829	0.01278508158
4830	0.01278070957
4831	0.01277814563
4832	0.0127739859
4833	0.01277130399
4834	0.01276833876
4835	0.01276582289
4836	0.01276235815
4837	0.01275887453
4838	0.01275483935
4839	0.01275142143
4840	0.01274744379
4841	0.01274387123
4842	0.01274093281
4843	0.01273747861
4844	0.0127334176
4845	0.01272966465
4846	0.01272708218
4847	0.01272407964
4848	0.01272035946
4849	0.01271787908
4850	0.0127152662
4851	0.01271170138
4852	0.01270768318
4853	0.01270484518
4854	0.01270036952
4855	0.0126976685
4856	0.01269425879
4857	0.0126903081
4858	0.01268709078
4859	0.01268442129
4860	0.01268157255
4861	0.01267839554
4862	0.01267406779
4863	0.01267119261
4864	0.01266817242
4865	0.01266413679
4866	0.01266164717
4867	0.01265814191
4868	0.01265423124
4869	0.01265087145
4870	0.01264777631
4871	0.01264349391
4872	0.01264027808
4873	0.01263637525
4874	0.01263352272
4875	0.01263047672
4876	0.0126279241
4877	0.01262506929
4878	0.01262246901
4879	0.0126183755
4880	0.01261439523
4881	0.01261157165
4882	0.01260886856
4883	0.0126054901
4884	0.01260245244
4885	0.0125993053
4886	0.01259531333
4887	0.01259284721
4888	0.01258861922
4889	0.01258565272
4890	0.01258211999
4891	0.01257926178
4892	0.01257531666
4893	0.0125724484
4894	0.01256908757
4895	0.01256528015
4896	0.01256151614
4897	0.01255843655
4898	0.01255447829
4899	0.0125516367
4900	0.01254905133
4901	0.01254531021
4902	0.01254275359
4903	0.01254001716
4904	0.01253595092
4905	0.01253239059
4906	0.01252967515
4907	0.01252666352
4908	0.01252344937
4909	0.0125204596
4910	0.0125162498
4911	0.01251413395
4912	0.01251106233
4913	0.01250749918
4914	0.01250354982
4915	0.01250022761
4916	0.01249657872
4917	0.01249418751
4918	0.01249131691
4919	0.01248823798
4920	0.01248489352
4921	0.01248090744
4922	0.01247831854
4923	0.01247421395
4924	0.01247121261
4925	0.01246811665
4926	0.01246537641
4927	0.01246112611
4928	0.01245873846
4929	0.01245467837
4930	0.01245178639
4931	0.01244845244
4932	0.01244555982
4933	0.01244261682
4934	0.01243886079
4935	0.01243628196
4936	0.01243237491
4937	0.0124292968
4938	0.01242647807
4939	0.01242348242
4940	0.01242092644
4941	0.01241698716
4942	0.01241370841
4943	0.01241015781
4944	0.01240726775
4945	0.01240431889
4946	0.01240058963
4947	0.01239761372
4948	0.01239493624
4949	0.01239182219
4950	0.0123888937
4951	0.01238460171
4952	0.01238201822
4953	0.01237908366
4954	0.01237570814
4955	0.01237182786
4956	0.01236848694
4957	0.01236493399
4958	0.01236253583
4959	0.01235979941
4960	0.01235697479
4961	0.0123539825
4962	0.01235015319
4963	0.01234772487
4964	0.01234513763
4965	0.01234126306
4966	0.01233840445
4967	0.01233504255
4968	0.01233243246
4969	0.01232798131
4970	0.01232529605
4971	0.01232167425
4972	0.0123187036
4973	0.0123166253
4974	0.01231339876
4975	0.01231012924
4976	0.01230670457
4977	0.01230263184
4978	0.01229970461
4979	0.01229772141
4980	0.01229434607
4981	0.01229066533
4982	0.01228776953
4983	0.01228456215
4984	0.01228201456
4985	0.01227786716
4986	0.01227490826
4987	0.01227272671
4988	0.01226947855
4989	0.01226559327
4990	0.01226335906
4991	0.01226012224
4992	0.01225660438
4993	0.01225336593
4994	0.01225047751
4995	0.01224700076
4996	0.01224469998
4997	0.01224158513
4998	0.01223881676
4999	0.01223506369
5000	0.01223191186
5001	0.01222971944
5002	0.01222681086
5003	0.01222284582
5004	0.01221986994
5005	0.01221664991
5006	0.01221319919
5007	0.01221047531
5008	0.012208116
5009	0.01220474888
5010	0.01220215806
5011	0.01219850802
5012	0.01219559443
5013	0.0121934005
5014	0.01218938779
5015	0.01218668093
5016	0.01218267644
5017	0.01217956871
5018	0.01217605679
5019	0.01217285203
5020	0.01216997619
5021	0.01216712452
5022	0.01216453688
5023	0.01216241744
5024	0.01215809958
5025	0.01215583323
5026	0.01215211058
5027	0.01214859151
5028	0.01214594989
5029	0.01214267386
5030	0.01213921976
5031	0.01213636306
5032	0.01213416386
5033	0.01213096842
5034	0.01212810415
5035	0.01212431121
5036	0.01212183567
5037	0.01211931328
5038	0.01211518533
5039	0.01211277188
5040	0.01210964257
5041	0.01210570981
5042	0.01210372385
5043	0.01209996082
5044	0.01209695865
5045	0.01209439158
5046	0.01209183877
5047	0.01208921567
5048	0.01208593875
5049	0.01208239727
5050	0.01207920098
5051	0.01207561243
5052	0.01207285016
5053	0.01207021087
5054	0.0120666485
5055	0.01206390383
5056	0.01206087021
5057	0.01205823345
5058	0.0120557942
5059	0.01205208895
5060	0.0120497546
5061	0.01204689811
5062	0.01204301096
5063	0.01204018783
5064	0.01203739534
5065	0.01203488721
5066	0.01203102016
5067	0.01202811244
5068	0.01202519528
5069	0.01202170258
5070	0.01201915943
5071	0.01201649347
5072	0.01201371862
5073	0.01201160823
5074	0.0120089488
5075	0.0120049812
5076	0.01200303787
5077	0.01199975829
5078	0.0119971425
5079	0.01199349117
5080	0.01199039712
5081	0.01198685992
5082	0.01198412448
5083	0.01198143315
5084	0.01197915844
5085	0.01197657122
5086	0.01197335124
5087	0.01197088359
5088	0.01196709863
5089	0.01196477603
5090	0.0119624291
5091	0.01195911612
5092	0.01195554002
5093	0.01195256514
5094	0.01194870881
5095	0.01194676567
5096	0.01194377422
5097	0.01194043408
5098	0.01193765399
5099	0.01193554398
5100	0.01193225013
5101	0.01192983182
5102	0.01192719422
5103	0.01192419838
5104	0.01192046123
5105	0.01191827048
5106	0.0119157227
5107	0.01191160571
5108	0.01190926571
5109	0.01190596389
5110	0.01190260588
5111	0.01190014186
5112	0.0118978126
5113	0.01189526921
5114	0.01189254952
5115	0.01188951022
5116	0.01188706133
5117	0.01188470099
5118	0.01188110422
5119	0.01187820386
5120	0.0118755497
5121	0.01187197961
5122	0.01186932732
5123	0.01186693085
5124	0.01186308127
5125	0.01186011314
5126	0.01185736911
5127	0.01185381448
5128	0.01185134562
5129	0.01184875862
5130	0.01184636867
5131	0.01184347839
5132	0.01184081918
5133	0.01183827767
5134	0.0118345775
5135	0.01183199614
5136	0.01182841346
5137	0.01182590854
5138	0.01182397397
5139	0.01182042091
5140	0.01181747269
5141	0.01181465879
5142	0.01181150682
5143	0.0118084735
5144	0.01180560756
5145	0.01180343001
5146	0.01180073574
5147	0.01179762886
5148	0.01179514092
5149	0.01179125452
5150	0.01178928078
5151	0.01178629101
5152	0.01178386664
5153	0.01178018265
5154	0.01177718197
5155	0.01177419494
5156	0.01177178191
5157	0.01176822254
5158	0.0117649483
5159	0.01176257766
5160	0.01176006305
5161	0.01175709384
5162	0.0117544596
5163	0.01175244011
5164	0.0117493156
5165	0.01174738425
5166	0.01174355662
5167	0.01174095176
5168	0.01173859898
5169	0.01173467656
5170	0.01173254266
5171	0.01172930589
5172	0.01172582141
5173	0.01172342327
5174	0.01172048769
5175	0.01171777556
5176	0.01171451539
5177	0.01171223207
5178	0.01171003293
5179	0.01170704544
5180	0.01170470796
5181	0.01170179146
5182	0.01169936393
5183	0.01169558064
5184	0.01169337286
5185	0.01168992071
5186	0.01168731166
5187	0.01168450512
5188	0.01168073489
5189	0.01167823432
5190	0.01167579885
5191	0.01167234243
5192	0.0116702396
5193	0.01166757368
5194	0.0116648624
5195	0.01166256587
5196	0.01165915677
5197	0.0116571085
5198	0.01165486233
5199	0.01165105699
5200	0.01164844985
5201	0.01164504869
5202	0.01164313305
5203	0.01164031519
5204	0.01163684263
5205	0.01163383985
5206	0.01163186229
5207	0.01162940438
5208	0.01162653172
5209	0.01162395159
5210	0.0116211035
5211	0.01161826256
5212	0.0116150663
5213	0.0116130873
5214	0.01161012965
5215	0.01160669496
5216	0.01160420174
5217	0.01160231532
5218	0.01159877082
5219	0.01159589145
5220	0.011593108
5221	0.01158983166
5222	0.01158712125
5223	0.01158438711
5224	0.01158209119
5225	0.01157958563
5226	0.01157668609
5227	0.01157438323
5228	0.01157080707
5229	0.01156873361
5230	0.01156507568
5231	0.01156239946
5232	0.01156002715
5233	0.01155757194
5234	0.01155417376
5235	0.01155107611
5236	0.01154863454
5237	0.01154519995
5238	0.01154326566
5239	0.01154055017
5240	0.01153784462
5241	0.01153569749
5242	0.01153299104
5243	0.0115301799
5244	0.01152674142
5245	0.01152437856
5246	0.01152206688
5247	0.01151847774
5248	0.01151647756
5249	0.01151412706
5250	0.01151075574
5251	0.01150763494
5252	0.01150563115
5253	0.01150295769
5254	0.01150062819
5255	0.01149814109
5256	0.01149506863
5257	0.01149231014
5258	0.01148993805
5259	0.01148721567
5260	0.01148433209
5261	0.01148105354
5262	0.01147908754
5263	0.01147583313
5264	0.01147313108
5265	0.01147060831
5266	0.01146789893
5267	0.01146496156
5268	0.01146248788
5269	0.01146006688
5270	0.01145718876
5271	0.01145489852
5272	0.01145259944
5273	0.01144971506
5274	0.01144680882
5275	0.01144398653
5276	0.01144075125
5277	0.01143801963
5278	0.01143560282
5279	0.01143299902
5280	0.01142971681
5281	0.01142788284
5282	0.01142538627
5283	0.01142303937
5284	0.01142002819
5285	0.01141548856
5286	0.01141227169
5287	0.01141018085
5288	0.01140682426
5289	0.01140189676
5290	0.01139938359
5291	0.01139611736
5292	0.01139358722
5293	0.01139094229
5294	0.01138842307
5295	0.01138376422
5296	0.01138180452
5297	0.01137813162
5298	0.0113740178
5299	0.01137050914
5300	0.01136816415
5301	0.01136631003
5302	0.01136354185
5303	0.01136049374
5304	0.0113581599
5305	0.01135370356
5306	0.0113502284
5307	0.01134546984
5308	0.01134255856
5309	0.01133917499
5310	0.01133681423
5311	0.01133418125
5312	0.01133179027
5313	0.01132961692
5314	0.01132661437
5315	0.01132397089
5316	0.01131963795
5317	0.01131626415
5318	0.01131166342
5319	0.01130839227
5320	0.01130524544
5321	0.01130293189
5322	0.01130059884
5323	0.01129797509
5324	0.01129540297
5325	0.01129079095
5326	0.01128838924
5327	0.01128522551
5328	0.01128067579
5329	0.0112775382
5330	0.0112753445
5331	0.0112729304
5332	0.01127013101
5333	0.01126774926
5334	0.01126333994
5335	0.01125993466
5336	0.01125722238
5337	0.0112525348
5338	0.01124979729
5339	0.01124643388
5340	0.01124446367
5341	0.01124186301
5342	0.01123923888
5343	0.01123683821
5344	0.01123221127
5345	0.01122894347
5346	0.01122427623
5347	0.01122128535
5348	0.01121901797
5349	0.01121681967
5350	0.01121431451
5351	0.01121213631
5352	0.0112091151
5353	0.0112071256
5354	0.01120266318
5355	0.0111991242
5356	0.01119630183
5357	0.01119429324
5358	0.01119156834
5359	0.01118931
5360	0.01118657693
5361	0.01118415165
5362	0.01118154302
5363	0.01117946013
5364	0.01117704798
5365	0.01117451593
5366	0.01117132762
5367	0.0111668264
5368	0.01116364255
5369	0.01116094027
5370	0.01115878371
5371	0.01115671637
5372	0.01115405609
5373	0.01115081238
5374	0.01114880696
5375	0.0111455444
5376	0.0111412247
5377	0.01113817231
5378	0.01113586467
5379	0.01113321113
5380	0.0111309188
5381	0.01112814939
5382	0.01112556968
5383	0.0111229915
5384	0.01112020066
5385	0.01111843179
5386	0.01111535569
5387	0.01111357546
5388	0.01111137123
5389	0.01110846144
5390	0.01110620857
5391	0.01110341315
5392	0.01110089388
5393	0.0110990748
5394	0.01109580654
5395	0.01109339583
5396	0.01109069107
5397	0.01108817668
5398	0.0110856744
5399	0.01108235203
5400	0.01108041542
5401	0.01107749262
5402	0.01107530557
5403	0.01107298133
5404	0.01107022116
5405	0.01106760772
5406	0.01106515085
5407	0.01106254683
5408	0.01105971927
5409	0.01105805549
5410	0.01105474927
5411	0.01105222187
5412	0.01104991065
5413	0.01104721845
5414	0.01104484109
5415	0.01104260142
5416	0.01103976929
5417	0.01103701874
5418	0.01103470541
5419	0.01103252954
5420	0.01103010854
5421	0.01102687653
5422	0.0110246738
5423	0.01102262725
5424	0.01102010717
5425	0.01101791115
5426	0.01101526997
5427	0.01101314949
5428	0.01101081855
5429	0.01100848401
5430	0.0110064836
5431	0.01100322247
5432	0.01100048974
5433	0.01099861864
5434	0.01099674164
5435	0.01099458172
5436	0.01099184948
5437	0.01098920544
5438	0.01098629389
5439	0.01098382443
5440	0.01098137487
5441	0.01097878578
5442	0.01097634774
5443	0.01097426338
5444	0.01097154457
5445	0.01096818165
5446	0.01096650676
5447	0.01096335291
5448	0.01096093442
5449	0.01095871909
5450	0.01095628042
5451	0.01095411462
5452	0.0109510164
5453	0.01094874253
5454	0.01094604823
5455	0.0109436837
5456	0.01094082344
5457	0.01093862406
5458	0.01093577319
5459	0.010933939
5460	0.01093098429
5461	0.01092861264
5462	0.01092631102
5463	0.01092361946
5464	0.01092152316
5465	0.01091880038
5466	0.01091645581
5467	0.01091359808
5468	0.01091127208
5469	0.01090872095
5470	0.01090655729
5471	0.01090339187
5472	0.01090130331
5473	0.01089956798
5474	0.01089676664
5475	0.01089455803
5476	0.01089216644
5477	0.01088895817
5478	0.01088728917
5479	0.01088387907
5480	0.01088148699
5481	0.01087898204
5482	0.01087689034
5483	0.01087403829
5484	0.01087149571
5485	0.01086971523
5486	0.0108671335
5487	0.01086447851
5488	0.01086151014
5489	0.01085911847
5490	0.01085672415
5491	0.01085487063
5492	0.01085267653
5493	0.0108497912
5494	0.01084719542
5495	0.01084493056
5496	0.01084310308
5497	0.01084033792
5498	0.01083816289
5499	0.01083608898
5500	0.01083395614
5501	0.01083147618
5502	0.01082880352
5503	0.01082667534
5504	0.01082391182
5505	0.01082127902
5506	0.01081940809
5507	0.01081711365
5508	0.01081382948
5509	0.0108113845
5510	0.01080916982
5511	0.01080683636
5512	0.01080425501
5513	0.01080139726
5514	0.01079884377
5515	0.01079626455
5516	0.0107945901
5517	0.01079229921
5518	0.01078912834
5519	0.01078694093
5520	0.01078455687
5521	0.01078195095
5522	0.01077995052
5523	0.01077795476
5524	0.01077490187
5525	0.01077222814
5526	0.01076998846
5527	0.01076800991
5528	0.01076549824
5529	0.01076276055
5530	0.01075990846
5531	0.01075729307
5532	0.01075579136
5533	0.01075368684
5534	0.01075115147
5535	0.01074836554
5536	0.01074607359
5537	0.01074355605
5538	0.01074078771
5539	0.01073855139
5540	0.0107361719
5541	0.010733417
5542	0.01073166134
5543	0.01072856285
5544	0.0107264594
5545	0.01072427074
5546	0.01072153088
5547	0.01071939511
5548	0.01071735338
5549	0.01071506627
5550	0.01071275672
5551	0.01071031365
5552	0.01070805803
5553	0.01070594157
5554	0.01070373467
5555	0.0107005168
5556	0.01069847749
5557	0.01069580319
5558	0.01069449955
5559	0.01069189179
5560	0.0106895516
5561	0.01068673165
5562	0.01068390512
5563	0.01068203987
5564	0.01067981427
5565	0.01067736056
5566	0.01067443612
5567	0.01067210196
5568	0.01067045604
5569	0.01066786293
5570	0.01066621156
5571	0.01066397883
5572	0.01066100672
5573	0.01065678862
5574	0.0106539861
5575	0.01065162324
5576	0.01064933991
5577	0.01064734957
5578	0.01064476154
5579	0.01064259154
5580	0.01063955835
5581	0.01063720195
5582	0.01063538667
5583	0.01063336946
5584	0.01063084879
5585	0.01062796212
5586	0.01062547518
5587	0.01062364942
5588	0.01062087077
5589	0.01061871067
5590	0.01061625333
5591	0.0106144376
5592	0.0106120991
5593	0.01060935629
5594	0.01060728142
5595	0.01060515616
5596	0.01060272972
5597	0.01060066073
5598	0.01059876777
5599	0.01059607035
5600	0.01059443428
5601	0.01059243938
5602	0.01058990001
5603	0.01058743179
5604	0.01058503303
5605	0.01058303765
5606	0.01058070861
5607	0.01057927886
5608	0.01057717626
5609	0.01057447821
5610	0.01057184103
5611	0.01056970947
5612	0.0105677208
5613	0.01056577247
5614	0.01056276575
5615	0.0105605536
5616	0.01055824253
5617	0.01055595443
5618	0.0105539513
5619	0.01055195974
5620	0.01054875132
5621	0.01054693448
5622	0.01054443921
5623	0.01054201507
5624	0.01054016688
5625	0.01053784576
5626	0.01053521111
5627	0.01053321367
5628	0.01053044423
5629	0.0105286409
5630	0.01052688104
5631	0.01052521353
5632	0.01052304902
5633	0.01052092691
5634	0.01051900691
5635	0.01051708269
5636	0.01051478485
5637	0.0105126768
5638	0.01051012589
5639	0.01050747764
5640	0.01050519638
5641	0.01050308015
5642	0.01050096666
5643	0.01049869173
5644	0.01049680743
5645	0.01049409118
5646	0.01049133853
5647	0.01048931423
5648	0.01048706872
5649	0.01048497978
5650	0.01048274384
5651	0.01048072522
5652	0.01047901298
5653	0.01047660017
5654	0.01047386519
5655	0.01047195132
5656	0.01046954875
5657	0.01046769085
5658	0.01046567624
5659	0.01046358622
5660	0.01046060301
5661	0.01045821765
5662	0.01045624601
5663	0.01045419968
5664	0.0104517407
5665	0.01044953607
5666	0.01044735812
5667	0.0104456795
5668	0.01044318863
5669	0.01044059957
5670	0.01043826895
5671	0.01043633909
5672	0.01043488016
5673	0.01043279327
5674	0.0104296193
5675	0.01042767583
5676	0.01042532842
5677	0.01042329508
5678	0.0104209713
5679	0.01041866679
5680	0.01041705449
5681	0.0104144217
5682	0.01041254244
5683	0.01041035881
5684	0.01040758278
5685	0.01040522805
5686	0.01040329712
5687	0.0104014701
5688	0.01039906279
5689	0.01039725278
5690	0.01039458283
5691	0.01039265255
5692	0.01039020276
5693	0.01038833583
5694	0.01038621308
5695	0.01038442067
5696	0.01038242239
5697	0.01038025724
5698	0.01037800145
5699	0.01037594517
5700	0.0103740466
5701	0.01037205966
5702	0.01036913075
5703	0.01036740717
5704	0.01036568197
5705	0.0103630855
5706	0.01036121307
5707	0.01035900282
5708	0.01035635095
5709	0.01035448279
5710	0.01035184961
5711	0.01034899905
5712	0.01034742212
5713	0.01034480055
5714	0.01034293048
5715	0.0103407353
5716	0.01033840454
5717	0.01033653303
5718	0.01033422374
5719	0.01033252807
5720	0.01032923742
5721	0.01032716393
5722	0.01032532916
5723	0.01032358441
5724	0.01032149947
5725	0.01031929192
5726	0.01031717015
5727	0.01031488187
5728	0.01031301729
5729	0.01031028308
5730	0.01030859541
5731	0.01030685948
5732	0.01030461308
5733	0.01030256107
5734	0.01030111561
5735	0.01029853678
5736	0.01029662385
5737	0.01029443291
5738	0.01029248836
5739	0.0102902594
5740	0.01028749488
5741	0.01028529021
5742	0.01028363295
5743	0.01028153206
5744	0.01027927731
5745	0.01027644857
5746	0.01027428064
5747	0.01027210332
5748	0.01027030781
5749	0.01026813892
5750	0.01026625752
5751	0.01026414942
5752	0.01026221093
5753	0.01026063595
5754	0.01025802022
5755	0.01025585778
5756	0.01025343807
5757	0.01025081105
5758	0.0102466536
5759	0.01024455577
5760	0.01024235872
5761	0.01024048803
5762	0.01023818357
5763	0.01023601384
5764	0.01023386605
5765	0.01023215888
5766	0.01022969426
5767	0.01022736922
5768	0.01022567729
5769	0.01022352626
5770	0.01022179764
5771	0.01021963753
5772	0.01021806778
5773	0.01021550138
5774	0.01021331917
5775	0.010211187
5776	0.01020889863
5777	0.01020714006
5778	0.01020460348
5779	0.01020204036
5780	0.0102003111
5781	0.0101984144
5782	0.01019629504
5783	0.01019369628
5784	0.0101917886
5785	0.01019013058
5786	0.01018787985
5787	0.01018550482
5788	0.01018299341
5789	0.01018122992
5790	0.01017904337
5791	0.01017751539
5792	0.01017560023
5793	0.0101732869
5794	0.01017079118
5795	0.01016864591
5796	0.0101667805
5797	0.01016462084
5798	0.01016304799
5799	0.01016029546
5800	0.01015802031
5801	0.01015642284
5802	0.01015405202
5803	0.01015197212
5804	0.01015000448
5805	0.01014795826
5806	0.01014597575
5807	0.01014389061
5808	0.01014140978
5809	0.0101397225
5810	0.01013757855
5811	0.01013588987
5812	0.01013374318
5813	0.01013145626
5814	0.01012998119
5815	0.01012816946
5816	0.01012622872
5817	0.01012396746
5818	0.01012198253
5819	0.01012021388
5820	0.01011794571
5821	0.01011525942
5822	0.01011406287
5823	0.01011183307
5824	0.01010913235
5825	0.01010695312
5826	0.01010534811
5827	0.01010290868
5828	0.0101009102
5829	0.01009888021
5830	0.01009693498
5831	0.01009512939
5832	0.01009309036
5833	0.01009088808
5834	0.01008921278
5835	0.01008675529
5836	0.0100847603
5837	0.01008298872
5838	0.01008013648
5839	0.01007832056
5840	0.01007619879
5841	0.01007433152
5842	0.01007234246
5843	0.01007042291
5844	0.01006806635
5845	0.01006601515
5846	0.01006410584
5847	0.0100624457
5848	0.01005973953
5849	0.01005735504
5850	0.0100558113
5851	0.01005407683
5852	0.01005198391
5853	0.01004990064
5854	0.01004799127
5855	0.01004584189
5856	0.01004417879
5857	0.0100417769
5858	0.0100399247
5859	0.01003730908
5860	0.01003537208
5861	0.01003409597
5862	0.0100317554
5863	0.01002984779
5864	0.01002778253
5865	0.01002596807
5866	0.01002412044
5867	0.01002240274
5868	0.01002042881
5869	0.01001840707
5870	0.01001612662
5871	0.01001444632
5872	0.0100124514
5873	0.01000969929
5874	0.01000764151
5875	0.01000614778
5876	0.01000394134
5877	0.01000207803
5878	0.01000034942
5879	0.009997903868
5880	0.009995961811
5881	0.009993947767
5882	0.009992281277
5883	0.009990387321
5884	0.009988386905
5885	0.009985426362
5886	0.009983773501
5887	0.009981993271
5888	0.00997945202
5889	0.009977711076
5890	0.009975766724
5891	0.0099735799
5892	0.009971772635
5893	0.00997000652
5894	0.009967755316
5895	0.009965495954
5896	0.009963385105
5897	0.009961429223
5898	0.009959711142
5899	0.009957786085
5900	0.009955181491
5901	0.009953085989
5902	0.009951321093
5903	0.009949740691
5904	0.009947815438
5905	0.009945645679
5906	0.009943782745
5907	0.009942167084
5908	0.00993995156
5909	0.009937230891
5910	0.00993599824
5911	0.009934098106
5912	0.009932104249
5913	0.009929697974
5914	0.009927588804
5915	0.009925784032
5916	0.009924134974
5917	0.009922252168
5918	0.009920289989
5919	0.009918446784
5920	0.009916700357
5921	0.009914680174
5922	0.009913073328
5923	0.009911011432
5924	0.009909147856
5925	0.009906625349
5926	0.009904467711
5927	0.009902576234
5928	0.009900578416
5929	0.009898723877
5930	0.009896957538
5931	0.009894831382
5932	0.009892846156
5933	0.009891071554
5934	0.009889412934
5935	0.009886344291
5936	0.009884516354
5937	0.009883106555
5938	0.009881270721
5939	0.009879692576
5940	0.009877043488
5941	0.009875009728
5942	0.009873229905
5943	0.009871504191
5944	0.009869132978
5945	0.009867598342
5946	0.00986551946
5947	0.009863209648
5948	0.00986150963
5949	0.009859256132
5950	0.009857420521
5951	0.009855712069
5952	0.009853501542
5953	0.009851465946
5954	0.009849874631
5955	0.009847548489
5956	0.009845689792
5957	0.009843804769
5958	0.009842177355
5959	0.009839859647
5960	0.009838024233
5961	0.009835770354
5962	0.009833593184
5963	0.009831771241
5964	0.009829758693
5965	0.009827892021
5966	0.009826202864
5967	0.009824186918
5968	0.009822472773
5969	0.009820158803
5970	0.009818474683
5971	0.009816616787
5972	0.009815043101
5973	0.009813107144
5974	0.009811302634
5975	0.009809376554
5976	0.009807364753
5977	0.009805719683
5978	0.009804050491
5979	0.0098021481
5980	0.009800247651
5981	0.009797715871
5982	0.009796068046
5983	0.009794094495
5984	0.00979244587
5985	0.009790077176
5986	0.009788070504
5987	0.009786367075
5988	0.009784222305
5989	0.009782128246
5990	0.009780524141
5991	0.00977863938
5992	0.009776802327
5993	0.009774535986
5994	0.009773154546
5995	0.009771095812
5996	0.00976850966
5997	0.009767189884
5998	0.00976454481
5999	0.009762251172
