,D_1:13,D_1:18,D_5:6,T_1:4,T_5:6,A1_9:13,A1_11:12,A2_9:10,A2_9:13,A2_13:17,A2_15:19,A2_17:18,A3_9:19,B2_7:19,B2_9:19,B2_1:2_x_B2_1:3,A1_13:20_x_A1_13:21,A3_7:10_x_A3_2:10_x_A3_3:10,A1_17:20_x_A1_17:21,A1_11:15_x_A1_11:16_x_A1_12:15_x_A1_12:16,A1_9:10_x_A1_9:15_x_A1_9:16,D_2:8_x_D_3:8_x_D_7:8,D_2:7_x_D_3:7,A1_4:13_x_A1_1:13_x_A1_5:13_x_A1_6:13_x_A1_1:8_x_A1_5:8_x_A1_6:8,A3_13:20_x_A3_13:21,A1_1:11_x_A1_5:11_x_A1_6:11_x_A1_6:12_x_A1_1:12_x_A1_5:12_x_A1_2:5_x_A1_2:6_x_A1_3:5_x_A1_3:6_x_A1_1:2_x_A1_1:3_x_A1_1:7_x_A1_5:7_x_A1_6:7_x_A1_7:10_x_A1_2:10_x_A1_3:10_x_A1_8:10_x_A1_10:13_x_A1_4:11_x_A1_4:12_x_A1_4:8_x_A1_4:7_x_A1_2:4_x_A1_3:4_x_A1_9:11_x_A1_9:12_x_A1_8:9_x_A1_7:9_x_A1_2:9_x_A1_3:9,A2_9:19_x_A2_10:19,A1_13:15_x_A1_13:16_x_A1_8:15_x_A1_8:16_x_A1_8:19_x_A1_13:19,A3_5:21_x_A3_6:21_x_A3_5:20_x_A3_6:20_x_A3_10:20_x_A3_10:21_x_A3_1:20_x_A3_1:21_x_A3_4:20_x_A3_4:21,A1_12:13_x_A1_13:17,A3_13:19_x_A3_13:15_x_A3_13:16,D_2:3_x_T_2:3_x_A1_2:3_x_A2_2:3_x_A3_2:3_x_B1_2:3_x_B2_2:3,A3_14:18_x_A3_18:19_x_A3_15:18_x_A3_16:18_x_A3_14:17_x_A3_14:20_x_A3_14:21,T_17:18_x_A1_17:18,A3_9:17_x_A3_9:20_x_A3_9:21,A2_12:17_x_A2_11:17_x_A2_7:17_x_A2_2:17_x_A2_3:17_x_A2_11:18_x_A2_12:18,T_2:5_x_T_2:6_x_T_3:5_x_T_3:6_x_T_5:7_x_T_6:7_x_T_1:7_x_T_1:2_x_T_1:3_x_T_8:10_x_T_7:10_x_T_2:10_x_T_3:10_x_T_2:9_x_T_3:9_x_T_2:4_x_T_4:8_x_T_3:4_x_T_4:7,B1_4:19_x_B1_4:15_x_B1_4:16_x_B1_6:15_x_B1_6:16_x_B1_5:15_x_B1_5:16_x_B1_1:15_x_B1_1:16_x_B1_1:19_x_B1_10:19_x_B1_5:19_x_B1_6:19_x_B2_5:19_x_B2_6:19_x_B2_5:15_x_B2_5:16_x_B2_6:10_x_B2_6:15_x_B2_6:16_x_B2_1:19_x_B2_1:10_x_B2_1:15_x_B2_1:16_x_B2_4:10_x_B2_4:19_x_B2_4:15_x_B2_4:16_x_B2_1:9_x_B1_1:9_x_B1_5:9_x_B1_6:9_x_B2_6:9_x_B2_9:15_x_B2_9:16_x_B2_5:9_x_B2_9:10_x_B1_1:14_x_B1_5:14_x_B1_6:14_x_B1_4:10_x_B1_9:10_x_B1_9:19_x_B1_9:15_x_B1_9:16_x_B2_1:14_x_B2_5:14_x_B2_6:14_x_B1_14:16_x_B2_10:14_x_B2_14:15_x_B2_14:16_x_B1_16:19_x_B1_15:19_x_B2_10:19_x_B2_15:19_x_B2_16:19_x_A3_1:16_x_A3_1:15_x_A3_5:15_x_A3_6:15_x_A3_5:16_x_A3_6:16_x_A3_10:19_x_A3_4:19_x_A3_1:19_x_A3_5:19_x_A3_6:19_x_A3_5:14_x_A3_10:14_x_A3_1:14_x_A3_6:14_x_A3_1:9_x_A3_5:9_x_A3_6:9_x_A3_9:10_x_A3_9:15_x_A3_9:16_x_A3_4:10_x_A3_4:15_x_A3_4:16,T_8:19_x_T_7:19_x_T_2:19_x_T_3:19_x_T_2:15_x_T_3:15_x_T_2:16_x_T_3:16_x_T_7:15_x_T_7:16_x_T_8:15_x_T_8:16,D_10:16_x_D_10:15_x_D_15:16_x_D_5:16_x_D_5:15_x_D_6:15_x_D_6:16_x_D_5:10_x_D_6:10,A3_1:17_x_A3_5:17_x_A3_6:17_x_A3_17:19_x_A3_19:20_x_A3_19:21_x_A3_15:20_x_A3_15:21_x_A3_16:20_x_A3_16:21_x_A3_11:16_x_A3_12:16_x_A3_11:15_x_A3_12:15_x_A3_10:11_x_A3_10:17_x_A3_15:17_x_A3_16:17,T_9:17_x_T_10:18_x_T_5:18_x_T_6:18_x_T_4:18_x_T_9:18_x_T_7:14_x_T_2:14_x_T_3:14_x_T_8:14_x_T_13:14_x_T_4:13_x_T_8:9_x_T_9:13_x_B2_9:18_x_B2_9:20_x_B2_9:21_x_B2_2:14_x_B2_2:19_x_B2_2:15_x_B2_2:16_x_B2_3:14_x_B2_3:19_x_B2_3:15_x_B2_3:16_x_B2_8:14_x_B2_8:19_x_B2_13:14_x_B2_13:19_x_B2_2:9_x_B2_3:9_x_B2_7:9_x_B2_7:14_x_B1_9:11_x_B1_9:12_x_B1_13:14_x_B1_10:13_x_B1_13:15_x_B1_11:14_x_B1_12:14_x_B1_14:17_x_B1_14:18_x_T_10:14_x_T_4:14_x_T_9:14_x_T_1:14_x_T_5:14_x_T_6:14_x_T_4:15_x_T_4:16_x_T_9:15_x_T_9:16_x_T_4:10_x_T_4:5_x_T_4:6_x_T_9:10_x_T_1:9_x_T_5:9_x_T_6:9,A3_4:12_x_A3_4:17,A1_11:20_x_A1_12:20_x_A1_11:21_x_A1_12:21_x_A1_11:17_x_A1_12:17,B2_2:8_x_B2_3:8_x_B1_2:8_x_B1_3:8_x_B1_7:8_x_B2_7:8_x_B1_11:21_x_B1_12:21_x_B1_11:20_x_B1_12:20_x_B1_8:20_x_B1_8:21_x_B1_7:20_x_B1_7:21_x_B1_2:21_x_B1_3:21_x_B1_2:20_x_B1_3:20_x_B1_2:11_x_B1_2:12_x_B1_3:11_x_B1_3:12_x_B1_7:17_x_B1_2:17_x_B1_3:17,B2_7:20_x_B2_7:21_x_B2_3:20_x_B2_3:21_x_B2_2:20_x_B2_2:21_x_B2_8:20_x_B2_8:21_x_B2_8:17_x_B2_8:11_x_B2_8:12_x_B2_3:17_x_B2_3:11_x_B2_3:12_x_B2_2:17_x_B2_2:11_x_B2_2:12_x_B2_2:18_x_B2_3:18_x_B2_7:18_x_B2_11:18_x_B2_12:18_x_B2_13:20_x_B2_13:21_x_B2_2:13_x_B2_3:13_x_B2_7:13_x_B2_11:13_x_B2_12:13_x_B2_13:17_x_D_4:7_x_D_2:4_x_D_3:4_x_D_2:6_x_D_3:6_x_D_3:5_x_D_2:5_x_D_5:7_x_D_1:7_x_D_1:2_x_D_1:3_x_D_6:8_x_D_1:8_x_D_5:8_x_D_5:17_x_D_6:17_x_D_6:12_x_D_5:12_x_D_5:11_x_D_6:11_x_D_4:17_x_D_4:11_x_D_4:12_x_D_1:17_x_D_1:11_x_D_1:12,D_6:7_x_D_17:19_x_D_19:20_x_D_19:21,A1_10:14_x_A1_14:15_x_A1_14:16_x_A1_10:19_x_A1_15:19_x_A1_16:19_x_A1_10:16_x_A1_10:15_x_A1_15:16,A1_1:18_x_A1_5:18_x_A1_6:18_x_A1_1:17_x_A1_5:17_x_A1_6:17_x_A1_4:18_x_A1_9:18_x_A1_5:20_x_A1_6:20_x_A1_5:21_x_A1_6:21_x_A1_1:20_x_A1_1:21_x_A1_4:17_x_A1_4:20_x_A1_4:21_x_A3_8:10_x_A3_8:15_x_A3_8:16_x_A3_2:15_x_A3_3:15_x_A3_2:16_x_A3_3:16_x_A3_7:15_x_A3_7:16_x_A3_11:19_x_A3_12:19_x_A3_8:19_x_A3_7:19_x_A3_2:19_x_A3_3:19_x_A3_7:14_x_A3_11:14_x_A3_12:14_x_A3_8:14_x_A3_2:14_x_A3_3:14_x_A3_8:9_x_A3_9:11_x_A3_9:12_x_A3_7:9_x_A3_2:9_x_A3_3:9_x_A3_13:14_x_A3_9:13_x_A3_9:18,T_13:20_x_T_13:21_x_T_8:20_x_T_8:21_x_T_11:20_x_T_12:20_x_T_11:21_x_T_12:21_x_T_17:20_x_T_17:21_x_T_11:12_x_T_11:17_x_T_12:17_x_D_10:17_x_D_15:17_x_D_16:17_x_D_10:11_x_D_10:12_x_D_11:15_x_D_12:15_x_D_11:16_x_D_12:16_x_D_15:21_x_D_16:21_x_D_15:20_x_D_16:20_x_D_14:17_x_D_14:20_x_D_14:21_x_D_18:19_x_D_14:18_x_D_15:18_x_D_16:18_x_D_11:14_x_D_12:14_x_D_9:17_x_D_9:11_x_D_9:12_x_D_10:18_x_D_5:18_x_D_6:18_x_D_4:18_x_D_9:18_x_D_8:10_x_D_8:14_x_D_8:15_x_D_8:16_x_D_5:13_x_D_6:13_x_D_4:8_x_D_8:9_x_D_4:13_x_D_9:13_x_D_11:20_x_D_11:21_x_D_12:20_x_D_12:21_x_D_7:20_x_D_7:21_x_B1_18:20_x_B1_18:21_x_B2_18:20_x_B2_18:21_x_B1_17:18_x_B2_17:18_x_A3_17:18_x_A3_18:20_x_A3_18:21_x_A2_18:20_x_A2_18:21_x_D_18:20_x_D_18:21_x_A1_18:20_x_A1_18:21_x_T_18:20_x_T_18:21_x_T_14:15_x_T_14:16_x_T_14:19_x_T_15:19_x_T_10:19_x_T_16:19_x_A1_14:19_x_A2_14:19_x_A3_14:19_x_B1_14:19_x_B2_14:19_x_D_10:14_x_D_14:15_x_D_14:16_x_D_14:19_x_D_17:20_x_D_17:21_x_D_15:19_x_D_16:19_x_D_8:13_x_D_8:17_x_D_8:11_x_D_8:12_x_D_7:13_x_D_2:13_x_D_3:13_x_D_13:17_x_D_11:13_x_D_12:13_x_D_7:17_x_D_11:18_x_D_7:18_x_D_12:18,D_11:12_x_D_11:17_x_D_12:17_x_D_17:18_x_D_7:11_x_D_7:12,B1_19:20_x_B1_19:21_x_B1_15:21_x_B1_14:20_x_B1_14:21_x_B1_15:20_x_B1_16:20_x_B1_16:21_x_B1_15:18_x_B1_16:18_x_B1_17:19_x_B1_18:19_x_D_7:10_x_D_7:15_x_D_7:16_x_D_11:19_x_D_12:19_x_D_13:19_x_D_13:14_x_D_10:13_x_D_13:15_x_D_13:16,T_1:19_x_T_5:19_x_T_6:19_x_T_4:19_x_T_9:19_x_T_1:15_x_T_1:16_x_T_5:16_x_T_6:16_x_T_5:15_x_T_6:15_x_T_10:16_x_T_10:15_x_T_15:16,A1_11:13_x_A1_7:13_x_A1_2:13_x_A1_3:13_x_A1_8:11_x_A1_8:12_x_A1_2:12_x_A1_3:12_x_A1_2:11_x_A1_3:11_x_A1_7:11_x_A1_7:12_x_A1_8:18_x_A1_7:18_x_A1_2:18_x_A1_3:18_x_A1_8:17_x_A1_7:17_x_A1_2:17_x_A1_3:17_x_A2_7:18_x_A2_2:18_x_A2_3:18_x_A2_7:13_x_A2_2:13_x_A2_3:13_x_A2_8:11_x_A2_8:12_x_A2_11:13_x_A2_12:13_x_A2_8:14_x_A2_7:14_x_A2_2:14_x_A2_3:14_x_A2_8:19_x_A2_7:19_x_A2_2:19_x_A2_3:19_x_A2_8:15_x_A2_8:16_x_A2_13:15_x_A2_13:16_x_A2_8:10_x_A2_10:13_x_A2_13:14_x_A2_13:19,A3_17:20_x_A3_17:21_x_A3_11:21_x_A3_11:20_x_A3_12:20_x_A3_12:21_x_A3_8:20_x_A3_8:21_x_A3_7:20_x_A3_7:21_x_A3_2:21_x_A3_3:21_x_A3_2:20_x_A3_3:20_x_A3_8:17_x_A3_2:17_x_A3_3:17_x_A3_7:17_x_A3_12:17,D_2:19_x_D_3:19_x_D_3:15_x_D_3:16_x_D_2:15_x_D_2:16_x_D_2:10_x_D_3:10_x_D_7:9_x_D_2:9_x_D_3:9_x_D_7:14_x_D_2:14_x_D_3:14_x_D_7:19_x_D_8:19_x_T_7:20_x_T_7:21_x_T_3:20_x_T_3:21_x_T_2:20_x_T_2:21_x_T_11:18_x_T_12:18_x_T_7:18_x_T_2:18_x_T_3:18_x_T_8:17_x_T_7:17_x_T_2:17_x_T_3:17_x_A2_1:17_x_A2_5:17_x_A2_6:17_x_A2_1:18_x_A2_5:18_x_A2_6:18_x_A2_6:20_x_A2_1:20_x_A2_5:20_x_A2_4:20_x_A2_4:21_x_A2_1:21_x_A2_5:21_x_A2_6:21_x_A2_4:17_x_A2_4:18,A1_8:13_x_B1_8:18_x_B2_8:18_x_A2_8:13_x_T_8:13_x_A3_8:13_x_B1_8:13_x_B2_8:13,B1_17:20_x_B1_17:21_x_B2_17:20_x_B2_17:21_x_D_20:21_x_A2_20:21_x_A1_20:21_x_T_20:21_x_A3_20:21_x_B1_20:21_x_B2_20:21,D_8:20_x_D_8:21_x_D_13:20_x_D_13:21,B2_4:5_x_B2_4:6_x_B1_4:5_x_B1_4:6_x_B1_1:4_x_B2_1:4_x_B1_1:5_x_B1_1:6_x_B2_1:5_x_B2_1:6_x_B1_2:7_x_B2_2:7_x_B1_3:7_x_B2_3:7_x_B2_10:15_x_B2_10:16_x_B1_10:15_x_B1_10:16_x_B1_15:16_x_B2_15:16_x_B1_1:10_x_B1_6:10_x_B1_5:10_x_B2_5:10_x_A3_7:12_x_A3_2:12_x_A3_3:12_x_A3_2:11_x_A3_3:11_x_A3_7:11_x_B1_7:11_x_B1_7:12_x_B1_11:17_x_B1_12:17_x_B1_11:12_x_B2_11:12_x_A3_5:10_x_A3_1:10_x_A3_6:10_x_A3_10:15_x_A3_10:16_x_A3_15:16_x_A3_2:7_x_A3_3:7_x_A2_2:7_x_A2_3:7_x_A1_1:5_x_A1_1:6_x_A2_1:6_x_A2_1:5_x_A3_1:5_x_A3_1:6_x_B1_5:6_x_B2_5:6_x_A2_5:6_x_A3_5:6_x_A2_7:8_x_A2_2:8_x_A2_3:8_x_A3_7:8_x_A3_2:8_x_A3_3:8_x_A1_2:7_x_A1_3:7_x_A1_7:8_x_A1_2:8_x_A1_3:8_x_A1_5:6_x_A1_1:4_x_A1_4:5_x_A1_4:6_x_A1_1:9_x_A1_5:9_x_A1_6:9_x_A2_11:12_x_A2_7:11_x_A2_7:12_x_A2_2:12_x_A2_3:12_x_A2_2:11_x_A2_3:11,A3_11:12_x_A3_11:17,A2_7:20_x_A2_2:20_x_A2_3:20_x_A2_4:19_x_A2_1:19_x_A2_5:19_x_A2_6:19_x_A2_8:20_x_A2_13:20_x_A2_13:21_x_A2_8:17_x_A2_8:21_x_A2_7:21_x_A2_2:21_x_A2_3:21,T_10:20_x_T_10:21_x_T_15:21_x_T_16:21_x_T_15:20_x_T_16:20_x_T_14:18_x_T_14:17_x_T_11:14_x_T_12:14_x_T_15:18_x_T_16:18_x_T_10:13_x_T_13:15_x_T_13:16_x_T_18:19_x_T_13:19_x_T_17:19_x_T_11:19_x_T_12:19_x_T_15:17_x_T_16:17_x_T_14:20_x_T_14:21_x_T_19:20_x_T_19:21_x_T_9:20_x_T_9:21_x_T_4:17_x_T_10:17_x_T_5:17_x_T_6:17,A1_17:19_x_A1_16:20_x_A1_15:20_x_A1_15:21_x_A1_16:21_x_A1_19:20_x_A1_19:21_x_A1_15:17_x_A1_16:17_x_A1_14:17_x_A1_14:20_x_A1_14:21_x_A1_18:19_x_A1_14:18_x_A1_15:18_x_A1_16:18_x_A1_9:17_x_A1_9:20_x_A1_9:21_x_A1_10:20_x_A1_10:21,A3_7:13_x_A3_2:13_x_A3_3:13_x_A3_8:11_x_A3_8:12_x_A3_11:13_x_A3_12:13_x_A3_13:17,T_4:11_x_T_4:12_x_T_7:9_x_T_9:11_x_T_9:12_x_T_11:15_x_T_12:15_x_T_11:16_x_T_12:16_x_T_5:11_x_T_6:11_x_T_5:12_x_T_6:12_x_T_10:11_x_T_10:12_x_B1_1:20_x_B1_1:21_x_B1_5:21_x_B1_6:21_x_B1_5:20_x_B1_6:20_x_B1_4:20_x_B1_4:21_x_B1_9:20_x_B1_9:21_x_B1_7:19_x_B1_2:19_x_B1_3:19_x_B1_11:19_x_B1_12:19_x_B1_10:18_x_B1_5:18_x_B1_6:18_x_B1_5:17_x_B1_6:17_x_B1_8:14_x_B1_8:15_x_B1_9:13_x_B1_9:18_x_B1_4:17_x_B1_9:17_x_B1_1:18_x_B1_4:18_x_B1_10:20_x_B1_10:21_x_B1_8:19_x_B1_13:19_x_B2_4:17_x_B2_4:20_x_B2_4:21_x_B2_5:17_x_B2_5:20_x_B2_5:21_x_B2_8:10_x_B2_8:15_x_B2_8:16_x_B2_10:13_x_B2_13:15_x_B2_13:16_x_B2_1:13_x_B2_5:13_x_B2_6:13_x_B2_4:13_x_B2_9:13_x_B2_4:8_x_B2_8:9_x_B1_7:14_x_B1_2:14_x_B1_3:14_x_B1_7:15_x_B1_2:15_x_B1_3:15_x_B1_8:9_x_B1_3:9_x_B1_2:9_x_B1_7:9_x_B2_1:17_x_B2_1:20_x_B2_1:21_x_B2_1:18_x_B2_4:18_x_B2_1:11_x_B2_1:12_x_B2_4:11_x_B2_4:12_x_B2_9:11_x_B2_9:12_x_B2_9:17_x_B2_7:15_x_B2_7:16_x_B2_11:19_x_B2_12:19_x_B2_11:14_x_B2_12:14_x_B2_5:18_x_B2_6:18_x_B2_6:17_x_B2_6:20_x_B2_6:21_x_B2_15:20_x_B2_16:20_x_B2_15:21_x_B2_16:21_x_B2_10:20_x_B2_10:21_x_B2_17:19_x_B2_18:19_x_B2_14:18_x_B2_10:18_x_B2_15:18_x_B2_16:18_x_B2_3:5_x_B2_2:5_x_B2_2:6_x_B2_3:6_x_B2_5:11_x_B2_5:7_x_B2_6:7_x_B2_5:12_x_B2_6:12_x_B2_5:8_x_B2_6:8_x_B2_2:4_x_B2_3:4_x_B2_4:7_x_B2_1:7_x_B2_1:8_x_B2_7:10_x_B2_2:10_x_B2_3:10_x_D_10:20_x_D_10:21_x_D_6:20_x_D_6:21_x_D_5:20_x_D_5:21_x_D_9:20_x_D_9:21_x_D_1:20_x_D_1:21_x_D_4:20_x_D_4:21_x_A1_2:19_x_A1_3:19_x_A1_2:15_x_A1_3:15_x_A1_2:16_x_A1_3:16_x_A1_11:19_x_A1_12:19_x_A1_7:19_x_A1_7:15_x_A1_7:16_x_A2_2:10_x_A2_3:10_x_A2_2:15_x_A2_3:15_x_A2_2:16_x_A2_3:16_x_A2_7:15_x_A2_7:16_x_A2_4:15_x_A2_4:16_x_A2_9:15_x_A2_9:16_x_A2_1:15_x_A2_5:15_x_A2_6:15_x_A2_1:16_x_A2_5:16_x_A2_6:16_x_A2_10:15_x_A2_10:16_x_B2_11:15_x_B2_12:15_x_B2_15:17_x_B2_10:12_x_B2_10:17_x_B2_11:16_x_B2_12:16_x_B2_16:17_x_B2_6:11_x_B2_10:11_x_B2_19:20_x_B2_19:21_x_B2_14:17_x_B2_14:20_x_B2_14:21_x_A1_1:10_x_A1_5:10_x_A1_6:10_x_A1_1:16_x_A1_5:16_x_A1_6:16_x_A1_1:15_x_A1_5:15_x_A1_6:15_x_A1_4:10_x_A1_4:15_x_A1_4:16_x_A1_1:19_x_A1_5:19_x_A1_6:19_x_A1_4:19_x_A1_9:19,A1_8:20_x_A1_8:21_x_A1_7:20_x_A1_2:20_x_A1_3:20_x_A1_7:21_x_A1_2:21_x_A1_3:21_x_B1_4:7_x_B1_2:4_x_B1_3:4_x_B1_4:8_x_B1_1:8_x_B1_5:8_x_B1_6:8_x_B1_1:13_x_B1_5:13_x_B1_6:13_x_B1_7:10_x_B1_2:10_x_B1_3:10_x_B1_5:12_x_B1_1:11_x_B1_1:12_x_B1_4:11_x_B1_4:12_x_B1_13:16_x_B1_8:10_x_B1_8:16_x_T_4:20_x_T_4:21_x_T_5:20_x_T_6:20_x_T_5:21_x_T_6:21_x_T_1:20_x_T_1:21_x_T_1:17_x_T_1:18_x_B1_4:13_x_B1_1:17_x_B1_7:16_x_B1_2:16_x_B1_3:16,B2_7:17_x_B2_7:11_x_B2_7:12_x_B2_11:20_x_B2_12:20_x_B2_11:21_x_B2_12:21_x_B2_11:17_x_B2_12:17_x_B1_8:17_x_B1_8:11_x_B1_8:12_x_B1_2:18_x_B1_3:18_x_B1_7:18_x_B1_11:18_x_B1_12:18_x_B1_13:20_x_B1_13:21_x_B1_2:13_x_B1_3:13_x_B1_7:13_x_B1_11:13_x_B1_12:13_x_B1_13:17_x_T_8:11_x_T_8:12_x_T_13:17_x_T_11:13_x_T_12:13_x_T_7:13_x_T_2:13_x_T_3:13_x_T_7:11_x_T_7:12_x_T_1:10_x_T_5:10_x_T_6:10_x_T_3:11_x_T_2:11_x_T_2:12_x_T_3:12_x_A1_4:14_x_A1_1:14_x_A1_5:14_x_A1_6:14_x_A2_4:14_x_A2_1:14_x_A2_5:14_x_A2_6:14_x_A2_4:10_x_A2_1:9_x_A2_5:9_x_A2_6:9_x_A2_5:10_x_A2_1:10_x_A2_6:10,A2_10:14_x_B1_10:14,A1_7:14_x_A1_11:14_x_A1_12:14_x_A1_2:14_x_A1_3:14_x_A1_8:14_x_A1_13:14_x_A1_10:11_x_A1_10:12_x_A1_10:17_x_A1_10:18,A2_1:4_x_A2_4:5_x_A2_4:6_x_A3_1:4_x_A3_4:5_x_A3_4:6,A3_6:12_x_A3_5:11_x_A3_6:11_x_A3_5:7_x_A3_6:7_x_A3_5:12_x_A3_10:12_x_A3_1:8_x_A3_5:8_x_A3_6:8_x_A3_1:2_x_A3_1:3_x_A3_2:5_x_A3_2:6_x_A3_3:5_x_A3_3:6_x_A3_1:7_x_A3_1:11_x_A3_1:12_x_A3_4:8_x_A3_4:11_x_A3_4:7_x_A3_2:4_x_A3_3:4_x_A3_4:13_x_A3_10:13_x_A3_1:13_x_A3_5:13_x_A3_6:13_x_B1_16:17_x_B1_12:16_x_B1_11:15_x_B1_11:16_x_B1_15:17_x_B1_12:15_x_B1_10:12_x_B1_10:17_x_B1_1:2_x_B1_1:3_x_B1_1:7_x_B1_5:7_x_B1_6:7_x_B1_2:6_x_B1_3:6_x_B1_2:5_x_B1_3:5_x_B1_10:11_x_B1_6:12_x_B1_5:11_x_B1_6:11_x_A3_4:18_x_A3_10:18_x_A3_1:18_x_A3_5:18_x_A3_6:18_x_A3_2:18_x_A3_3:18_x_A3_11:18_x_A3_7:18_x_A3_12:18,T_1:11_x_T_1:12_x_T_1:13_x_T_5:13_x_T_6:13_x_T_1:8_x_T_5:8_x_T_6:8_x_T_7:8_x_T_2:8_x_T_3:8_x_T_1:5_x_T_1:6_x_T_2:7_x_T_3:7,A1_9:14_x_A2_9:14_x_D_4:9_x_A1_4:9_x_A2_4:9_x_T_4:9_x_A3_4:9_x_B1_4:9_x_B2_4:9_x_D_4:14_x_D_4:10_x_D_4:15_x_D_4:16_x_D_1:14_x_D_5:14_x_D_6:14_x_D_1:9_x_D_9:10_x_D_5:9_x_D_6:9_x_B1_9:14_x_B2_9:14_x_B1_4:14_x_B2_4:14_x_A3_4:14_x_A3_9:14_x_D_9:14_x_D_9:19_x_D_9:15_x_D_9:16_x_D_1:19_x_D_1:15_x_D_1:16_x_D_4:19_x_D_10:19_x_D_5:19_x_D_6:19_x_D_1:4_x_D_4:5_x_D_4:6_x_D_1:10_x_D_1:5_x_D_1:6_x_A1_11:18_x_A1_12:18_x_A3_8:18_x_A2_8:18_x_T_8:18_x_T_13:18_x_A3_13:18_x_B1_13:18_x_B2_13:18_x_D_8:18_x_D_13:18_x_A1_13:18_x_A2_13:18,D_3:20_x_D_3:21_x_D_2:20_x_D_2:21_x_D_2:18_x_D_3:18_x_D_2:17_x_D_3:17_x_D_3:11_x_D_2:11_x_D_2:12_x_D_3:12,A2_15:21_x_A2_15:20_x_A2_16:20_x_A2_16:21_x_A2_17:19_x_A2_19:20_x_A2_19:21_x_A2_14:20_x_A2_14:21_x_A2_14:17_x_A2_14:18_x_A2_1:11_x_A2_5:11_x_A2_6:11_x_A2_6:12_x_A2_1:12_x_A2_5:12_x_A2_3:5_x_A2_1:2_x_A2_1:3_x_A2_3:6_x_A2_2:5_x_A2_2:6_x_A2_1:7_x_A2_5:7_x_A2_6:7_x_A2_4:7_x_A2_2:4_x_A2_3:4_x_A2_4:8_x_A2_1:8_x_A2_5:8_x_A2_6:8_x_A2_4:13_x_A2_1:13_x_A2_5:13_x_A2_6:13_x_A2_9:11_x_A2_9:12_x_A2_4:11_x_A2_4:12_x_A2_8:9_x_A2_7:9_x_A2_2:9_x_A2_3:9_x_A2_11:14_x_A2_12:14_x_A2_10:17_x_A2_10:18_x_A2_12:15_x_A2_12:16_x_A2_11:15_x_A2_11:16_x_A2_7:10_x_A2_10:11_x_A2_10:12_x_A2_10:20_x_A2_10:21_x_A2_9:20_x_A2_9:21_x_A2_9:17_x_A2_9:18_x_A2_11:20_x_A2_12:20_x_A2_11:21_x_A2_12:21_x_A2_16:19_x_A2_17:20_x_A2_17:21_x_A3_15:19_x_A3_16:19_x_A2_14:16_x_A2_15:16_x_A3_14:16_x_A2_14:15_x_A3_14:15_x_B1_14:15_x_A2_11:19_x_A2_12:19_x_A2_18:19_x_A2_15:18_x_A2_16:18_x_A2_15:17_x_A2_16:17,здоров(1)/болен(0)
0,0.77,0.675,0.904,0.811,0.956,0.639,0.971,0.637,0.581,0.454,0.966,0.916,0.665,0.511,0.525,0.399966,0.277725,0.104582975,0.693885,0.13879179426,0.4745314439999999,0.8024253599999999,0.809058,0.285292302949253,0.34867,6.507055123073876e-05,0.389538,0.0293368218939665,0.0025570763128555,0.605406,0.1504602,0.9481311784768393,0.0454225061129131,0.55499,0.248424708,0.0601515269722605,0.0022046550879188,4.683870013138648e-19,0.0008479299044786,0.1329818635417723,0.000324076462209,1.956954867328929e-15,0.12403,0.049978612453884,0.0001080554753769,1.9480724183613664e-08,0.392814462222,0.1112282631305766,2.7210162914857704e-13,2.986915334970738e-17,0.4281965312047064,3.656198415677629e-05,0.0023033209810339,3.717078635735467e-08,8.137069064821147e-06,2.410116465078402e-09,0.0622878830657665,0.4034820042471841,0.22456675224,1.648697089572837e-07,0.70575,0.0052398900629665,4.945272128768518e-07,0.000408528056161,0.0220077066216037,2.7367545761910017e-46,1.355967948026273e-09,1.3449458960147047e-09,0.3410469999999999,0.0062021289010686,0.323332856581056,3.4805437674269165e-14,0.0593545978633783,2.8609964369291373e-11,0.0109781069191211,4.78467847926535e-13,1
1,0.579,0.613,0.977,0.874,0.954,0.727,0.975,0.802,0.529,0.532,0.911,0.545,0.552,0.418,0.574,0.444928,0.342544,0.1419100199999999,0.76299,0.13464294406,0.4899503699999999,0.6700020600000001,0.83475,0.2898095151223602,0.256828,0.0005518772689416,0.14896,0.048376483167415,0.0074715040027748,0.726978,0.109745544,0.2296755372043495,0.0170315017665055,0.692126,0.277202532,0.0110664876883598,0.0003371548745793,3.8266562949910736e-16,0.0012985368558428,0.1960426406071479,0.0004382094261599,1.508840449847657e-12,0.3670049999999999,0.0748124078550641,3.553077468135896e-05,1.2357941202746114e-11,0.1496116908999999,0.1351478374929345,8.516043643820306e-12,2.2806084994007074e-20,0.4309510598779339,1.183047157990823e-05,0.0054090451097906,1.3238071600901293e-07,0.000135877614526,7.098391046497198e-11,0.1398402477494744,0.2806020540145932,0.238412041076,4.89481257672136e-06,0.767013,5.586827120737743e-06,4.623637528155221e-08,0.0007323861317468,0.1116703355779765,1.6527338889176037e-50,2.815439417642045e-11,1.4031252620780233e-06,0.613128,0.0210307255925627,0.2018331049830251,5.559819487728328e-15,0.017545363143853,0.0130233470661589,0.0521184257188717,3.8328475214965694e-19,0
2,0.532,0.481,0.913,0.929,0.925,0.662,0.956,0.891,0.704,0.726,0.604,0.793,0.732,0.539,0.665,0.390429,0.267156,0.2698215,0.6054620000000001,0.310921430567,0.122617374,0.484868835,0.61788,0.1507712937969937,0.307008,6.091308608942687e-05,0.301938,0.07536283426584,0.0200919633358274,0.460218,0.147566232,0.4312357869242142,0.0220062570542269,0.630089,0.242905392,0.0920762542351371,0.0022353787363638,1.1970377325856508e-13,0.0046062516452292,0.1331656934723796,0.0039115914321117,3.4204389515382905e-13,0.34684,0.102717359545185,1.822556395143047e-05,8.206278036775578e-13,0.172197337956,0.0173121062159173,1.1306736306490014e-13,1.1064832302786668e-19,0.4761821748916351,6.139477136082374e-06,0.0025250406461146,8.472037161427546e-09,0.0001739543105618,6.512622273508684e-11,0.3759145917018044,0.0322128483419786,0.1941465069399999,2.16006080916947e-08,0.566433,0.0003792029837842,3.334856306151974e-07,7.731217096270612e-07,0.0413822243747305,3.352543166952004e-46,1.5521222306101995e-10,2.2370315885802834e-09,0.462372,0.0002598623139913,0.228910727768324,8.81695979395889e-11,0.0100490612474444,1.1381429991306801e-07,0.0049609860012133,1.5847979074901038e-13,0
3,0.553,0.493,0.971,0.803,0.939,0.768,0.907,0.874,0.593,0.644,0.908,0.841,0.718,0.455,0.725,0.188284,0.49044,0.1176311499999999,0.802716,0.1256537671199999,0.3539531939999999,0.6627816,0.792725,0.3066511374094291,0.35108,0.000661361406853,0.2470799999999999,0.06786002394912,0.0167706811956788,0.663624,0.09090888,0.6335397157120997,0.0019932678273591,0.8028160000000001,0.109658112,0.03641746442975,4.824254218543461e-05,3.8828945724805343e-13,0.0002326730289405,0.4312892344840608,1.3257729395692803e-06,5.029632989325597e-16,0.22287,0.0579413198491776,4.1416167727882674e-05,3.0871864563165505e-12,0.0791208,0.0965491669207643,1.7691863893608296e-12,1.2457546173294611e-20,0.6611565199417201,4.448377581106616e-06,0.0041510419987548,8.217342430235896e-10,8.508468860006721e-06,2.0569142463610358e-12,0.1697268441360374,0.3782278525965808,0.161527440256,2.752313652979421e-07,0.698445,9.38282795333048e-05,1.5635913564855492e-08,0.0018485825253413,0.0312360244181872,4.599809670081748e-59,5.525080748140265e-11,3.122454039127693e-10,0.485355,0.0048495833367989,0.4988289113683385,3.280079814978553e-18,0.001541242803592,5.549588546826431e-06,0.025069199940921,5.379937179719463e-18,0
4,0.708,0.644,0.984,0.84,0.985,0.669,0.963,0.966,0.571,0.813,0.848,0.902,0.747,0.532,0.812,0.285147,0.552474,0.077553762,0.5623499999999999,0.1368086544,0.463320128,0.523083264,0.60976,0.1776225971294729,0.331683,7.439773183378826e-05,0.435479,0.0308484247613567,0.0129409971614456,0.637872,0.063455763,0.5862831754975986,0.0071068900852828,0.867328,0.130338048,0.0760942979442887,0.0002102146564799,9.61062404451922e-07,0.0036977329787788,0.2269628036592019,3.8256877239508446e-05,3.950271886368411e-12,0.236845,0.0879921059653151,0.017837213418466,5.707243326952644e-06,0.361090009728,0.0223174429847784,1.661747709468906e-15,9.82031669377403e-14,0.6389630035714252,5.42264656881596e-05,0.0160515832682027,4.699220713727968e-07,0.0066729976624858,5.4759991065078436e-11,0.510612157878772,0.3000702172361948,0.197448477525,0.0032071743725556,0.8112959999999999,0.0001492249692886,2.515397022849556e-06,5.56881541779561e-07,0.1690455604442549,2.6854339740719427e-47,9.844977157656228e-11,0.0007234736445466,0.7433600000000001,0.0091541706622012,0.5944453128761004,6.100521317695226e-17,0.0082001483635223,1.1221558700320306e-05,0.0057387573130219,2.5732330293923632e-20,0
5,0.578,0.567,0.944,0.84,0.861,0.865,0.949,0.969,0.615,0.888,0.641,0.933,0.585,0.56,0.616,0.41778,0.5967,0.4194559679999999,0.774396,0.3914058663899999,0.564838416,0.47098653,0.69331,0.2244260680738345,0.38991,0.0011114505763424,0.417307,0.1241000297170085,0.0012747839982291,0.799211,0.24659316,0.3688362421800135,0.0547387423796012,0.83996,0.2343792,0.1020922484187264,0.0027236162897397,3.1419382466797865e-15,0.0021653242140093,0.1566348313623075,0.0076796096948747,7.009031324919503e-11,0.469845,0.3673116547307827,2.369851363233585e-05,2.002371396002197e-12,0.3324744576,0.2272508736662937,1.5256012380261096e-09,6.508551563174875e-17,0.5158807692036298,0.0002551358791713,0.01318720073246,6.141671756766351e-07,8.958188823788746e-06,3.023579324703497e-11,0.1571160244113298,0.1012795199644151,0.163277693865,1.1306760083020412e-06,0.6937260000000001,0.0019207385444608,1.1308004283068504e-05,0.0089824994784505,0.1640525389080035,1.1478590721187634e-42,3.1479590878612313e-09,3.5407644215855455e-08,0.572136,0.1429926099491441,0.4660949451548247,2.3162966622924063e-08,0.0092506270425984,9.78564352061967e-08,0.0080105715274192,4.839651778342112e-13,1
6,0.785,0.709,0.978,0.906,0.979,0.49,0.942,0.726,0.637,0.766,0.845,0.972,0.645,0.584,0.575,0.3317669999999999,0.386022,0.207228896,0.8784,0.1489899800999999,0.320010768,0.795665716,0.737557,0.0307257935204624,0.550515,2.754406858332231e-07,0.438828,0.0150060360270492,0.0036182091333536,0.456028,0.1720565,0.7866362802777938,0.0179833253686958,0.946713,0.1787580899999999,0.3107941381090141,0.005347812959326,1.1141957239222272e-11,0.0047570328644453,0.309557530990417,0.0001862031337639,7.121638664958286e-12,0.4297319999999999,0.3077845438625279,0.0054678576433214,1.1928917028094474e-06,0.4720258385199999,0.2004411653362107,1.0187385431928978e-12,9.06071607495082e-07,0.7958285114842152,9.29727191194242e-05,0.0454121913894005,1.5561135573775184e-11,0.0013729337925,4.102723561291026e-09,0.2348258743308259,0.6257309680924682,0.4378100383799999,2.5112453331625683e-06,0.830676,0.0039506284649682,4.395955514538815e-06,8.587515029730379e-05,0.0912003813388985,3.9394826791474353e-50,7.603736064572998e-11,8.066921753785909e-07,0.786768,0.0007417028971784,0.3740437715975009,2.575970205548517e-12,0.0223688895651575,9.372817210855863e-08,0.0067103857058774,2.3494612388253037e-16,0
7,0.616,0.526,0.804,0.746,0.849,0.697,0.944,0.766,0.63,0.476,0.982,0.798,0.469,0.44,0.583,0.308175,0.147825,0.133167288,0.583695,0.1818183904399999,0.22725252,0.241340112,0.88451,0.1599812443576939,0.21758,4.51930969217453e-06,0.3939759999999999,0.0080180106193278,0.0036251888111262,0.3704,0.06699576,0.4851481428765101,0.0158616644365076,0.355,0.1517557719999999,0.1094717400489667,0.0002891771959058,4.1918006843730843e-20,0.0001216185830771,0.021668183526209,0.0041964548129124,1.2055914013618313e-18,0.39746,0.0341889037020203,2.3573552724832662e-06,4.044467944227462e-13,0.165860095068,0.1035828464758445,3.571473010785339e-13,7.570288514617845e-26,0.2970048037063691,1.4673210847266204e-06,0.00011246039809,2.0202048100908842e-10,5.766246120542065e-05,1.217409572202026e-13,0.4666132001440261,0.1061045047487671,0.0817610912399999,7.524591426600853e-10,0.7536100000000001,0.0003050557442149,4.441868866432898e-09,2.5326186244997097e-05,0.0109317124232209,4.480140431461164e-59,3.9456838771868984e-14,1.621806971417771e-13,0.55728,0.0052022855053601,0.3197919431646721,5.765538977737428e-13,0.0063776019375629,5.983397188520785e-12,0.0057381311535473,8.36870622734289e-10,0
8,0.569,0.658,0.926,0.873,0.923,0.675,0.946,0.751,0.698,0.848,0.83,0.806,0.562,0.668,0.688,0.477264,0.727528,0.4617911999999999,0.945726,0.2511999028,0.579940182,0.657616722,0.7839780000000001,0.0724615237866012,0.446188,1.4282064015623069e-05,0.516719,0.1109401340892144,0.0220794934614007,0.66882,0.27659136,0.5859470748552689,0.0856050828909555,0.883584,0.3019732799999999,0.1045365483036927,0.0021867566367045,5.812853990050847e-13,0.0108025940176768,0.1436684512031097,0.0012172957556942,4.952700652281723e-09,0.417315,0.526901367520623,0.0001660073030174,2.3081639338552483e-08,0.2272145336999999,0.0704619169405054,2.319784761740168e-06,3.7106180338590175e-15,0.2287484687066871,0.0002288605651885,0.0959475436965534,2.4688758356126677e-06,0.000529831350672,3.1152282188212485e-08,0.1756760384083342,0.4070543787478198,0.16527792708,4.728187883951997e-07,0.661203,0.0060652046369277,0.0007711159040853,0.0005892865204381,0.1018948916165747,2.2540686793533979e-29,3.479291749332818e-06,5.08096102298387e-08,0.410816,0.0386842493680866,0.5215889147057556,4.079899071038299e-08,0.0320722649117079,9.946670384707367e-07,0.0137621930680929,7.735000957673635e-12,0
9,0.691,0.633,0.958,0.874,0.96,0.807,0.979,0.861,0.658,0.599,0.93,0.931,0.473,0.513,0.589,0.603693,0.548284,0.2195966999999999,0.8045840000000001,0.4439150316839999,0.375429075,0.3506184,0.8136030000000001,0.294103919411939,0.23634,0.0423826150335954,0.46761,0.220776919056486,0.0056703730414597,0.719758,0.0890984099999999,0.9519291538966952,0.1644731549846957,0.847188,0.08498154,0.0813027589125006,0.010434442970022,3.2516244085396493e-18,0.003860298657412,0.1486829358422857,0.0032729534526312,1.471109389308334e-15,0.3508739999999999,0.2133299723071427,2.7178571436869807e-05,1.2128624328887658e-11,0.366996458745,0.2978636307551704,8.412248034438601e-11,5.0387636408152426e-14,0.6174968540874285,2.1446915776670887e-05,0.0032761241692964,9.303589283661445e-08,0.0001407640739364,8.189384800968038e-11,0.0446894702622172,0.3473843369192213,0.076737309231,4.392691311482751e-06,0.75294,0.0013103226847005,2.454337788009994e-07,0.0253038350339588,0.0137317892450342,8.13815130741546e-49,8.691587166147409e-12,2.669232490053284e-09,0.451184,0.1026618835074126,0.3235395424649357,1.479103563475471e-13,0.0438759743489571,5.437781086203596e-11,0.0261079667925462,2.3725393209981888e-08,1
10,0.567,0.569,0.899,0.732,0.854,0.75,0.791,0.736,0.584,0.794,0.926,0.82,0.622,0.548,0.654,0.29212,0.635626,0.09353568,0.7998059999999999,0.3515748154999999,0.4996550459999999,0.460233945,0.646581,0.1084278607938722,0.4087,5.75412530117774e-06,0.403161,0.2728510961712506,0.0052267682140539,0.791776,0.293411517,0.551691697235134,0.0347945292661411,0.7049300000000001,0.192431148,0.1372084965117266,0.0004617061817977,9.854708782798464e-17,0.0014529782655721,0.0459485450156481,0.0001330640969497,9.871490606250468e-15,0.34385,0.0877524446523648,5.167407092482371e-05,3.3089428526061087e-09,0.2652248241450001,0.1665472712372197,3.269437715376884e-11,3.2455552681880227e-18,0.2685578164321247,2.405422617118448e-05,0.0011635801070527,5.9034992679991264e-08,8.057939012105291e-06,2.5088930834815167e-10,0.2002122296254204,0.1195373131170738,0.1762099353,1.1645778876699393e-07,0.456904,0.0007082534319595,3.0784586214958805e-07,0.012892510926519,0.0178850897858694,6.538332743576673e-48,2.9982648231616897e-10,4.808824772548505e-10,0.473308,0.0259360751485884,0.1962937665034818,4.7637792844592495e-14,0.0070723946997131,4.777468136342952e-08,0.0016986100593088,1.3933738330462931e-16,1
11,0.578,0.506,0.968,0.871,0.925,0.588,0.701,0.93,0.785,0.894,0.97,0.921,0.776,0.541,0.722,0.3237519999999999,0.717393,0.3899850239999999,0.6803400000000001,0.13829030712,0.397002984,0.5142226520000001,0.833505,0.0033203004539721,0.368816,3.734006061186302e-07,0.795408,0.1051599449008991,0.0007623170103173,0.706052,0.18383936,0.2229548671912777,0.031320076048618,0.827616,0.208036681,0.0452675746243349,0.002189615506909,4.910339432620654e-16,0.005289026902773,0.195408198138249,0.0003451084135838,3.1231061238911285e-14,0.299575,0.0508172933927835,3.327327153931204e-05,8.542250099256834e-10,0.2757795532799999,0.0437612703146627,5.879113190706766e-14,7.418575762270789e-16,0.428765329530985,2.5415620102615435e-05,0.0154432543495605,1.9770062867329376e-08,5.5780382374978616e-05,5.4613114763318806e-11,0.2440300142025391,0.1666737895503047,0.2101761201599999,1.5254710291166328e-10,0.638352,0.0014223918855247,2.6477424533304862e-06,0.000203154276749,0.1534840354139591,7.041671688005693e-51,1.6233255466168488e-11,1.4576970988413e-09,0.697374,0.0008845017035836,0.0440184202672499,3.0765314390172137e-12,0.0097428780542044,2.730787162814352e-06,0.0057925436117443,3.883867362651726e-15,1
12,0.716,0.619,0.908,0.828,0.864,0.8,0.806,0.655,0.691,0.794,0.869,0.866,0.606,0.677,0.68,0.526932,0.496692,0.29119335,0.718896,0.3275644928,0.303767304,0.610896,0.720776,0.0887376374060959,0.572262,2.471181908487808e-06,0.580356,0.1808013666055826,0.0148763538374318,0.4285099999999999,0.49736764,0.5288755872800152,0.2933900479608019,0.7020749999999999,0.2151297959999999,0.059815677446887,0.0014817223072437,1.78964488721834e-12,0.0085227906098587,0.2790467790488636,0.0051152594785852,1.1396274244614014e-10,0.278108,0.0896723763354823,0.0004012642814219,7.345857350261005e-08,0.47372894532,0.3964869530014508,6.763112223725912e-09,3.3405267244780786e-10,0.6470431963077113,0.0021992224967654,0.0153609579539966,2.624496112440652e-08,0.0021977671850749,4.638778463285861e-09,0.1121236016498997,0.4597352933337267,0.3537526135280001,2.5603092393682388e-11,0.754904,0.0013527246341985,0.0002668517360479,0.0001087685062691,0.0791972973202725,8.298393900043488e-34,1.2550770039196236e-07,1.6671560642963752e-08,0.5412549999999999,0.021930769076947,0.121863916655712,2.4262019376770456e-10,0.0111527559416036,3.3378436679508825e-08,0.0194306648129635,6.575209541147817e-12,1
13,0.721,0.675,0.955,0.758,0.935,0.642,0.902,0.838,0.665,0.623,0.716,0.831,0.558,0.528,0.737,0.3632849999999999,0.393,0.155822249,0.742644,0.351627426864,0.44765973,0.38634448,0.66086,0.0287620681843689,0.341255,4.905774364152283e-06,0.3522399999999999,0.0213482634293376,0.0108317615154558,0.6903750000000001,0.1510040899999999,0.5616606122092878,0.024929636917572,0.683944,0.157289799,0.1206287482239916,0.002579725883729,1.283369494603587e-12,0.0032098659887029,0.1627548162919459,0.0014212240359975,6.607668410713032e-13,0.2255999999999999,0.251792519527296,1.1920349965281244e-05,7.557820327628234e-09,0.3123225855359999,0.4631994616926052,1.33943340361725e-11,5.680398163602009e-16,0.4352573124454342,5.568703591615308e-05,0.0118428446347359,3.097051449291039e-08,8.583013416977171e-05,3.878624063115422e-11,0.3163335188452512,0.1011223183412477,0.097630200675,1.828346098584544e-06,0.54279,6.415161114918209e-05,5.059729154407655e-06,5.582981982754914e-05,0.0982181675290378,2.3268933119116186e-45,5.684431785909862e-10,3.592876202185986e-08,0.768792,0.0087830367094014,0.1544048503016291,2.8866800917471027e-12,0.0115072335827932,1.1683966349200885e-08,0.0058393854924836,4.351766253273587e-12,1
14,0.593,0.697,0.953,0.789,0.917,0.643,0.908,0.802,0.495,0.77,0.743,0.97,0.491,0.502,0.645,0.5105099999999999,0.596736,0.120499407,0.672144,0.314581883154,0.287654226,0.4964740900000001,0.5314409999999999,0.0800145091436882,0.330429,6.482398240192439e-05,0.226014,0.1469170863251794,0.0044211285949131,0.48212,0.08783054,0.995007996,0.014073606637665,0.8099080000000001,0.08900892,0.0688918012987778,0.0033090782157662,3.9978827005914916e-15,0.0010809092693538,0.0846345352773339,0.0001935988180837,4.178475866442461e-13,0.326018,0.1484088566959782,3.34814608814488e-05,1.0146149028779096e-09,0.3964004324999999,0.0425731081501985,2.214959489123332e-14,1.4520463515037422e-16,0.3363048092440903,1.9950160149381143e-05,0.0021626784988874,4.670153411474286e-09,0.0001017804576181,6.381832527531462e-11,0.0489250068223708,0.1943127533021486,0.08869730688,7.161381819293069e-09,0.50327,0.0078573495222728,2.7912068363638087e-05,0.0001353042688102,0.0565463631656352,1.4060192277527907e-46,1.7948030296043896e-11,7.072464894044278e-11,0.5025369999999999,0.0051201729299499,0.2925394206601679,2.052072582875943e-12,0.0146598254445718,6.280852277437267e-10,0.0081764849649287,3.731209443722444e-14,1
15,0.665,0.681,0.955,0.604,0.853,0.651,0.91,0.845,0.464,0.704,0.939,0.708,0.656,0.557,0.582,0.328185,0.306907,0.25015364,0.406644,0.2765215209399999,0.5008741919999999,0.368145888,0.695552,0.0908451952619904,0.350198,4.658839177502321e-06,0.6789749999999999,0.0449178622905776,0.0035496535403379,0.727812,0.379225152,0.2462159134110282,0.0739886274323186,0.6164580000000001,0.1765090799999999,0.1143441729971712,0.0016146351502448,1.1979373995852674e-12,0.0026963286162858,0.093190905135037,0.0018283585467011,9.118131243381401e-13,0.316773,0.0763427824668288,1.455142066257392e-05,4.15869495881381e-10,0.410420888064,0.0707950484099899,2.991955546953332e-09,2.6439616090201513e-16,0.2976446490405527,2.9143408713379627e-05,0.0040902845617129,2.530605079098494e-07,0.0004535422991625,9.016044345691329e-12,0.9140959499900888,0.0776663731248485,0.17812549296,8.537879285159557e-09,0.7958000000000001,0.000842032027827,6.51854685848134e-07,8.676467792963058e-05,0.0972833386682275,1.1079406836890475e-47,1.7838223672605228e-11,1.299897054070811e-09,0.685223,0.0074777582963736,0.1748522628347303,1.4231300368231208e-10,0.0028490489650999,3.379454303377132e-06,0.0066675679855537,1.8467610596855828e-15,1
16,0.747,0.583,0.929,0.794,0.954,0.626,0.953,0.794,0.488,0.579,0.626,0.835,0.513,0.536,0.629,0.356288,0.372668,0.370442766,0.605545,0.56518696971,0.215469408,0.641460456,0.787244,0.0643954049105525,0.282186,9.152242573698053e-08,0.273408,0.0845842682596176,0.0054041417603085,0.558156,0.193743048,0.1372121156370942,0.0123617594306371,0.767351,0.1635622559999999,0.092540315408434,0.0020854277566922,2.244657571211415e-16,0.003158337871813,0.1749205410555324,0.0013978111141811,3.672099813435879e-12,0.3312,0.1458806866187923,6.869270705171841e-06,1.369519732965268e-13,0.3009764514899999,0.0113735633923317,9.429287557400283e-12,3.638229159514124e-16,0.5495101145233997,3.4385948410444285e-05,0.0211688658331668,2.632438549784339e-07,0.0002806844987946,2.3367036472480585e-10,0.4058122717527295,0.1583748170882132,0.252742429935,2.486133983414169e-10,0.7216560000000001,1.404337945863296e-05,4.762584089327166e-06,5.274315056924015e-05,0.0508640847989131,2.7513480624639536e-43,5.353138545812052e-10,9.849980678314065e-09,0.424407,0.0077963599262545,0.2753968647946265,1.0112724327545675e-11,0.0308169480873444,5.900377933764263e-07,0.0341945670065933,4.1757258322988674e-19,0
17,0.65,0.752,0.898,0.895,0.924,0.59,0.926,0.65,0.637,0.538,0.923,0.908,0.518,0.564,0.54,0.316965,0.27636,0.15816808,0.533686,0.177826542775,0.261087252,0.4103515320000001,0.654225,0.1004008580585808,0.268956,1.489064181408629e-06,0.401376,0.0545796166224909,0.036745861435193,0.43326,0.167055486,0.8829175176461002,0.0176423485976155,0.7551599999999999,0.2041798319999999,0.0161657201056467,0.0001849726154528,4.466360402128425e-18,0.0007235233665708,0.0768083505453697,0.0003067883702404,5.4133076038592363e-14,0.454951,0.015234999933142,2.343341154115741e-05,2.711107145463801e-09,0.218057346588,0.1070352960540856,2.123205645556273e-11,3.7481907565580715e-17,0.260498878224354,1.088968009582968e-05,0.0173565782687076,1.9289570883423747e-08,0.0011593939846374,3.752087319578744e-12,0.0214051492119002,0.2201627271969693,0.133926228072,7.968313861715254e-07,0.527124,0.0004228441351279,3.967504689008988e-07,0.0001523462960948,0.0184328625361325,2.3572160668728616e-49,5.842752498133881e-12,5.7391589895769215e-11,0.407628,0.003382156867494,0.4002209897922432,8.344651921595885e-12,0.0036177918435336,4.218459155113431e-12,0.0032577157755616,1.849871422652612e-12,1
18,0.55,0.594,0.835,0.647,0.945,0.5,0.898,0.666,0.385,0.639,0.916,0.845,0.427,0.449,0.742,0.25175,0.255021,0.07240684,0.474026,0.165216064128,0.16220986,0.2625039899999999,0.808594,0.07101510131677,0.3558119999999999,1.9894588595032996e-05,0.192496,0.0197941004270766,0.001854954755489,0.654381,0.223257892,0.2997563601105106,0.010133598032872,0.7499399999999999,0.158763208,0.0122375895426432,6.0026942062584914e-05,2.07021283946326e-17,0.0002032381773242,0.0809921679870036,1.600098331740694e-05,1.7396069109164924e-17,0.3729969999999999,0.1060485531098808,2.0810208400078734e-05,2.0451909247778332e-10,0.160055692736,0.0710929067000269,1.3959285264629831e-14,6.057282515897259e-20,0.4052057160847079,5.239061493725572e-07,0.0041646754960577,1.5699281990266032e-12,5.221703011703247e-06,2.525360827652563e-13,0.0450805669188811,0.6316967067720001,0.18385532928,5.224884723512974e-09,0.57638,2.5499736598485203e-06,6.736340245906042e-08,6.191918235676337e-06,0.0741607810369206,1.1558458997519189e-63,8.736198261029016e-14,8.488802971333382e-12,0.293511,0.0001803682045672,0.0480605295390784,3.0150110858478772e-19,0.0049280892842341,5.0506612300146834e-14,0.0037958307802212,9.865037514728836e-21,1
19,0.57,0.583,0.969,0.857,0.941,0.716,0.989,0.754,0.632,0.592,0.943,0.592,0.657,0.42,0.58,0.406422,0.482541,0.1647564,0.794172,0.20074387968,0.5164867320000001,0.66915006,0.8112959999999999,0.2840034670689141,0.299858,0.0003858607307903,0.279136,0.097618142875968,0.0080187637341677,0.7475930000000001,0.13292986,0.2158577580288087,0.0102585217836244,0.682682,0.23830464,0.0339555441550768,0.0002270752913441,1.170025090493285e-16,0.0005736964448237,0.1776960778600013,9.81086955050808e-05,2.280493341738501e-13,0.308511,0.2299003082622528,5.0619234931642646e-05,2.5463637872633664e-12,0.1097645276,0.1451401312298593,3.275445173409119e-13,1.101936339975184e-20,0.4635268943789228,4.857921671517278e-06,0.0055509511567012,5.370846118714548e-07,2.7156418643113613e-05,4.632076625427239e-11,0.1234517436849249,0.264780427973287,0.266590471376,2.1119592341153184e-06,0.6406419999999999,7.446297387831926e-05,9.27049425857247e-09,0.0003590023068827,0.0660212737400456,1.0230673036830776e-49,1.6095071967341242e-10,3.5934999347729e-07,0.52456,0.026918058725513,0.1609915268497536,1.3612417207377761e-13,0.0074444732197751,0.0094725090263872,0.0412143559641234,5.360195977422626e-17,1
20,0.564,0.605,0.946,0.803,0.916,0.505,0.954,0.935,0.532,0.705,0.727,0.773,0.612,0.529,0.588,0.349095,0.337636,0.094673264,0.885432,0.086866102128,0.398943216,0.395241,0.68765,0.0072303206643024,0.368508,2.1700512148887028e-08,0.407628,0.0033898291645218,0.0029945411845947,0.477848,0.161201223,0.2269194201518335,0.0107954819814601,0.78011,0.156684288,0.0766211675181438,4.924041269241146e-05,6.46450103529545e-14,0.000911817147657,0.2418373481268349,1.488407587214661e-05,3.5768745430571925e-13,0.285228,0.5004553688156,4.543683473457265e-05,2.0702380552465224e-09,0.289570815,0.352683142078917,1.0100106888414925e-12,1.879121949071741e-16,0.3257431105694215,1.767258608718472e-05,0.0129852801333342,4.826047101943502e-09,0.0011290805688449,3.321874014624488e-09,0.7555123184044046,0.219306596835795,0.216570618,3.379124454972898e-09,0.769956,0.0004210702979794,1.0624932383706535e-07,9.407016623293388e-07,0.0698288645873795,3.4213645472850404e-48,1.972825046716538e-10,6.759528111715293e-06,0.6716599999999999,0.0007559312872311,0.3180832280562573,6.801019703637897e-16,0.008605105236876,7.34265507112112e-07,0.0076162983149717,1.061474442029392e-23,0
21,0.474,0.438,0.934,0.861,0.948,0.63,0.987,0.772,0.616,0.666,0.747,0.886,0.667,0.522,0.684,0.3237599999999999,0.173362,0.1894343249999999,0.744733,0.1372992935999999,0.52846128,0.307357332,0.6304270000000001,0.0675062506578217,0.406274,1.469599394499015e-07,0.386152,0.044014948730413,0.0072895561903657,0.370832,0.268722344,0.9752437724406005,0.0355909839159108,0.8508399999999999,0.30596373,0.0638376661709252,0.0022119640328222,4.568319802480935e-14,0.0138267942398888,0.2083951650790499,0.0003628398389441,6.947610554079966e-12,0.447032,0.2037888519809313,4.1701535448611664e-05,4.1793953840865944e-13,0.36692739072,0.2938434022131249,3.5754598900550005e-11,1.8753182976461655e-15,0.5120079526150332,5.098233126738083e-06,0.0850831247608604,1.3240300909273547e-09,0.0197060496059904,2.84160247170967e-11,0.0314726745795933,0.2100329929841513,0.101930152896,0.0001873996529379,0.8055599999999999,0.0002941041314915,1.4999236986566112e-05,7.447376627523434e-07,0.0911254718026665,6.5958185102846105e-46,2.3883729584859453e-10,1.5446864391080239e-09,0.384264,0.002433839554756,0.0752745828304627,1.774346952017939e-13,0.0218202250517019,4.1277945077528147e-10,0.0004816109328851,5.212294858676167e-16,0
22,0.753,0.577,0.981,0.783,0.946,0.638,0.967,0.84,0.645,0.828,0.944,0.859,0.838,0.569,0.916,0.3203519999999999,0.281945,0.17887335,0.784707,0.102968792784,0.539220384,0.6899904,0.8704850000000001,0.0178622684969863,0.595788,4.9574387607901344e-08,0.448148,0.020188609990659,0.0182784648107676,0.230454,0.1249642349999999,0.8237440974738381,0.0477118709093782,0.790096,0.274054959,0.2072786578441361,0.0002956216216953,0.000214074440178,0.000596008028473,0.3240413055038489,0.0001780464234433,4.4738971404342215e-14,0.414375,0.291786514791912,0.001004527251993,5.092732517662435e-08,0.28209983872,0.5507783941043529,8.909260864313596e-12,4.84483486952403e-13,0.3602557324967961,8.699279293811008e-05,0.0125976942810789,4.027164156551596e-09,0.0092487996247394,5.4692246047349975e-11,0.1497657846571194,0.6833354878001466,0.11487184512,6.235381149328764e-05,0.84072,0.0025022091698054,1.206127890661951e-07,2.809428534687744e-05,0.1143598555426786,1.2934851475797689e-45,6.154084314618458e-12,3.5350202603457526e-08,0.8333440000000001,0.0025461482282692,0.385941322467135,3.83723418626389e-15,0.0088528406825463,6.545121494236394e-08,0.0192887775020207,1.3093991263809717e-12,0
23,0.602,0.552,0.863,0.798,0.889,0.431,0.937,0.668,0.54,0.516,0.875,0.669,0.639,0.606,0.623,0.313888,0.467625,0.19281108,0.695475,0.2329106779999999,0.1008406,0.32112048,0.654381,0.0182405953278743,0.2656439999999999,2.5391900882435485e-08,0.384637,0.2047032513210746,0.0016239515866211,0.531648,0.1885690169999999,0.3313561970772413,0.0337325507315475,0.489853,0.134678512,0.0290692518956088,0.0002541151493716,3.7347220692906143e-19,0.0023170726629046,0.1009002416961259,0.0002057649723139,5.1114393711876027e-14,0.329294,0.1796563139880062,3.7697749113053406e-06,2.3322592870192077e-12,0.38732860656,0.0479337657495035,6.344585827245572e-12,3.8445195606702916e-21,0.52559953154789,2.4762717223929205e-05,0.0009260870470157,2.167880250208236e-11,3.2307314599324755e-05,4.35526675875498e-12,0.0876684303380958,0.0435468546159835,0.0885029107379999,1.4627923019675248e-10,0.761229,0.0001969079627927,7.690340306242764e-08,1.1625122408571152e-05,0.0715237365867167,1.5225946853502163e-49,3.6708499746374186e-11,1.326680721761858e-10,0.328224,0.0009130426425052,0.079869869150437,1.2120585707586796e-12,0.0037268541523866,3.8363903350884027e-11,0.0072988264143401,6.348405775233398e-20,0
24,0.638,0.66,0.87,0.736,0.929,0.637,0.943,0.602,0.703,0.657,0.887,0.919,0.581,0.551,0.771,0.595543,0.3243239999999999,0.419729088,0.821736,0.4107872862719999,0.338594256,0.241478739,0.8099190000000001,0.1534631076243743,0.287292,1.1842210169002686e-05,0.49445,0.086598818567139,0.0024899169110838,0.549486,0.3908154599999999,0.8538581186641255,0.0110262169974376,0.622121,0.099943716,0.3460878594728173,0.0004189771342332,2.4003213110981024e-14,0.0004002253764523,0.3334481352132546,0.0005540395385518,2.7474934158746843e-16,0.411522,0.2911284691329793,2.951955104145509e-05,1.0676243416486348e-10,0.4872538906470001,0.3351332068188611,1.2804498172986719e-10,4.166762304596281e-16,0.5123508810046283,0.0001591609423839,0.0095013532912023,2.41450059433178e-08,0.0001992815189603,2.205496857664205e-12,0.0542146037571688,0.5069744126613759,0.10197700128,3.409102535831895e-09,0.8025599999999999,0.0002684201076746,2.447664891973097e-06,0.0015418405338932,0.0673169275628138,1.9138788656212407e-47,7.245485902309258e-11,1.0339932889500578e-10,0.487872,0.0093626281791944,0.1641030621036206,2.451535020655772e-12,0.0021259369402491,5.367988249877149e-12,0.0077587898036549,1.0198378431734432e-11,0
25,0.47,0.478,0.922,0.839,0.889,0.603,0.879,0.896,0.536,0.73,0.895,0.811,0.69,0.583,0.677,0.349564,0.4185439999999999,0.523089078,0.7560399999999999,0.5023045154400001,0.477433236,0.1798392959999999,0.49764,0.004231872287578,0.303212,4.762795860906801e-06,0.504,0.275167731024648,0.0003656367957779,0.8488559999999999,0.2605752659999999,0.3226753588015137,0.0137348686468886,0.79524,0.116223492,0.0165685678308822,0.0011026994139854,2.19569106580092e-15,0.0040409149613485,0.435325416186652,6.518644809408401e-05,4.5413883850569194e-13,0.347776,0.0521239122401356,1.629654836529302e-05,1.1547123797628234e-11,0.094589419248,0.141167476112154,7.816102954696374e-12,1.7509525167502958e-21,0.1709650521286283,1.7758601233039572e-06,0.0078685346325835,8.074813192374187e-11,1.182663656735157e-05,3.353396908361276e-11,0.3081271551533923,0.1372606778318486,0.124229646216,1.061744617592137e-09,0.4515599999999999,2.7483323617256115e-05,4.04865449563685e-06,0.0002023544927808,0.0284859785551614,8.117529241671029e-51,2.9020418697119946e-12,1.5922629040308184e-09,0.4076899999999999,0.0214239331617752,0.2718746183401231,3.2334058371206677e-10,0.0038711033099874,2.517253045697777e-05,0.0044296235092609,7.711396118614944e-17,1
26,0.6,0.729,0.785,0.992,0.795,0.603,0.86,0.74,0.681,0.734,0.641,0.814,0.544,0.695,0.761,0.505575,0.2232539999999999,0.41041728,0.8144640000000001,0.349639870272,0.65729718,0.38283861,0.65529,0.0350314940603691,0.78822,1.6207159855803734e-05,0.55836,0.0636518443244906,0.0471847856562657,0.380472,0.43950225,0.3411298416208359,0.0694163300544978,0.8386150000000001,0.242872476,0.12113298642076,0.0007689031661678,6.104194320679418e-13,0.0052440558330033,0.1458039052166356,0.0033194836343766,2.5833584551406843e-09,0.424446,0.1495721774990102,9.370521286913364e-05,1.7101453395618928e-08,0.2898123865919999,0.0960200476864245,2.6310551930433547e-08,5.2784561239558936e-12,0.3881356649817652,0.0004318122419266,0.0525511753568763,6.7912922311569e-08,0.016319741893368,3.862509447336463e-05,0.1694695962851947,0.1392644949863782,0.214220916,8.80967253693295e-09,0.82411,0.0021513972400156,1.3906970972877443e-06,0.004213960628108,0.2069206639129106,3.0488541106085e-32,2.1347710720559577e-08,7.849820934561907e-08,0.635136,0.0400867945791264,0.4745882943113437,1.2226256715294054e-10,0.0322881232954092,6.550181023268611e-06,0.0605951104924182,1.3757536914444069e-12,0
27,0.761,0.492,0.895,0.874,0.912,0.604,0.973,0.97,0.844,0.561,0.852,0.788,0.648,0.577,0.655,0.3498719999999999,0.3569859999999999,0.30320745,0.8996099999999999,0.1256000928,0.4418043479999999,0.6984807000000001,0.815384,0.025164704594499,0.190848,2.100186224886357e-07,0.566214,0.0251270929274111,0.0010386349833359,0.590478,0.26721576,0.99202595604098,0.008963886283715,0.697144,0.0668219999999999,0.0773562209676056,5.162297327685626e-05,8.923945779028605e-10,0.0038916547882662,0.0752797000375019,9.336291759719745e-08,2.1172096117486522e-13,0.223587,0.190826651162784,0.0134210008728308,2.647639043433448e-07,0.2662261533539999,0.0305620097065015,7.381070544544073e-11,3.760943293770029e-16,0.2874989251871193,1.0776598346648556e-05,0.0124706920092796,1.9095687326572792e-05,0.0116178494893852,1.237689192520965e-09,0.0462082541564803,0.6242352590688043,0.156397989888,0.0351271474093267,0.816075,0.0090852832663456,2.3927418520776146e-08,0.0003220941229475,0.0362342445815118,7.676367177325465e-49,1.9594535807621308e-11,1.1616051105541628e-06,0.4526,0.0005152745681622,0.8623174843274111,6.686856562151058e-15,0.0059861842039085,9.192838004038935e-11,0.0040680310434975,1.7797582015001288e-11,0
28,0.701,0.707,0.844,0.871,0.915,0.723,0.981,0.785,0.516,0.728,0.747,0.848,0.454,0.541,0.588,0.380963,0.38475,0.2125643519999999,0.2227839999999999,0.201547773525,0.38760372,0.44125824,0.76608,0.125553505494178,0.35409,0.0001959947585099,0.2128059999999999,0.1212940249107718,0.0027329846509299,0.692622,0.2794929,0.5113555822446574,0.0237270241121723,0.719901,0.132295328,0.0225455018581174,0.0010181804154974,1.4103821642565005e-18,0.0011833569858011,0.1064383552723037,0.0006110761179724,2.066874269686457e-12,0.376062,0.0764172844981324,5.596244013255519e-06,2.1469599019999704e-11,0.2899899576,0.020407594886021,1.2078873662588782e-11,9.634577723618172e-18,0.6468487845407379,6.311899977533884e-05,0.0171394282721291,5.108331219500349e-07,0.0001995369695519,9.952422569109521e-11,0.1183048812972092,0.028238267957868,0.126162456588,1.4077567483809074e-07,0.536298,0.000171745176498,2.2014447312743658e-06,9.20569078267086e-06,0.0698144389828229,2.3107478140861843e-47,2.5868756927301153e-10,2.958031685090594e-10,0.2907389999999999,0.0137293658879262,0.109951840232514,8.810695683739807e-11,0.0115676260376518,7.769312469490234e-09,0.0276333514524992,6.655188706986958e-19,0
29,0.658,0.521,0.888,0.861,0.935,0.597,0.969,0.917,0.563,0.699,0.842,0.949,0.742,0.535,0.751,0.311075,0.524828,0.23855454,0.7429,0.0957377069999999,0.30774744,0.17387869,0.4241999999999999,0.1059850633683139,0.2333449999999999,3.729953546328351e-05,0.4147649999999999,0.046895836708278,0.0048671649757797,0.526301,0.102220677,0.5984339581562523,0.0299898148582969,0.77775,0.19205241,0.2190776334897881,0.0058389425663412,9.425339287586187e-14,0.0013554726311343,0.0384334883796073,0.0001081892627653,4.935312827220527e-13,0.2251439999999999,0.1096613169813144,0.0002367620380011,3.578328320146308e-09,0.316225313019,0.0458101137090161,1.8257497753266696e-10,7.941149303163602e-18,0.2922400095261075,6.529879488350735e-06,0.0008938427008759,4.249169252878949e-07,2.268071835353211e-05,2.6763460195435353e-10,0.5613100447946734,0.1860618671082188,0.077883852888,2.657862984101729e-06,0.619752,0.0014209280374985,1.9586328623451665e-06,0.000322882771797,0.0293862241769036,5.6259543400405215e-49,1.737423557735465e-09,4.0656990229161834e-08,0.614055,0.0025632529431638,0.35619951414204,3.1557473072536865e-14,0.0322461257101353,9.629200291083842e-10,0.0008496770004579,1.716722168778291e-16,0
30,0.418,0.443,0.653,0.885,0.795,0.608,0.89,0.845,0.399,0.511,0.713,0.708,0.424,0.492,0.591,0.3813,0.1541249999999999,0.2016967999999999,0.608399,0.12748102224,0.1103607799999999,0.259989456,0.5169779999999999,0.0223581958550315,0.290904,8.267620367753489e-08,0.22797,0.0061112071328172,0.000252237630048,0.4587799999999999,0.24949081,0.0526626024282255,0.0246505560568654,0.5839469999999999,0.0666822,0.033607339971095,0.0001893675182002,2.479145330914429e-21,0.0030710258255746,0.0687162875692458,0.0013478262429892,5.93884364469234e-16,0.2217569999999999,0.0333636003951958,6.577360241713508e-07,2.2510555184537604e-15,0.243176225688,0.0752410133615743,3.9617119740003456e-14,7.697145104047606e-23,0.3649993390770272,3.066967108051185e-05,0.0004987935390182,2.986638034927081e-13,5.830244225328304e-06,3.2114935431710185e-14,0.0597209688460124,0.2317007399891424,0.061125909768,4.348454838032193e-13,0.7395630000000001,6.428958682349288e-06,8.710283909124516e-08,6.727087557557302e-05,0.050086027817896,2.882356835834989e-57,1.3790414856800425e-13,1.5334418464991705e-11,0.4325659999999999,0.0020238325263134,0.1252328318562816,4.8661835841856434e-12,0.0010126760799845,1.5887615765414118e-11,0.0025610197925832,2.2380289865242192e-20,1
31,0.633,0.691,0.915,0.794,0.859,0.606,0.937,0.901,0.634,0.733,0.749,0.826,0.665,0.55,0.612,0.309662,0.4821599999999999,0.56429418,0.719144,0.186617739996,0.496652952,0.41136512,0.408948,0.0642996712437542,0.569001,5.730730681203313e-06,0.459762,0.0181691855427902,0.000975330289422,0.849243,0.210292544,0.2885278506317217,0.015495538486995,0.81577,0.16628205,0.0123784611798798,0.0017576632637498,1.4440942274082878e-15,0.00235998163669,0.376314880615761,0.0001496948365991,2.778473056660366e-13,0.4195939999999999,0.12946898944161,5.471183586933124e-06,2.708657445290851e-12,0.1156204157599999,0.0474843797963954,2.1121177580859504e-10,8.820450287753377e-20,0.1356547806033638,9.401544324850911e-06,0.020386658017501,4.2022576710818054e-10,4.511991710880477e-05,3.7798506991655427e-11,0.2088236497242677,0.0831945868261566,0.151661241,4.3388211084412905e-09,0.574764,0.0001228341077639,4.305796378258508e-08,8.426985379889902e-05,0.0718570098010527,2.0181494621715312e-48,1.6918374097182985e-11,7.63929445268992e-09,0.427355,0.004672431064043,0.351546120483264,9.817340180063562e-12,0.0089113852496878,4.795403715654636e-06,0.010125131150589,3.101681678627111e-17,1
32,0.632,0.522,0.96,0.644,0.949,0.396,0.878,0.769,0.745,0.616,0.861,0.878,0.491,0.53,0.545,0.3294269999999999,0.28025,0.235494252,0.7954950000000001,0.2398059299999999,0.27587194,0.4618995030000001,0.65988,0.0228066897737028,0.50475,3.434733102543483e-08,0.389376,0.0213281214783436,0.0070613119740831,0.5060410000000001,0.25907796,0.4047356306441807,0.0024955192475538,0.800664,0.1991710759999999,0.0095059713292799,0.0005781611427793,5.851417190073484e-17,0.0003969695952007,0.2735071011257216,3.646204845718043e-05,1.2744459488875929e-15,0.332928,0.0469047172817534,5.27909800639456e-06,7.44938233184188e-10,0.263875056972,0.1147792616059482,1.4753727902650915e-14,2.3248190755173168e-18,0.3455678108389479,3.442722856965965e-05,0.0001524442797838,9.822385733730505e-13,0.0011481734403694,3.2191474871412995e-10,0.0605398463700419,0.0556850068890016,0.0899933087819999,5.435511632050284e-09,0.669945,0.0003514324366672,3.516679450793872e-07,0.0011095399156851,0.0984156981969852,1.513637900229414e-52,6.15003928857563e-13,3.0508376692671434e-10,0.5120309999999999,0.0034227929633205,0.16179009986106,4.664402876159872e-14,0.0095754694772282,1.5677517774796202e-08,0.00658063661426,4.6392002747431725e-18,0
33,0.677,0.658,0.979,0.877,0.979,0.677,0.941,0.612,0.711,0.828,0.891,0.908,0.645,0.541,0.542,0.31806,0.469696,0.221495388,0.8050350000000001,0.1208089895489999,0.146273876,0.33829488,0.735304,0.0145761139300715,0.230724,1.0820906049926132e-08,0.509733,0.0178902141894525,0.0037667568190234,0.6690240000000001,0.13150872,0.2735262520593221,0.0077723762023338,0.668306,0.1857359999999999,0.2961585128431512,0.0001740889847543,7.184080368327471e-12,0.0005287228795212,0.276195063913462,7.028337950825431e-05,5.554466351135488e-13,0.47058,0.2315605101353913,1.4012860986307529e-05,2.9053789688702383e-09,0.37740236688,0.1602723132364202,1.373563474984622e-12,1.891518046427391e-15,0.2983819244290384,2.5909395962697952e-05,0.0065350743362196,2.401325806012116e-09,0.0006483241320712,3.969981721926061e-09,0.0077168927789309,0.227529809739797,0.1475155968,8.897834618648878e-09,0.839733,0.0023347993961336,3.6377359750007227e-07,3.1077154525080026e-06,0.03032953212415,2.0037050432562315e-47,8.329790308957602e-12,2.6130356134884903e-09,0.45144,0.0025610106829916,0.2368276298154062,6.04612351909762e-15,0.0011548999241883,1.0852257169656505e-07,0.0032757901988912,1.5725965257376303e-14,0
34,0.709,0.61,0.968,0.901,0.953,0.594,0.803,0.874,0.583,0.494,0.734,0.636,0.601,0.578,0.734,0.297632,0.323051,0.124637184,0.679788,0.033090081024,0.16698832,0.6705316800000001,0.7062839999999999,0.0593806935761609,0.470515,2.579835739207213e-11,0.30008,0.0656510547455642,0.0061931337419958,0.2266,0.14547104,0.567826569011449,0.0097533551052319,0.5654879999999999,0.1991123999999999,0.0494677571200036,0.0004752678180053,2.3523899762254784e-09,0.0075800201408969,0.291592015663254,6.526162694242578e-06,1.2561111145581e-13,0.225412,0.1418010796027799,0.0002790439115165,3.5948529214294874e-08,0.274965110784,0.0602326359268994,1.089149584575296e-14,1.9400997473011602e-17,0.5293035914910106,2.9702359885734848e-05,0.0146368724816854,1.6866202461938601e-10,0.0115685219539366,2.668747279396608e-09,0.4356256548798585,0.1400544419769791,0.15085735016,7.843607700710103e-07,0.7954239999999999,0.0003814945907493,6.725600664047085e-07,2.2311147026484087e-06,0.2499968410144445,7.703350254858744e-50,2.3778213562971425e-11,5.350416533554722e-07,0.5100739999999999,0.0001960802273706,0.4275460952808974,3.0260040944381464e-17,0.0082976962209045,1.913918708705652e-06,0.0279031184331042,1.1050190915219152e-20,0
35,0.577,0.646,0.954,0.884,0.977,0.561,0.952,0.906,0.595,0.742,0.807,0.672,0.572,0.495,0.55,0.280611,0.273942,0.2369845169999999,0.7412719999999999,0.12503299074,0.292755638,0.3083047069999999,0.7104360000000001,0.0698693928683822,0.342926,1.989842620254208e-07,0.4255899999999999,0.0604621443507322,0.0036099268703548,0.6944,0.197515032,0.4036499441835859,0.0122623368771471,0.56322,0.219097428,0.1295935528534428,0.0008485155159219,5.3839832805155066e-17,0.0014546185799117,0.2552073892677458,0.000151355704921,1.14470874853225e-13,0.3823749999999999,0.2613945400793999,2.9123638647691564e-05,2.502373648386313e-10,0.1713179402999999,0.144233645782096,1.1866005442425671e-13,1.282500354048318e-20,0.4353941365627026,4.270931478463342e-06,0.002843578651551,2.581390052527117e-09,0.0005670608056886,3.45806078884346e-12,0.1903735848156306,0.1934796141253639,0.08613409104,4.534335589815642e-07,0.634432,0.006565449422161,1.2538771577017206e-08,7.545943065791843e-07,0.0754353098904042,1.7953650649103128e-46,2.5374806370754864e-10,7.970928404359203e-08,0.432034,0.0044351534954787,0.5321029764354855,4.1987892076302477e-14,0.013902636188348,3.308809036548187e-08,0.0113952171654484,6.866322383843805e-22,0
36,0.577,0.548,0.762,0.819,0.895,0.826,0.953,0.679,0.488,0.676,0.665,0.669,0.723,0.584,0.522,0.3504389999999999,0.162212,0.178596336,0.370952,0.28910934584,0.150691536,0.519248744,0.6217020000000001,0.011294750171897,0.202818,8.661349072587116e-10,0.369585,0.03656878057404,0.0039374640604722,0.603306,0.1482749729999999,0.3597876078574766,0.0334641305645023,0.4924039999999999,0.2394356249999999,0.0229483347177427,0.0001971325883253,3.523196421917525e-18,0.0007884558180676,0.086394232640917,0.0006798137892263,2.0125958368412072e-14,0.236851,0.1090060411333816,2.072378627237663e-06,5.979138318069952e-11,0.266189146938,0.0211709810341398,1.1758789601499866e-12,1.6484772602052706e-18,0.4137206260886785,3.0134762523625208e-05,0.0042113651322096,6.600284771004714e-10,0.0002394535821236,1.0794300310217937e-10,0.0407043827054793,0.0579380106684107,0.177194095496,1.577135824152341e-13,0.8293450000000001,0.0014554215825744,8.558867820258586e-07,2.571428624344845e-05,0.0734189411136164,3.0263938973144447e-47,1.8248698268784308e-10,5.552068641075216e-11,0.344657,0.002583177911491,0.2652758156350505,8.507521532535906e-13,0.0022336756940423,1.301578116461367e-12,0.0084935256456579,9.255073365297637e-15,1
37,0.544,0.62,0.951,0.814,0.972,0.689,0.803,0.871,0.735,0.755,0.978,0.841,0.674,0.572,0.708,0.31863,0.6768000000000001,0.253919232,0.876928,0.403176036492,0.59401672,0.30745332,0.721468,0.023041805333802,0.4309759999999999,1.8184069973798297e-07,0.712236,0.0676688395873651,0.0081902417988393,0.88263,0.12065248,0.4879563199808168,0.0185784651979876,0.88065,0.1864019119999999,0.1324160049775381,0.0040483641275653,8.414377301221783e-14,0.0036702820800624,0.1251254789931047,1.973811504800061e-05,1.3581667804585637e-12,0.386883,0.2918663038467072,6.42018234225472e-05,1.8382913566873922e-09,0.15234608628,0.2768051555995369,3.9212340474753714e-11,3.590931219798729e-17,0.3549428605773434,5.71103554795668e-06,0.0192493142939218,1.1779305022079423e-10,0.0010617153711097,9.068921646035608e-10,0.0237908856127488,0.2951455473519705,0.10597018752,2.0174285668117686e-09,0.8079120000000001,0.0011671329308522,9.569294940013175e-07,0.0124343956946434,0.0157233723164185,4.2909302256521798e-47,1.5738853945440462e-11,2.0240991594516207e-09,0.58536,0.0073968202484079,0.1428080980845242,3.205187979744627e-14,0.0067434071291113,1.1999165233117288e-07,0.0150094616906955,5.917289526615485e-10,1
38,0.587,0.622,0.82,0.796,0.878,0.515,0.762,0.745,0.578,0.7,0.712,0.859,0.76,0.523,0.696,0.477664,0.279441,0.171814338,0.58064,0.1058340326399999,0.4931164,0.378551943,0.619611,0.0218354896153197,0.273999,4.494846358940863e-07,0.384231,0.0267141720949488,0.0013508762674094,0.765167,0.2124615239999999,0.321301931172895,0.0084565692378124,0.7292609999999999,0.176701536,0.0911887432353323,0.0002890138930671,1.7046131577267813e-15,0.0008958915692218,0.1514235279115233,5.4766620370403306e-05,5.648417248201806e-13,0.341998,0.0295844664620735,2.182822651025286e-06,4.2902099373150695e-12,0.25512588472,0.0394761719181186,6.153960319765629e-13,1.0053245969929092e-18,0.42426603850752,1.2900776025418828e-05,0.01241280221815,9.908717902668644e-10,3.8265327278715387e-05,4.516928505204247e-11,0.2982438490730083,0.0148773837918439,0.1516904928,7.851402334105338e-13,0.68809,0.0001042363035982,2.6359232547379917e-08,5.966802487696821e-05,0.0597492460905604,7.615381453411579e-49,5.759131457880936e-11,3.244587385299273e-10,0.5079359999999999,0.0071642108491654,0.0745391892099204,2.039393100406905e-13,0.0060318923230767,1.547685100791582e-07,0.0061505548334759,8.166816613522011e-19,0
39,0.656,0.503,0.942,0.866,0.91,0.637,0.801,0.627,0.631,0.694,0.818,0.869,0.553,0.583,0.528,0.382542,0.471848,0.2061886709999999,0.8250660000000001,0.4746281010240001,0.704848928,0.672139148,0.677261,0.0843787967578833,0.36179,8.328788198861452e-07,0.34816,0.0267258958912888,0.0014621979991675,0.5314249999999999,0.131356196,0.890153049205108,0.0453305506983327,0.871572,0.0818171749999999,0.0343004551663139,0.0028887487606673,9.94447375065596e-19,0.0004554399085499,0.0633251293312906,0.0002824614498695,2.3757277561579867e-15,0.363968,0.3122328214077945,9.423330178185592e-05,1.5642152735179016e-09,0.4232606280000001,0.4168492328177154,3.2024898660013515e-14,8.80823546064017e-17,0.4215361272214277,0.0001081957516421,0.0008332091136139,4.906750587621292e-13,3.062976138447094e-05,5.311718680706925e-13,0.0393729591841204,0.3569679539158367,0.09942275616,1.0233331700095205e-08,0.5803590000000001,0.0001266323332282,2.8550838854416937e-06,0.0626613734371124,0.0296171109276448,3.8268594695942494e-53,7.689949877270406e-12,1.5521837072740848e-10,0.413125,0.0050635872450189,0.528326749916897,1.8766296460073558e-10,0.0126126369632062,4.21711497785084e-12,0.0004409304921575,1.2679636243510297e-17,1
40,0.464,0.454,0.877,0.878,0.906,0.565,0.926,0.764,0.53,0.86,0.851,0.906,0.672,0.633,0.621,0.343728,0.376382,0.1601628749999999,0.779012,0.15819469094,0.0948543199999999,0.2885705459999999,0.6463800000000001,0.0020142188680293,0.329478,9.868303588212436e-10,0.440896,0.020767128662016,0.0031395273826385,0.62645,0.069369792,0.2990210966966152,0.0093627801531054,0.623139,0.1437868799999999,0.0064188117292242,1.8473753673181567e-05,1.791475866272375e-18,0.0002375980727724,0.1336408044316938,0.0001111868260487,9.5083337179903e-15,0.267225,0.0444481584223247,7.819070782950313e-06,5.014048914452132e-12,0.13897943488,0.0603584339205478,3.3969941254424534e-14,6.070609762144307e-20,0.403217517071376,1.193660908254942e-05,0.001985547064652,1.3869876096716553e-13,5.794696791434761e-05,2.882091316780452e-11,0.0977857482643039,0.0282378274299374,0.1564351528739999,1.407333525917666e-11,0.518322,2.3666585050205344e-05,4.1472926551462256e-08,6.318644735027796e-05,0.0376139786094797,2.6908548405480087e-54,3.935462208330797e-12,3.775972258438755e-11,0.4255899999999999,0.0013341635218246,0.2674736320106847,4.944416183835253e-16,0.0022145637675588,1.6028123140636493e-08,0.0347601241073374,4.9188241396245246e-21,0
41,0.562,0.502,0.946,0.846,0.96,0.502,0.921,0.769,0.505,0.433,0.789,0.844,0.515,0.478,0.687,0.269352,0.30923,0.2817529,0.740082,0.60323329224,0.4628845,0.2333619899999999,0.6146520000000001,0.0371076186840057,0.337824,1.60594464856013e-05,0.470628,0.0156344128455715,0.007527804969868,0.2848779999999999,0.115894884,0.9129270548768992,0.0519822961529133,0.6773199999999999,0.137482272,0.0155828601832386,0.0001289444297749,3.3142203513670865e-15,0.0019772161536105,0.0670341633254713,0.0007837345203011,8.195530405019013e-13,0.263872,0.1496541350637576,4.426803884928358e-06,2.4537519776059448e-11,0.3589516398999999,0.1870270006262082,8.662231709430002e-13,1.4855384789137253e-17,0.3476350356454771,0.0001309236292501,0.022756840970297,4.613274325118348e-09,0.0001105108263068,1.6321908619921567e-11,0.02017162153295,0.1446745237093966,0.097508268,3.0118982243158817e-06,0.46269,0.0003686997245376,1.1404122429170574e-06,6.8386598224244e-05,0.0085212362271808,1.1955882556212491e-46,8.915338188567272e-11,1.0311702104789728e-10,0.400064,0.0087513296693942,0.7529876303432725,2.8639960524112293e-13,0.0122052586950968,6.166537786043515e-13,0.0018597759523576,6.740038846003406e-10,1
42,0.577,0.551,0.864,0.723,0.958,0.503,0.883,0.754,0.529,0.549,0.899,0.659,0.691,0.573,0.521,0.277728,0.3548159999999999,0.2219024359999999,0.833469,0.120920821398,0.447356118,0.2851190399999999,0.656084,0.4585177631653664,0.292677,2.88823809179148e-06,0.319515,0.0704941135461501,0.0059504597437901,0.480592,0.26772768,0.998001,0.0571603401714384,0.728688,0.1905061539999999,0.017137074999065,0.0005777603373661,2.229445458913413e-18,0.000915416763564,0.0598581071757484,0.0003242949116656,2.4651559510458624e-14,0.28684,0.0374783714626281,0.0010147645767873,3.404720516104755e-07,0.5567112936,0.0656590426255309,1.2278758986713842e-10,4.723502719303617e-18,0.3157322488475379,2.8850138033449867e-05,0.0040938290826526,4.41675920725009e-09,1.0553847124825511e-05,3.115231085240451e-11,0.1811857183156022,0.5413522978307591,0.076210348032,1.932059187590589e-06,0.571376,0.0001501077101184,2.999923601213007e-07,0.0146175551578785,0.112554636542984,1.4831198044442042e-51,3.4173484283225036e-10,1.8803531564474746e-07,0.411432,0.0186396977098424,0.1843642962341579,3.514575444569175e-14,0.0093296647817352,1.6202054087868422e-12,0.0031564793970996,3.4417552976553596e-16,0
43,0.698,0.533,0.798,0.944,0.957,0.666,0.945,0.818,0.427,0.484,0.721,0.535,0.698,0.632,0.553,0.2881479999999999,0.197,0.1890144299999999,0.35305,0.1692943174649999,0.5386095,0.377538084,0.7497360000000001,0.2530469196026256,0.230652,0.000143613547957,0.297947,0.0289662423585911,0.0126850369883603,0.6720160000000001,0.107200912,0.4430607540249067,0.032987550047516,0.560868,0.385652208,0.0170918534568487,0.0144303736738439,4.4621251501904666e-14,0.0019040650592508,0.0320071102606973,0.0006308504635866,1.1436725223686213e-12,0.489555,0.075860791234767,2.0876741060933136e-05,4.509270975152338e-09,0.30560318334,0.0843822379366581,9.294686558631724e-12,4.093610076515229e-21,0.2155698095612693,1.5600774523128535e-05,0.0036942841758123,1.1388560418596816e-08,4.281782124310128e-05,4.098811117315695e-11,0.4196846401114591,0.0246821299289111,0.21562130304,1.0910594267396413e-07,0.71604,0.0004555677796208,3.8315547178959954e-07,0.000184670501578,0.0236704006945241,7.723534671400324e-49,1.4984065619079623e-11,2.498282271301112e-09,0.44756,0.0638673028724805,0.3953526472667267,2.3044677747508648e-11,0.0339038192629963,7.374058874006867e-09,0.0046106720144052,2.888763544397258e-19,0
44,0.671,0.59,0.9,0.91,0.985,0.788,0.979,0.611,0.568,0.591,0.983,0.969,0.614,0.489,0.525,0.430936,0.406042,0.279757476,0.8067960000000001,0.21805434778,0.46049472,0.6165547,0.7010639999999999,0.128269470136143,0.321999,0.0003762443236038,0.4970839999999999,0.0745528314614391,0.0052003592836505,0.576804,0.223984488,0.9557148843472884,0.0496352095377797,0.824439,0.235590894,0.1676973470219303,0.0019101780806081,2.531332901923383e-12,0.001712048387904,0.3251809257402807,0.0012653922860988,4.276216698731522e-14,0.287196,0.1403466656105317,0.0002590453070528,6.384738862943418e-11,0.2088367064,0.3361155497800172,4.354727056232744e-11,1.4804432628341393e-13,0.5873545828278653,0.0001201178054326,0.0209045544886245,6.226729853243385e-09,0.0024832608218368,6.93305236992217e-12,0.1754884351635696,0.3575342480480361,0.0932916292,0.0001614339731032,0.818048,0.0003156224686731,2.0871388493394185e-06,0.0018634388281125,0.0641724018947763,2.6688852210591693e-45,5.393239594788643e-10,2.4041312705695015e-08,0.635904,0.0244002546831765,0.4026906809035251,5.380172758845114e-12,0.0418803524347819,1.9146760229087887e-10,0.0095828082988362,3.0199059073347e-22,0
45,0.572,0.7,0.846,0.719,0.897,0.829,0.95,0.815,0.43,0.544,0.937,0.558,0.654,0.494,0.809,0.302379,0.285688,0.100168068,0.7412540000000001,0.2345877744,0.7312601599999999,0.327081459,0.6152580000000001,0.2091138831441771,0.29522,2.482336385775637e-05,0.556392,0.2089265613322567,0.0088745305694012,0.372408,0.120553596,0.2380243322029953,0.0185834964044201,0.420552,0.255706528,0.0233574206209343,0.0001380741318169,1.0997274272637752e-10,0.0017113765049285,0.1372110903060643,1.6360669470412032e-05,6.156314113012521e-14,0.3787399999999999,0.131677554613332,9.39882206870576e-05,2.1842556515744239e-10,0.2585506392,0.3984648143308776,4.670203716949694e-13,8.118880386192008e-20,0.1856122113906324,7.941559531509317e-06,0.006385376153989,3.1665027777743714e-10,0.0004116916510814,3.867990034069649e-12,0.4548368722894623,0.1633318736646044,0.101150203968,6.483147141006042e-07,0.597882,0.0015746058122473,4.334177276700852e-08,0.0001985039442022,0.0333801690675454,5.079032943510222e-45,1.2868255089261704e-11,5.711638820079779e-08,0.5990249999999999,0.0152881550933411,0.1563734284486372,2.59435860544743e-16,0.0060105844755781,1.4822997145854046e-08,0.0150627743117799,2.843623946060358e-20,0
46,0.564,0.351,0.93,0.756,0.927,0.415,0.962,0.787,0.269,0.762,0.888,0.864,0.491,0.417,0.728,0.144624,0.31696,0.064057806,0.749956,0.132460263936,0.449792256,0.5444007359999999,0.758625,0.0058925053380045,0.23668,5.349008802491367e-12,0.35061,0.0361556520068351,3.474492246087105e-05,0.60579,0.011097216,0.6074011174235999,0.0065156839877662,0.560564,0.039379268,0.1921012338451156,0.0001763741459057,3.2848437540641663e-13,0.00046735550821,0.137012561426629,5.738407728822903e-08,2.2462524224647383e-22,0.131744,0.1820160812254562,2.1906210417374297e-06,6.981034950616335e-13,0.111974493312,0.0906538614706493,3.9837817940307e-21,4.189971138416839e-23,0.3370565480523949,2.7097416121794035e-08,0.0019004521898023,2.0051634206565443e-10,0.0003452929472213,6.643455507412841e-19,0.0335722200403165,0.4598506333767458,0.012196760058,1.7378152409192943e-06,0.7315220000000001,0.0008432694194386,1.1185777714019962e-08,1.48127484546961e-06,0.0345959104694017,2.1196613380788758e-80,1.3047199833291209e-17,6.919977091774196e-13,0.590172,0.0003137328453119,0.1562543772943775,1.250387998941942e-26,0.0061521688343,1.574293523259772e-14,0.0002141258905163,6.214817928748856e-27,0
47,0.601,0.679,0.893,0.808,0.937,0.663,0.955,0.867,0.512,0.765,0.91,0.853,0.489,0.522,0.577,0.6330859999999999,0.436665,0.153447168,0.764748,0.15980827968,0.1147591499999999,0.4597924979999999,0.593216,0.0288243407276237,0.204288,5.267587844000501e-08,0.630678,0.0162692305871443,0.0082586825984092,0.330672,0.10061856,0.4373339769516389,0.1302135624759985,0.70557,0.2138453999999999,0.0965990890494943,6.401550113784693e-05,1.1419914826494834e-18,0.0026581604278393,0.2406763857267018,0.0001713382232184,1.9908759905450988e-14,0.279328,0.2205719989628108,4.157395970536093e-06,2.715152915637181e-12,0.250451280612,0.296996560799435,1.0870723698429087e-13,1.5478892861104605e-15,0.3973016898688187,2.030897720884477e-05,0.0133058736127932,1.4163335269751311e-11,8.180359393167468e-05,2.7488427457530496e-11,0.0048750105747737,0.4133648141459644,0.11887793225,7.495158850864511e-14,0.645886,0.0011587157425198,1.3247812752491568e-06,0.0001097446040328,0.0098591077537715,3.789786603487065e-48,2.246788615359989e-11,6.361512219346835e-11,0.5188830000000001,0.0027124808722533,0.0891754541140097,9.627959238604684e-15,0.0009316486064484,1.1475230754677199e-10,0.0061213364413705,1.0474978665918192e-18,0
48,0.621,0.488,0.934,0.933,0.967,0.815,0.987,0.741,0.688,0.817,0.61,0.898,0.567,0.491,0.744,0.25856,0.37262,0.058683464,0.510238,0.3983332181040001,0.4733113439999999,0.47968662,0.700533,0.1850795222584073,0.29796,0.0061288604021331,0.268624,0.0618487980414876,0.0023570835910683,0.6739799999999999,0.104732975,0.9374241868327778,0.0370584245202665,0.456831,0.298184328,0.4115878638262632,0.0001323740131943,8.30941601591254e-13,0.0010803966804843,0.0576659390594335,0.0001616262984336,7.781532107109075e-15,0.32264,0.0812033159469147,1.3232130880488228e-05,2.243790289028364e-12,0.236965895712,0.007193489269497,5.189088257312728e-13,4.3825785181571664e-20,0.4137473255672483,8.092094095659614e-06,0.0073725847132998,6.670063925552948e-06,1.5388704662879675e-05,2.083900211942067e-12,0.0322411694959411,0.0529559448058637,0.15792725025,6.065241232273335e-05,0.357191,0.0007377826066997,1.170927457258734e-06,9.929414261583986e-05,0.0095213721782523,1.891551847108825e-49,2.1587376547702728e-11,9.875246492870927e-10,0.408221,0.0021309791783234,0.7731328872334299,1.4853451623891318e-19,0.0169773119613271,5.8748764099489266e-12,0.0025828014407019,4.3491550783642986e-14,1
49,0.629,0.447,0.945,0.598,0.968,0.598,0.921,0.893,0.423,0.81,0.499,0.924,0.561,0.539,0.578,0.252434,0.352228,0.2178483839999999,0.678125,0.31838415048,0.4014846,0.327021429,0.4433,0.0266824440031292,0.43654,1.8388000478492135e-05,0.429668,0.0716678165116964,0.0131205766450221,0.814968,0.2997472499999999,0.5863174400733742,0.041006964096653,0.848403,0.33464655,0.024026197395154,0.0004260347750857,1.43724827063849e-13,0.0228273383824975,0.0332773265980088,0.0004896067146419,5.032199042792519e-14,0.4891899999999999,0.0524704911910502,8.087419757532332e-05,8.412749262564103e-11,0.114093836064,0.1201902785478693,1.5549212520611433e-11,3.1494805166094506e-21,0.197746870311144,5.5429279575972976e-06,0.0047938150813964,9.039608444292598e-11,0.0003969400519337,1.0488255488953148e-10,0.1129160570787788,0.0700597153162551,0.104454838692,3.903482369867903e-07,0.6069359999999999,0.000116741847179,1.216376406072938e-06,4.960589517723934e-05,0.0649191334035451,1.6014080078607737e-49,4.636043161346835e-12,8.479133222750409e-09,0.57663,0.0060391499563761,0.372905136747935,8.302015766955026e-14,0.0358651494511165,1.0728566033470347e-09,0.0008047037743227,7.785761012361294e-20,0
50,0.697,0.554,0.819,0.867,0.968,0.653,0.846,0.872,0.358,0.644,0.886,0.913,0.525,0.585,0.644,0.42504,0.424826,0.240446232,0.574678,0.187043131136,0.45105606,0.507328756,0.6335999999999999,0.0335361757970494,0.345984,6.142055932275176e-05,0.376226,0.0401803793958798,0.006436663248925,0.514679,0.28300671,0.792035705038294,0.1773899943027761,0.821532,0.178822504,0.0086556020515689,0.0016816218478033,3.112070515542679e-18,0.0001807516807326,0.1105178673344811,0.000497470058746,4.6444811682810276e-14,0.348975,0.1237541945447055,1.0976158487414291e-05,1.5315971696697417e-12,0.20467600608,0.0699819188457183,4.4748370298051744e-12,1.9547758161663064e-17,0.3298042611781631,6.595715565090332e-05,0.0028183248400511,8.024549330914881e-11,1.547381132418958e-05,4.1603676552876905e-12,0.0386285021991256,0.171823889608848,0.119205459216,3.2567727990732815e-10,0.463888,0.0001174741368422,4.47511047765303e-07,9.641523562430736e-05,0.0258329552313487,3.506157661670431e-46,2.112662526311207e-11,3.8135250355235456e-11,0.5864039999999999,0.0051743560426713,0.1468851400644505,9.262439730936885e-12,0.0177270515699013,2.7458368065592936e-10,0.0022555095341576,8.31368176936309e-14,1
51,0.7,0.562,0.926,0.852,0.974,0.632,0.857,0.801,0.595,0.604,0.747,0.847,0.551,0.571,0.619,0.46053,0.329968,0.4804710479999999,0.513922,0.22892969736,0.423043104,0.6371986249999999,0.7537739999999999,0.3218391965376805,0.31977,0.0041930676300619,0.3570799999999999,0.0388962842286856,0.0056615300030144,0.646776,0.273536659,0.5707655587521563,0.0186797233060476,0.5772390000000001,0.10661328,0.0563876208329635,0.0245395926550183,2.641808000019237e-15,0.0014759767091796,0.0983487384011256,0.0127254438811862,2.4078584365133663e-14,0.3035010000000001,0.0493444789983043,4.6654864897480537e-05,5.315700647806151e-11,0.341049528,0.0319270102048787,2.819049641078238e-10,5.469693532744085e-19,0.5167164265310361,0.0001143785932363,0.001144761240923,1.2490238000969508e-10,0.0007163188374443,3.0301245677825826e-13,0.0715591279668178,0.1368722311481053,0.095402812176,5.171727143745864e-06,0.783902,1.2850819112899408e-05,4.7297558444914246e-07,0.0002315668826912,0.082157511793584,1.5563095277445438e-45,1.1576646649896749e-10,1.2243102201146066e-10,0.347516,0.0029240452050842,0.3279950222019767,3.857979957069563e-10,0.046910274176072,6.505196395787426e-12,0.0015263741717456,2.6134350079303338e-12,0
52,0.534,0.51,0.881,0.802,0.894,0.613,0.858,0.733,0.566,0.681,0.912,0.909,0.763,0.573,0.636,0.44154,0.370832,0.2857152,0.400132,0.28836929583,0.240964605,0.360690836,0.6897279999999999,0.2687842803495595,0.445783,0.000160171604791,0.286124,0.0477331398477991,0.0209615031530806,0.491878,0.16887936,0.8110276725205553,0.1375320577744788,0.669292,0.315285102,0.1153673255413905,0.0023715095145916,1.312412841073464e-16,0.0122927199625123,0.1103688289179056,0.0113644719108051,2.003864100773628e-13,0.391092,0.0110756759370185,2.3097078311292117e-06,1.8731213630047256e-12,0.28549261888,0.0500338887099522,1.2631731442638042e-09,3.189124673447456e-15,0.337467714184293,6.610836794227307e-05,0.0119420319281998,2.96005325503244e-09,0.0080278835365388,8.111525898259455e-10,0.0345786729023534,0.1801066922270885,0.06549437952,2.525123687775703e-08,0.535036,0.001641316902329,4.240856462456559e-05,0.0003088300933252,0.0400941050444034,5.679900504983445e-47,2.810391539616678e-10,4.3085601080243386e-11,0.3936,0.0113495672097875,0.1940487780967327,3.3464669370266496e-10,0.016222663735097,1.833985019304436e-11,0.0009827583336757,8.612227771359765e-13,1
53,0.688,0.589,0.969,0.832,0.877,0.609,0.693,0.889,0.594,0.897,0.792,0.938,0.55,0.446,0.702,0.306291,0.44685,0.3420445080000001,0.728082,0.15312574977,0.6041884299999999,0.52531752,0.871995,0.0117719459810662,0.274364,8.116721596036928e-06,0.5025780000000001,0.0374954815850999,0.0012030460194363,0.790312,0.1791020699999999,0.5053753004577145,0.0053895891961954,0.746172,0.08824816,0.0932589803975725,0.0010443040037894,1.3368100260510129e-17,0.0035651928202081,0.1204803500883969,4.5201149681255295e-05,6.276101798197799e-15,0.1840399999999999,0.031326199849943,4.559770910220736e-06,2.6376149158609507e-09,0.4505068986,0.1479655916538136,3.3911565228845904e-14,3.5258376613791303e-14,0.5193153393852715,2.3908261875140485e-05,0.0062011173084191,1.0918389180302083e-09,1.5947966100139353e-05,1.6454940333891178e-10,0.3560578390376732,0.0573244773421135,0.18025269262,1.4275476536895302e-07,0.585468,0.0016538453391502,1.729729139859909e-05,0.0011425809712023,0.1297158300272215,6.429981147855455e-58,1.3275165912906486e-11,1.2357755325075943e-09,0.51525,0.0042219079817355,0.2535529284707892,2.4882410405341184e-12,0.0051951879659989,2.5376967775691136e-07,0.002563646462983,4.251593064318587e-13,1
54,0.699,0.499,0.903,0.869,0.957,0.738,0.824,0.657,0.692,0.787,0.936,0.83,0.531,0.581,0.549,0.389988,0.559504,0.23376717,0.803712,0.25350120726,0.371110026,0.7027776800000001,0.8136030000000001,0.031125951013038,0.438904,3.108474453798356e-06,0.529084,0.0364099885134421,0.0008798131080475,0.761572,0.198044352,0.9423606465172618,0.0207804503843937,0.77088,0.1994076,0.1836405186176918,0.0009479722208939,8.200654628728832e-20,0.0018700959819324,0.0648960051069386,0.0001726426981128,4.036785122888235e-15,0.310026,0.1555771865471316,7.297503616809928e-06,3.257623675844013e-09,0.3415213992749999,0.0167766366140887,7.998149857319111e-13,1.1462101224770352e-15,0.4918887604292238,3.551652190927791e-05,0.0007502393549967,1.8829544954309353e-09,0.0003415401858764,2.968496698574552e-12,0.0734978712581078,0.5609145978014374,0.1194352128359999,6.164699909523895e-07,0.7055579999999999,0.0002995798631242,1.68426681853831e-07,0.0001967373738324,0.1337223987081107,9.002668040478334e-48,5.815881333276214e-12,1.4774392198684746e-09,0.3671999999999999,0.0023968333096823,0.3059236847884114,5.587391387346345e-12,0.0096894347094895,1.2949889644987842e-11,0.0037800059783739,1.6542035396284186e-11,1
55,0.737,0.555,0.919,0.841,0.964,0.615,0.969,0.976,0.886,0.818,0.991,0.979,0.644,0.625,0.617,0.3522399999999999,0.2736889999999999,0.3420067199999999,0.700476,0.197043591168,0.2014165999999999,0.310325085,0.8797,0.0790474711553205,0.313038,6.511046607856882e-06,0.875735,0.0319087303712369,0.0114755163623383,0.5926800000000001,0.2210561279999999,0.928866270728408,0.1586109224020525,0.7930400000000001,0.39053862,0.3341679132559123,0.0036119359561853,1.7263197067945117e-11,0.0016129338684021,0.2326898282531065,0.0060189004030268,3.268818630635269e-12,0.5425200000000001,0.1756219382624548,7.471628051321721e-05,4.164172344835686e-10,0.3254489290499999,0.3661197387007346,3.6643770293770157e-10,7.980552706619857e-12,0.667715073953256,9.915394065541904e-05,0.0157390877813741,1.181443898814973e-05,7.240176186658478e-05,1.2181293515593054e-07,0.133163513466293,0.3190295343311144,0.1837348032,4.180249908207783e-05,0.7873389999999999,0.022773084329987,7.12708252259526e-05,0.0019853413183816,0.2069118075201856,7.34624858698718e-45,3.8396527793444615e-08,2.107931534749112e-07,0.711712,0.0058046100267674,0.6284923328664289,1.4364136467087275e-09,0.0400203257321742,6.689402250333552e-09,0.0363121487315449,0.0018096064358339,0
56,0.616,0.55,0.911,0.842,0.913,0.603,0.632,0.57,0.559,0.66,0.759,0.909,0.527,0.507,0.575,0.30296,0.432963,0.29073213,0.6208,0.185896139184,0.2803530729999999,0.574564509,0.769956,0.0608236097061487,0.209739,7.383436970461073e-07,0.3993,0.11302838334,0.0006535459420731,0.515486,0.1219864799999999,0.826090687458657,0.0180420635271095,0.6847439999999999,0.144384464,0.050529464925166,0.0016164407174154,1.893509410526248e-19,0.0014197820839546,0.1377546464116131,0.0001254802404652,1.909434713824973e-15,0.243724,0.1478854854720921,1.1038983602410732e-05,6.617407287515882e-11,0.2871914232599999,0.1039766363286558,1.3501479084290145e-12,4.750329957998233e-17,0.4281100091907887,0.0001323691594766,0.0033706271594279,8.715608097154553e-12,2.156356880795816e-05,1.2503899133952657e-12,0.0116608546576867,0.4232793928569534,0.2987043998399999,9.592781618200228e-11,0.598635,0.0006681679057707,8.948488941913202e-07,0.000139430116824,0.0026808091477287,6.151338135802926e-49,3.1504538515735755e-11,1.4410594033729602e-11,0.4974239999999999,0.0019632992638028,0.1108795079208136,6.553411128183171e-14,0.0078332457795534,8.704479842867907e-12,0.0178756020652306,1.4441577146932251e-19,1
57,0.764,0.72,0.947,0.924,0.982,0.795,0.931,0.884,0.746,0.414,0.916,0.862,0.711,0.702,0.769,0.551824,0.55825,0.233208261,0.792857,0.229762896,0.41335944,0.5650743120000001,0.7301639999999999,0.0866484609339508,0.288819,0.0003934896693894,0.76384,0.0940819996104945,0.0028424661240417,0.6723509999999999,0.245085792,0.8964670034350543,0.1045166070308976,0.495132,0.1908941579999999,0.1481648526082368,0.0126312069776641,7.542972268826227e-12,0.0126983022685686,0.3054083792283146,0.0007054398932013,1.917147125133864e-09,0.356734,0.1097656712208,0.0005825739175854,1.7136646509476053e-07,0.351921024,0.3228443046652235,8.253059035620515e-09,3.0718780039327396e-11,0.3625902975405567,0.0003091172991142,0.0375233348584677,2.412081302563484e-07,0.0027705653087034,3.845148531064089e-07,0.1334499242013767,0.3183164089583727,0.3657842496,8.15564682563358e-07,0.68352,0.005676582484235,5.7628112230504646e-05,0.0002972961523676,0.0196045212675322,4.358423651231431e-25,8.573780854531358e-09,2.6164986375279656e-07,0.698737,0.0502836953371879,0.428640172368146,7.020090432209063e-14,0.048911813976275,3.089948765091989e-08,0.0312462713815834,1.0341085009976917e-08,1
58,0.688,0.716,0.948,0.823,0.944,0.766,0.945,0.897,0.667,0.927,0.819,0.929,0.496,0.582,0.682,0.321948,0.3635199999999999,0.353488896,0.6072989999999999,0.4134483307680001,0.6687135,0.279544608,0.5253359999999999,0.2322996294480762,0.254395,0.0070046338734925,0.231474,0.067458152272896,0.0010034199701953,0.770658,0.248938494,0.6422754839310197,0.0449158491729588,0.6804560000000001,0.2071645949999999,0.3530345856897774,0.0108284179744036,6.054980048094411e-14,0.0052169673042806,0.1708354591581957,0.0019075047721142,2.3396523900272018e-11,0.667392,0.1865377407890304,3.4508997748650656e-05,1.415962746471822e-09,0.369842415264,0.0205411057679389,9.864132908830115e-10,5.951034936122525e-14,0.3868551234562292,0.0001177236576571,0.0111095677132713,3.940418501943501e-06,2.1699303216510565e-05,1.3041400559063936e-08,0.817697960946096,0.07293477582851,0.2013529340159999,9.497420513317151e-06,0.805315,0.0088271164578625,0.000106645423222,9.250300386441534e-05,0.2696149010965413,6.63886887996832e-42,6.991758480677978e-09,2.049909205698442e-09,0.6026400000000001,0.0033141823672259,0.3330007145302006,2.524038715290568e-06,0.0113511091476832,3.2607915266703035e-06,0.0032247493847815,1.1539077633095854e-08,1
59,0.68,0.645,0.748,0.896,0.943,0.673,0.898,0.89,0.865,0.686,0.919,0.772,0.617,0.667,0.749,0.491001,0.478152,0.27366485,0.804316,0.277729483122,0.40474623,0.502577376,0.530475,0.2592713778549937,0.4403399999999999,0.000383199684784,0.44892,0.1080762123899842,0.0222446777744823,0.70147,0.335908245,0.2775171709588101,0.0588433495357903,0.768453,0.11675532,0.1255971335631867,0.0051511558469097,1.40774546284755e-10,0.009592522671625,0.1176472030657064,0.0084940536365758,5.352861088686812e-08,0.369771,0.1782575962531942,0.0011833579372681,3.875404396986595e-07,0.227274891844,0.1010224696102361,3.1508831332062555e-08,7.550098915200893e-16,0.1635172167863322,0.0004175943027899,0.0249757070430988,5.893559463195985e-06,0.0005486758333706,9.999917252545805e-09,0.2275972160535808,0.3519229558027641,0.18192201885,2.558650292771276e-07,0.8648640000000001,0.0040049958555539,0.0002003078658096,0.0009554746049973,0.0569364918243896,2.473219271934728e-31,3.012625297070433e-08,4.820547714862498e-06,0.686256,0.0364050950178385,0.5840591004435882,1.5595617567295304e-10,0.0722766682515974,7.371028435163721e-07,0.0120585643026143,5.4332427045670935e-09,0
60,0.589,0.571,0.963,0.762,0.919,0.752,0.981,0.968,0.807,0.892,0.799,0.896,0.586,0.577,0.639,0.36533,0.360052,0.266088978,0.390213,0.1959025535759999,0.6048145319999999,0.623608128,0.777915,0.1637652318442221,0.47235,0.0001837322067782,0.386152,0.0483080758595028,0.0103990037389351,0.940864,0.11590528,0.6000284979896449,0.0165433245887841,0.859815,0.1986075,0.4038011681089029,0.000769908010227,4.0978054330682905e-15,0.0011039603654361,0.277078513280937,4.399414407650785e-05,2.3391844266609527e-12,0.35283,0.1269834278644638,2.1013695017517148e-05,4.361197555174986e-10,0.2070227672799999,0.1165213931547335,1.1786108337709839e-10,3.3640023045916905e-19,0.4873240730761865,1.114042389912332e-05,0.0015600839700245,0.0048548996091808,0.0008065980031283,6.534560157770482e-07,0.3092707299289836,0.0943947732292487,0.109014016332,7.190928787768693e-06,0.628836,0.0008419555544179,8.81441763810097e-08,3.217289342767278e-06,0.1888071619082976,6.307138522289672e-47,8.053597331663595e-10,7.806347571674238e-07,0.5744799999999999,0.013181153574491,0.5669425129500182,4.959802904648509e-12,0.014749414986188,2.845178329656318e-05,0.0053068798124959,3.363071531704153e-11,1
61,0.574,0.641,0.769,0.884,0.877,0.825,0.904,0.967,0.69,0.794,0.901,0.841,0.823,0.553,0.672,0.28557,0.56172,0.416673194,0.782649,0.2669886417,0.6379967999999999,0.410488914,0.7291139999999999,0.1939616284285817,0.4185439999999999,7.330366808490707e-06,0.7089,0.1979306717635359,0.0132132233530884,0.708713,0.41846976,0.2708597151643913,0.0454644844145137,0.86541,0.276168,0.0882228906813795,0.0003551846650052,8.004686192262614e-09,0.0055189629508917,0.0591139840640101,5.185941390030657e-05,2.1683072000298718e-11,0.49312,0.2611954734507489,0.0001696066484977,1.2894005581161923e-10,0.2862230335999999,0.3007955857902583,1.6079474550637484e-05,2.2961293342201e-18,0.3449942754421363,2.261798919578199e-05,0.0149690818533183,1.0699362644070947e-07,0.0003772854756003,1.009858326279865e-07,0.2558824016604379,0.139745115200149,0.089821295712,8.802729068174526e-08,0.608058,0.0123730061866072,1.121786804805721e-06,0.0056036791677649,0.199086565004725,7.125399774385463e-44,6.8492752202821955e-09,1.62359943747632e-06,0.877825,0.0310460668719564,0.4147899061219829,1.3268223798366889e-11,0.0078501371979195,6.042706510808464e-07,0.0067686114177089,1.9315352810681293e-12,0
62,0.708,0.72,0.982,0.856,0.956,0.647,0.986,0.806,0.64,0.826,0.588,0.857,0.562,0.598,0.674,0.3256,0.496541,0.06660374,0.669798,0.05236077528,0.2808502,0.7310469250000001,0.895652,0.0536453402432302,0.316848,9.849886258325944e-06,0.5127200000000001,0.0119199821518617,0.017311764775457,0.65562,0.1121807499999999,0.1808768284221158,0.0294655412602123,0.554208,0.393684057,0.1047327938616935,0.0002357510709361,2.3749837202410356e-14,0.0015580064579416,0.1371087489292888,4.34475971418218e-05,1.2270496879748798e-13,0.344894,0.1707590130687153,1.3557118427032514e-05,1.0910828986549978e-10,0.3174918331679999,0.0316766543476939,3.685882543972648e-12,1.1669021030007606e-18,0.3582363180784536,9.212733156782738e-06,0.0004699678212506,1.1742491993800378e-06,4.610933738755066e-05,2.1731365714160043e-10,0.0591620329567256,0.3110610123797212,0.2308510512,1.8742859942786896e-09,0.585496,0.0002600004464529,2.0103006457514004e-08,1.012771765165402e-05,0.0294449103030527,1.837353226720212e-50,1.1949552037328368e-11,3.7123986676136044e-09,0.7011339999999999,0.0143474808625666,0.1806289557117964,4.2818094476101963e-16,0.0100194696516398,0.0031439934817019,0.0087852961777069,1.3525359475697116e-20,0
63,0.612,0.546,0.907,0.894,0.968,0.676,0.951,0.874,0.614,0.67,0.91,0.901,0.671,0.498,0.597,0.55726,0.5704,0.273584892,0.42636,0.4610885224959999,0.53907255,0.278209375,0.7123269999999999,0.0553895546218735,0.14706,9.905573725476628e-06,0.4445699999999999,0.0555695884308096,0.0016422382464508,0.523951,0.2508150079999999,0.990035942042988,0.073551634227629,0.564828,0.14730534,0.045280778786785,0.0262037027167559,7.076530707553111e-15,0.0024693296208238,0.1725224433071539,0.0020505522494197,1.845380453676712e-13,0.25179,0.2264310561789738,3.685636245698532e-06,1.5665145241193758e-10,0.4452772667999999,0.2417074548040556,6.873036330026889e-11,1.3514045883957878e-15,0.508193065624608,4.002039058344531e-05,0.0046803859092331,4.814372242327522e-09,0.0003603353067499,8.609562449100282e-12,0.0219627480775845,0.1277574587408831,0.1771359408,1.087995083938184e-09,0.7377509999999999,4.709611342233703e-05,1.418873457325754e-06,0.0006810973224848,0.0365744192288375,8.340686810664563e-47,1.6526242816142245e-11,5.407177226538953e-10,0.516817,0.0173770635421956,0.2779934617901028,1.636776194904875e-11,0.0203203865700356,1.333946408402748e-09,0.0034464409547761,2.9737758080870237e-15,1
64,0.665,0.634,0.95,0.84,0.964,0.668,0.807,0.773,0.716,0.387,0.736,0.806,0.523,0.553,0.673,0.351321,0.293888,0.286065,0.5082249999999999,0.294766812288,0.427701792,0.416710251,0.71928,0.0087356236526896,0.209966,8.81808899877996e-06,0.21883,0.0329258611916039,0.0042981650048189,0.0835379999999999,0.12887823,0.3409331034791681,0.0431333823303959,0.369936,0.25773228,0.2768148937761461,0.0154012087527009,5.5207962500851204e-15,0.006101672971655,0.255584426978349,0.0010252619950097,1.873524595070308e-11,0.495255,0.101904503850072,1.3504943584366764e-05,1.2828989215583413e-10,0.36380879325,0.0770018352077965,5.016987201489168e-12,1.6095334886116004e-16,0.5109164598364077,4.316157845274447e-05,0.0199655205075446,1.9404164977720677e-13,0.0001953901616913,8.588672871317238e-11,0.0536286735649609,0.0413786634418469,0.1377014897279999,4.907318336096618e-10,0.7254780000000001,3.611829702657303e-05,8.730964216670384e-07,6.012333327379845e-05,0.0040152912672415,9.960451693983198e-42,1.0166803908717663e-11,1.140502023267057e-09,0.607082,0.0078805867496727,0.0919721498710014,3.63570450662831e-13,0.0164453542684224,3.756984969173809e-07,0.0088217651253746,3.559183776754245e-14,1
65,0.694,0.694,0.882,0.942,0.971,0.644,0.93,0.908,0.636,0.723,0.71,0.758,0.687,0.568,0.569,0.3474239999999999,0.622765,0.153025515,0.686512,0.18770370624,0.708084,0.3891564600000001,0.660645,0.0837006695860184,0.447417,2.2082796375111767e-05,0.409575,0.1073152335729539,0.0300953014307843,0.862641,0.097884504,0.3328766689071751,0.0106778909407592,0.873134,0.31620851,0.0537284402547182,0.0005871724808825,2.4255385987630217e-15,0.00291363241686,0.140440331870719,4.372609369099836e-05,3.5403242395439952e-12,0.430048,0.2787784665656122,1.8202647083867584e-05,1.4737675528572855e-11,0.1583198041599999,0.1370559962758966,7.900226270372417e-13,6.4337019888252195e-18,0.3162059640023125,2.9132615416676643e-06,0.0047352816031318,1.1748764138841851e-08,0.000469996735402,4.376916247841e-10,0.2768127163950821,0.1767673869847497,0.1955793905999999,1.0259007324243388e-08,0.6861900000000001,0.0005788941632407,4.989026765445119e-07,9.679227437395422e-05,0.0983628227505689,1.9478167746473556e-45,2.514503476352569e-10,3.2405658761052905e-08,0.4304639999999999,0.0087965772503538,0.3396635096626174,2.6777031693098e-15,0.0076281024356261,2.416530347440285e-07,0.0028222477345173,6.8139569467971154e-18,1
66,0.679,0.629,0.952,0.848,0.976,0.499,0.808,0.559,0.504,0.677,0.883,0.869,0.583,0.507,0.56,0.234231,0.266772,0.11631345,0.723344,0.1132019710249999,0.236235264,0.574208625,0.882588,0.0241309236443026,0.5625,1.82801924112427e-05,0.303597,0.0606699860153587,0.0029532694863448,0.367458,0.0454444,0.7815412382473088,0.0053961647113662,0.5746999999999999,0.106934943,0.0211824752848631,0.0019815616036511,2.739645409942558e-20,0.0003768358713278,0.2721344321819497,6.4303760496141e-07,2.139197585131159e-17,0.184414,0.0281307162123205,0.0054649006062578,0.0009982170841383,0.24918668775,0.0448922474453097,2.3929352900045643e-13,9.64615506781032e-17,0.501015966875424,5.302557847632508e-06,0.0006072665094331,4.736885366959835e-11,0.0116196498903584,2.1232462441640672e-12,0.1167886220459581,0.731777333484672,0.1390387230539999,3.988370905691416e-09,0.584864,0.0002648441108299,3.468470236389225e-07,0.0013099499752238,0.1331610080347715,5.863459090060028e-54,3.69785441030096e-13,1.585544036533077e-07,0.3192239999999999,0.0037753194693886,0.2448626063922598,3.082636391445374e-19,0.0162736351187816,8.280818879955422e-12,0.0171928656780265,6.013041417987024e-18,1
67,0.635,0.732,0.948,0.873,0.94,0.557,0.974,0.496,0.403,0.698,0.875,0.936,0.441,0.534,0.626,0.386784,0.7773950000000001,0.51218582,0.872256,0.5702132279759999,0.204456384,0.365977656,0.5764980000000001,0.2122427147178895,0.32523,0.0008782362995342,0.340326,0.1960570172265894,0.0101221909759159,0.884468,0.145041559,0.702945861236126,0.0894450369866781,0.7963199999999999,0.0557424,0.3695254889734249,0.0001264398602236,2.5483350696958724e-15,0.0005286294094237,0.2250963450568793,0.0473771700167834,5.761661443001906e-15,0.52332,0.6382593062682822,3.7909412835416046e-05,1.4490624227641839e-10,0.17608271872,0.4071026802230406,1.751228901013014e-08,7.798586316426005e-17,0.2680488484167186,8.806181114580448e-05,0.0060043661565478,1.3997992482254536e-06,0.0045398445604637,2.3396100044520427e-12,0.0374129387866299,0.4482623763983678,0.1872094470749999,1.3999577598292352e-06,0.776932,5.549280887086685e-05,2.317536573035081e-08,0.0045014812434526,0.0069340048579169,1.559755347154606e-42,3.7075655697264117e-10,6.607033841420486e-11,0.413133,0.0657735185156832,0.4712168797855012,2.2301490140197087e-09,0.001087113103173,4.694654235753957e-11,0.0031774548699432,3.991358264495785e-13,1
68,0.672,0.582,0.932,0.814,0.954,0.683,0.95,0.605,0.528,0.572,0.835,0.749,0.552,0.571,0.644,0.47538,0.42968,0.282677535,0.809098,0.124320019152,0.129002874,0.59765132,0.7911900000000001,0.0642900457113135,0.273525,9.517165357709828e-07,0.35226,0.0120443560618867,0.0004229450795804,0.513814,0.259156656,0.9761923231550644,0.0424656158524416,0.809778,0.17537408,0.0407214168610798,0.001957291317664,1.738964655466838e-18,0.0015516733980765,0.2250808847313168,0.0001864928386047,2.114455717783672e-14,0.344144,0.2328694850317778,2.464873383440266e-05,1.952580876818745e-09,0.5182247928000001,0.1382637056494399,9.952322735839956e-12,1.1069391202365449e-13,0.4419072607798465,4.701106997102063e-05,0.0130576383326754,6.159790407657091e-09,3.222115265416289e-06,6.853378625892162e-10,0.0463471304673363,0.4360131176245793,0.05132644608,2.1834080438028692e-10,0.6119680000000001,0.0002176992050374,7.534767362498424e-08,0.0003355704186521,0.024701386474102,1.577479383398684e-50,1.0055886501103872e-11,6.40313605068374e-10,0.552762,0.0042447489875636,0.1203356393213831,6.080945686498048e-12,0.0220859954156605,1.6825916747011356e-10,0.0027816309477548,6.6568204288360064e-15,0
69,0.576,0.567,0.989,0.769,0.981,0.836,0.954,0.809,0.868,0.579,0.886,0.939,0.727,0.564,0.796,0.3016439999999999,0.32886,0.2745234,0.8479850000000001,0.5024377312500001,0.722502396,0.495278784,0.768859,0.1160185413389959,0.423696,0.0007636304527048,0.186725,0.1076925914758915,0.0023177856302727,0.603424,0.1326269699999999,0.6722127199900898,0.0284841330281127,0.88973,0.198131414,0.0218901494881637,0.0045449809360504,1.1950105639732646e-11,0.0037127022228667,0.2278039379437205,0.0004752345473924,5.965886782526732e-11,0.388088,0.126675531843822,9.82322124733159e-06,1.6864928729055168e-10,0.512080328016,0.3056252878817651,3.291727857869062e-11,1.061539994156109e-13,0.4164784467575004,9.231969762569432e-05,0.0290050251383017,1.2972044323398935e-09,3.006379750058612e-05,4.5682307380526487e-11,0.0471568936929424,0.1663998530045475,0.172114614784,2.615896762027469e-06,0.6177600000000001,5.568090630721747e-05,0.0023578327469016,0.0317252633394186,0.0255649759343201,1.0823267058226871e-46,1.4661621883477378e-10,9.626426116676786e-10,0.417009,0.0350179614672438,0.343000038394656,4.2141012636220894e-13,0.0122486236943787,1.542080025037005e-07,0.0031080942772089,1.459780877303799e-13,1
70,0.516,0.518,0.943,0.646,0.905,0.318,0.946,0.81,0.665,0.689,0.793,0.719,0.624,0.506,0.59,0.40259,0.5136000000000001,0.2280264,0.7282219999999999,0.029560589856,0.49880922,0.3413141549999999,0.56017,0.004773889386348,0.3457349999999999,8.165163020262723e-12,0.482794,0.0016462531196662,0.0088466433151425,0.653097,0.1738572149999999,0.1141992931807248,0.0194026117732457,0.531152,0.169310115,0.0667052533787461,0.0002302888257932,1.8798194410613054e-15,9.005459669135338e-05,0.4212651471039678,0.0001818152489072,1.517229488980204e-13,0.394023,0.3308847067324282,5.526821576913388e-06,3.9278165923001203e-13,0.21041004096,0.2938454182693349,6.371957939646455e-13,3.280885249472558e-21,0.2841109646288501,4.1429615029197815e-06,0.0010904126322719,1.8381192563945625e-07,0.0001005758428247,1.1392035734720894e-11,0.0348064062345559,0.0258871609813023,0.105541848,1.971909068692308e-12,0.540124,0.0019848884428528,1.0590936893477157e-07,3.91556399249319e-07,0.0164646459649359,1.407024818586684e-48,9.804221837827204e-12,2.708644241774143e-11,0.528304,0.000208180280643,0.0924532472941505,3.749171004651075e-15,0.0013874067516579,3.353727057785248e-06,0.0092610636885389,9.966004045920273e-18,1
71,0.671,0.64,0.895,0.685,0.806,0.513,0.862,0.62,0.412,0.84,0.888,0.826,0.431,0.501,0.582,0.2435419999999999,0.34155,0.1021482,0.840213,0.1694574816479999,0.278183295,0.381795456,0.69984,0.0104986006801444,0.325829,1.591608235373743e-08,0.2985919999999999,0.038986772558569,0.0050087472990544,0.4969999999999999,0.25527768,0.4993814033502736,0.0567802307142169,0.517824,0.272648208,0.2189417734019108,0.0001100855709737,1.980999740527252e-20,5.39985315406168e-05,0.1009256026958464,7.8006865178224e-05,3.36776920348416e-16,0.2365,0.320397202169465,1.7036865722664493e-05,2.1612833927711286e-10,0.303040798508,0.074007813445278,9.265210469799842e-16,9.278193016446036e-20,0.4120207518609866,1.1501082049529152e-05,0.0001331104719741,1.8853164502932087e-10,3.698339847419073e-05,1.4433521570839512e-14,0.1159830098455494,0.2079213976703443,0.073395582624,5.411675193951328e-11,0.6117790000000001,0.0001356534844449,1.3789437141597684e-08,2.8289872398711688e-05,0.0158900425375715,3.3433273142646347e-59,6.424156476428809e-13,7.515166858995882e-12,0.50685,0.0049707643211661,0.081253946092327,3.22421481336398e-17,0.0006844193452898,2.4771959704666554e-10,0.0070679668245624,8.946355384984629e-22,1
72,0.668,0.615,0.912,0.812,0.885,0.521,0.795,0.651,0.504,0.773,0.851,0.626,0.654,0.522,0.522,0.29862,0.400464,0.30281472,0.710325,0.5291580280320001,0.09726496,0.43176854,0.52992,0.0038216862718951,0.2107979999999999,1.3008311216150817e-06,0.266252,0.0423813295491894,0.0020373072260768,0.5828220000000001,0.240075,0.8070231179314123,0.0550267094570159,0.745422,0.305864538,0.0182939446719756,0.0085371172695804,8.860553725310524e-19,0.002795803611013,0.0482155848498788,0.0010158262498798,6.778697371031755e-15,0.239148,0.1391406414941951,0.0006533817093165,4.365864022332034e-09,0.4838636927739999,0.3591694488710136,5.151735574949554e-12,9.22371609401531e-16,0.3085805061581881,4.402617172013416e-05,0.0025790391099073,6.798838471228843e-12,0.0001268128690547,1.2601119278367686e-10,0.0326665840387301,0.4550772114668149,0.17371771725,2.522651839956243e-09,0.667528,3.450872001802628e-05,1.3010552823431623e-05,0.0001755768566073,0.0301563394307036,4.42669323565981e-47,2.4019800633786127e-11,1.5324243643953152e-08,0.427558,0.0237042599318553,0.2282977713612514,4.892187081938177e-13,0.0159506422560403,3.295222977681606e-12,0.0092966378409978,2.1007252335864697e-17,1
73,0.744,0.634,0.92,0.811,0.979,0.751,0.949,0.741,0.521,0.566,0.976,0.966,0.394,0.549,0.471,0.6715739999999999,0.3774,0.4113353339999999,0.771485,0.14969942856,0.257971448,0.5838229519999999,0.8244630000000001,0.3905230280664761,0.186102,0.0004079300992891,0.5616140000000001,0.0900164648073599,0.0002217613149928,0.484195,0.1476072,0.996004998,0.0400740360050228,0.90062,0.09777856,0.1818414644763027,0.0014566074153138,1.991872009391582e-18,0.000840685340535,0.1374362096261113,0.0001805879263765,5.702318885530275e-16,0.468272,0.0344246392709452,0.0001531412870475,7.736941892637848e-12,0.196482066144,0.4673318510971679,4.216769388234813e-15,7.468104294481302e-13,0.635975793003001,3.5745787442869595e-05,0.0028654348074908,1.4084868098250284e-08,2.2272165087654013e-05,3.1421340443405907e-11,0.2254903564844897,0.6392293477978536,0.241399162368,2.9531149446495112e-05,0.79348,0.0003111012730968,8.827020737684078e-08,3.335558012072127e-07,0.1536101626723235,1.7136790695064214e-41,1.1861049881682827e-11,6.554142234638598e-08,0.637825,0.0024195776322596,0.5795475329521143,4.74589490001122e-10,0.0229507910683472,7.902271787418541e-13,0.0105455598378267,6.277084636592672e-11,0
74,0.617,0.598,0.826,0.856,0.963,0.529,0.917,0.806,0.689,0.835,0.605,0.799,0.538,0.587,0.565,0.27713,0.241943,0.2318735999999999,0.7476079999999999,0.2154033025599999,0.4270244549999999,0.60552544,0.914782,0.0796332650553637,0.441136,3.924760524256885e-06,0.264264,0.0576444598349737,0.0024803238526733,0.535304,0.10129338,0.5434093279164526,0.0057879371609579,0.583263,0.2050571449999999,0.2409008356946747,0.0008310379357736,7.357277042790819e-18,0.0011037477358799,0.0300700116740011,0.0004272640678599,9.822981682936652e-14,0.3959,0.1686467951192274,0.0001053192460569,1.5584110238183983e-09,0.237096288,0.2149812609493964,7.547675135067602e-14,1.2368625706868497e-17,0.2994787075989527,6.070862192588111e-06,0.0106352100200256,6.084547676056402e-07,0.0001027103644053,1.592094639866299e-10,0.295003950810705,0.194497523545614,0.22303414656,1.963450532213334e-07,0.65798,0.000372065210468,1.6905800839077453e-07,0.000484608635028,0.0345622032181811,6.602993494443152e-48,1.0468712652186509e-11,1.3791688846050627e-08,0.74029,0.0053152139586711,0.5551457153040872,4.592705454287934e-13,0.0415142681667355,8.531927424736366e-11,0.0114648665844999,2.4592995303550252e-14,0
75,0.753,0.661,0.963,0.766,0.922,0.591,0.936,0.8,0.728,0.857,0.886,0.98,0.477,0.564,0.584,0.417307,0.601815,0.187872762,0.8546100000000001,0.2963806705440001,0.61019712,0.2942176399999999,0.670592,0.0648198413427599,0.2926,2.565524544197653e-05,0.261212,0.0581432528814469,0.0089201134979299,0.727584,0.16413096,0.7349526273474488,0.0326494087604409,0.949638,0.3758341919999999,0.4462534300512373,3.546184446069551e-05,2.5048639930106788e-18,0.0006257077721558,0.1842226670490175,5.841407930228908e-05,2.583156257038706e-13,0.39606,0.4291466523050327,5.790472584254566e-05,1.0216136074274283e-09,0.6432199234560001,0.6573484072247763,2.570492125623938e-12,2.8349163551977003e-09,0.5115187000571709,0.0094755130989503,0.0132028499142944,1.4492765396779438e-07,0.0057968321616959,6.353560404343594e-10,0.0835340924846985,0.5090032128810433,0.287507970048,1.3457284679223667e-06,0.7155199999999999,0.0088565051340744,2.625201289716038e-06,0.0001464152815628,0.0633196048215924,2.265694255382357e-47,7.937964665926889e-10,7.767876941665707e-10,0.402944,0.0059590829195064,0.3336018451161243,6.826305670405153e-11,0.0029338725313477,1.1751871965619932e-08,0.0070761582578661,2.4151842756087296e-16,0
76,0.741,0.706,0.862,0.75,0.925,0.655,0.783,0.85,0.426,0.601,0.818,0.792,0.501,0.518,0.674,0.254014,0.311207,0.14611872,0.612055,0.1070059806479999,0.373933014,0.384633054,0.536526,0.0178196768544252,0.304668,9.826710556903544e-07,0.451962,0.009333538382577,0.0025515926790541,0.4955999999999999,0.139338144,0.2136643414058501,0.0109000636692756,0.547056,0.113260026,0.0303200123403314,0.0024226684477523,1.171541775506302e-16,0.0056728010568952,0.0197482459404363,2.581379184663479e-05,2.4350361845595065e-12,0.3333239999999999,0.051809264681328,4.7368134479821e-06,4.566462808579782e-12,0.21510980736,0.0088175385276988,1.7344734983159424e-13,1.1718608362051453e-17,0.2954232814569036,1.3676439322614951e-05,0.0030574167003602,7.457046836111851e-11,1.863603267539003e-05,1.5955922550223104e-12,0.1843325901793225,0.0760110593734237,0.18409485024,5.4052167504535526e-11,0.5909599999999999,8.694945358895486e-05,4.85598169164798e-05,6.876643637878589e-06,0.0164119136547263,2.967399492000141e-50,2.236566444844033e-12,1.002481989849685e-11,0.406224,0.0006147017386207,0.1945060462696601,2.4710002211142727e-17,0.0054943256938821,1.0003272219530534e-10,0.0006736213911197,3.04526705596142e-21,1
77,0.616,0.66,0.87,0.825,0.884,0.66,0.894,0.471,0.582,0.699,0.743,0.993,0.409,0.531,0.496,0.691386,0.459665,0.1589153199999999,0.780876,0.3901341250559999,0.20818336,0.591582796,0.435584,0.3196552624060064,0.4997849999999999,0.0014949625765106,0.222396,0.1137406362947711,0.0019798746467228,0.469836,0.1933274879999999,0.987064835234809,0.0342114349735942,0.9594,0.238292604,0.081560767579731,0.0012832938938324,2.6306229680909767e-19,0.002409105979169,0.1134930388537053,0.0001248683475525,6.59246147841234e-14,0.256186,0.0807720723725032,1.278299254234602e-05,2.897945375220758e-13,0.1621312,0.0549225839343981,2.1854669954926374e-12,8.182094234363952e-17,0.3936388264887798,5.4042342845463176e-05,0.01337008883372,7.323990926246982e-10,9.797761410427426e-05,9.744025682679149e-13,0.0276354695626667,0.2655824731023087,0.258840195705,1.2740209374038042e-10,0.494217,0.0015025262754685,1.749502654708915e-07,0.0001524417442572,0.0272286568055138,3.8697740047222774e-45,1.7110066288351026e-10,2.7597932228291608e-11,0.36416,0.0304181447528057,0.2630501946183598,2.6971678090539465e-13,0.0077940501887155,6.969125555615588e-12,0.0018532436529466,1.7075512914655681e-15,0
78,0.68,0.577,0.983,0.899,0.966,0.772,0.985,0.893,0.547,0.582,0.527,0.704,0.716,0.468,0.796,0.239478,0.382872,0.126452224,0.149672,0.3404221259999999,0.659933568,0.5246307,0.671424,0.2480199151488903,0.31096,0.0079753536259309,0.163392,0.1130351084733379,9.40125179428211e-05,0.738048,0.20442078,0.7152320976392709,0.0068135426001809,0.74004,0.139454368,0.0779208372239351,2.6333089749552564e-05,4.523394231132194e-06,0.0004838985278807,0.241019075693838,3.932979861507247e-06,1.7787659178088837e-13,0.29601,0.072008097002127,0.0053120971599253,2.198180532589547e-07,0.16645102452,0.0903097515905564,4.946561364478577e-12,6.927701192171476e-22,0.3651642639563436,3.816461845502712e-06,0.0108352145602218,5.953429943548699e-07,8.258581252412187e-05,2.9169167346055195e-11,0.6213831731995937,0.2083574684102485,0.08157868014,0.0020201547160904,0.6900000000000001,0.0002468311062633,2.4606089634557096e-08,9.973257927570848e-06,0.0431678108122809,7.121521011076738e-51,1.1055234452908318e-10,8.383976244567036e-06,0.7216589999999999,0.0553430447463541,0.4908962715607631,1.406048134372145e-16,0.0032995397693429,2.228387001368246e-06,0.002648944015786,6.132904577720499e-19,0
79,0.612,0.551,0.961,0.944,0.966,0.587,0.835,0.732,0.554,0.482,0.841,0.919,0.527,0.498,0.483,0.251636,0.383244,0.10373,0.764608,0.217129613904,0.1870873199999999,0.7425040700000001,0.817988,0.0613942898571779,0.364591,1.4475246101004568e-07,0.207234,0.0740968963800199,0.002091789438991,0.53053,0.1856321519999999,0.5321055282095483,0.0228585140689339,0.6897099999999999,0.069032223,0.0174071806142394,0.0018441659375617,1.0264760616794683e-20,2.7059390679891795e-05,0.0120708479763217,0.0001081622688033,4.1518847712139956e-17,0.189612,0.1208260510045142,0.000103085848745,6.102310137852295e-11,0.505953735804,0.2179773299085789,1.1118568584822104e-15,2.4582643954233104e-20,0.2404199989027799,1.4787850375924212e-06,0.0003992897470495,4.225294420385448e-12,9.793834194125808e-06,3.4339989776510055e-14,0.022625740990938,0.2180617650207,0.0654266204159999,2.2923823959802622e-11,0.57546,1.181042837750112e-05,7.372433371073474e-08,0.0004401443707954,0.0026735300172206,9.985887408321033e-60,4.685987441183259e-13,1.0971838796470785e-12,0.3740800000000001,0.0011468677077483,0.2183955509935067,5.743392300995081e-17,0.0188744467335509,7.73617893311392e-14,0.0022605228637344,1.5692495872562583e-19,0
80,0.43,0.443,0.963,0.726,0.965,0.447,0.773,0.752,0.62,0.649,0.859,0.662,0.653,0.513,0.585,0.3203519999999999,0.335592,0.2602691849999999,0.693888,0.059979615696,0.430991877,0.4181568,0.7270559999999999,0.0114577713659566,0.361493,2.546743433093965e-09,0.600138,0.025772267272685,0.0046563236923985,0.5000939999999999,0.091017486,0.2228074528167082,0.0046807930680704,0.384375,0.155832012,0.3170768628395082,0.0002017521983044,1.6524996967540704e-14,0.0009390686862871,0.5432473412641076,0.000231914248437,6.053699045364403e-14,0.192115,0.1015551023015992,1.905761139733479e-05,9.601133836948248e-13,0.216151194688,0.1750318588911595,1.5356402888261244e-11,3.4202671700701198e-18,0.5077191645127292,1.2858918340849174e-05,0.0191916212526145,1.0152999546007687e-07,0.0001453008103294,1.7598855527080888e-10,0.0346331982364581,0.0305088697310086,0.1163285101439999,7.055945102653059e-11,0.6117199999999999,0.0433785676537195,1.4190328152617527e-09,3.2546191076994613e-06,0.0252255290401282,1.9871768207914543e-46,5.248516593054608e-12,4.51501812952351e-10,0.471869,0.0003176251205079,0.1342640386862101,1.0315421322766762e-15,0.0005021457773724,7.258384852385625e-07,0.020764881751663,9.760962493434475e-16,1
81,0.628,0.675,0.921,0.751,0.899,0.614,0.884,0.872,0.616,0.691,0.8,0.764,0.652,0.521,0.603,0.304655,0.427332,0.09809904,0.469456,0.118852579264,0.23131353,0.372953207,0.6642239999999999,0.0378988301063325,0.351236,1.8599505434360685e-06,0.139314,0.0454991066048805,0.0073984109478034,0.31425,0.1933834249999999,0.3309719093399786,0.0366739074177845,0.480072,0.14949732,0.0303769339072856,0.0034631435971475,6.576548710673309e-18,0.0019447540267031,0.0582557075902006,0.0004039222121543,6.337926613449269e-14,0.304956,0.1701718182212548,8.73797338220075e-06,1.1365064935259226e-11,0.587193740996,0.0368900658563381,1.4348457891610929e-11,3.943880603099481e-15,0.356781461892156,5.134472322366751e-05,0.0072088625700554,9.419578640726203e-11,0.0004602956915924,8.801255766840965e-12,0.1622283742664669,0.1105494742462288,0.11745977932,7.310936015753149e-11,0.4312499999999999,0.0001422944547552,1.08537525604565e-05,5.9248000207698495e-05,0.0115960827413673,1.1412061089456114e-50,6.681643161820728e-11,1.8970712772596383e-11,0.28152,0.0090807194076174,0.3200494653131776,9.206421196413364e-18,0.004120306868299,8.922422642574305e-10,0.0057985241748342,3.766009673992201e-20,1
82,0.75,0.531,0.926,0.95,0.962,0.628,0.91,0.795,0.626,0.533,0.587,0.492,0.607,0.542,0.605,0.285155,0.17372,0.447595512,0.6408,0.24042192944,0.310327875,0.680512609,0.776125,0.0060801248248513,0.4850399999999999,1.520012699660026e-07,0.455455,0.01268220610811,0.0238370328889052,0.5927349999999999,0.215402544,0.8795051670393784,0.1929859749636757,0.650522,0.292862206,0.0299563601436698,0.0009628292291342,1.3748486182426614e-14,0.0028449865273118,0.1039146207897581,0.0096079063535914,4.599067721883864e-13,0.365736,0.243660433621176,0.0319331236707897,3.019449565014713e-09,0.287952234858,0.1461237891801961,2.0623590571924335e-10,1.333083171977719e-16,0.1932888328234905,5.46629957266096e-05,0.0254129867076863,3.6175918773336487e-10,0.0050095814922127,4.846058285041328e-12,0.0547889358728806,0.2596559075349003,0.110236422582,1.588661690952402e-05,0.862914,0.0001503570647745,1.4222365986220336e-06,6.643822664901987e-05,0.0737102145136598,1.0891891475828569e-44,8.091485270219562e-10,3.370668859881093e-08,0.390561,0.0003522654934326,0.5733665603535812,5.5487613302607175e-14,0.0104429130823506,2.189394195329516e-10,0.0033625327320737,2.786989823102892e-18,1
83,0.629,0.588,0.891,0.952,0.982,0.601,0.965,0.892,0.638,0.711,0.985,0.949,0.835,0.619,0.649,0.419868,0.198008,0.140415468,0.7677,0.251322033,0.6167855339999999,0.50405355,0.744408,0.1230043961025359,0.554274,0.0003028782496392,0.6636,0.024005201622336,0.0123412692196585,0.613571,0.060394642,0.8814458323365186,0.0237583599502639,0.919672,0.185851888,0.0884206513633567,0.0013876468841289,1.3051701859963864e-08,0.0092253650645018,0.1849043080207526,1.6427404429770035e-05,6.54838991089071e-12,0.268224,0.2412296064693715,6.080335531887215e-05,4.4575613417556017e-10,0.341259192,0.4466828546326288,8.340391221421005e-12,5.440864215061333e-12,0.6157200730288609,3.697271691408398e-05,0.1393348943816944,1.1296008603206584e-08,0.000825794218513,1.3602001195515962e-11,0.1374322869514466,0.5181722590849461,0.229016576,0.0003144236267024,0.927305,0.0021297353919969,2.059613384736784e-05,0.0297316915626423,0.199013969640491,6.8299162676602635e-46,8.551402059971264e-12,2.0890094453102106e-07,0.7163219999999999,0.0120621157578538,0.4140640068104158,1.5384365348656647e-16,0.0270713003268997,1.7363867208631434e-08,0.0042651223741992,7.854628368457494e-13,0
84,0.474,0.495,0.54,0.801,0.895,0.374,0.946,0.559,0.517,0.631,0.764,0.775,0.551,0.4,0.54,0.365044,0.246225,0.088605702,0.57408,0.038249363936,0.2297518409999999,0.28317219,0.5056799999999999,0.0032520641516129,0.330372,3.186868693639638e-09,0.282952,0.0069534278540858,0.0239684403295829,0.412734,0.11745888,0.2743054816807189,0.0074847483437785,0.486048,0.36525944,0.0390381016109189,9.527228105246409e-08,8.549639392909417e-20,0.0001310674792112,0.0018504911953619,4.836472720327034e-06,1.0635134098324404e-18,0.2969199999999999,0.1982019966206999,4.286528814727105e-05,4.501794366100815e-18,0.0826729113599999,0.0179628438197631,2.929063066997598e-13,1.1246284371929372e-26,0.0187624088989908,4.822731315681249e-07,0.0025428682107667,4.2580848719668144e-11,0.0011322885513964,6.710446431037614e-14,0.0060366252634335,0.0544976825720975,0.09266266854,1.0846737763035811e-11,0.783648,4.2018254878836125e-05,1.8137259482014748e-08,1.2863552098480166e-07,0.0307953902693466,3.967175863026e-62,7.332354890118224e-11,6.759394486790813e-15,0.2406999999999999,5.2865127416605264e-05,0.0874920066956974,2.4698305249910808e-17,5.456527935642837e-05,9.54254342352376e-17,0.0005739031749541,1.6067009375889295e-25,1
85,0.635,0.718,0.919,0.857,0.908,0.64,0.824,0.754,0.489,0.637,0.822,0.803,0.511,0.522,0.612,0.4168449999999999,0.3451499999999999,0.315863688,0.736115,0.071747637316,0.311704832,0.640689588,0.703777,0.0242021433080429,0.3248989999999999,7.5992148396034e-08,0.25466,0.039938620700591,0.0004222219777733,0.451223,0.177327,0.3405901147130875,0.024451547062793,0.455175,0.128255085,0.0219877470424417,0.0020809370082416,3.702360921238569e-19,0.0021125067638143,0.1189232141195201,0.0002901157480923,1.825647979091376e-14,0.3157,0.113352450368612,1.383642217990384e-06,7.67619235565405e-11,0.32146328088,0.1601828671063098,2.198806965856667e-12,2.433105292136117e-16,0.4556860866406649,2.247267106153205e-05,0.0016211503618261,8.351925136442405e-12,0.0001661993349891,8.900643572061644e-10,0.0147694813881402,0.2511431788503626,0.23256477888,7.81214836467846e-14,0.7142299999999999,0.0007529587172441,2.705724400216245e-07,0.0002776910068256,0.0279688932589592,1.7759448483183394e-48,1.4429262243926184e-11,2.2292762602602625e-12,0.318068,0.0092052477976044,0.1885911266778739,2.594606131247807e-14,0.00168682522484,4.516463188761971e-11,0.0158777180519826,2.518617498970804e-19,1
86,0.711,0.562,0.943,0.919,0.956,0.736,0.914,0.856,0.593,0.834,0.863,0.928,0.705,0.438,0.704,0.3504599999999999,0.17934,0.434909202,0.552045,0.2979535151429999,0.43213656,0.6144613999999999,0.714016,0.0924774307292815,0.566256,0.0010163909175465,0.5661660000000001,0.0501393645102873,0.0247737115100797,0.719509,0.3597858000000001,0.9772050762341108,0.0682889447445048,0.74277,0.3532577999999999,0.0316034820961785,0.0083524273252451,1.3918276264540546e-10,0.0020054252111907,0.2564886026937452,0.0069794925794865,8.019154982574518e-14,0.486751,0.006380208576768,2.980720268076537e-05,1.3735308265884976e-08,0.5748108849999999,0.0344478227786096,5.6828808065417904e-11,1.4472144140282826e-12,0.6417286176677377,0.0003060007184889,0.0069834596666111,2.677382074158601e-10,0.0022109320286978,2.176141370208784e-11,0.0750901493373955,0.4381503213534815,0.12109185396,4.9880025989169486e-05,0.75658,0.0002898994698476,2.5291791616470425e-06,8.713841872327077e-05,0.2636302919433385,1.55892609217484e-55,1.0839150131181251e-10,3.716038646123408e-09,0.549056,0.0026004744799995,0.3706093989371471,1.4028719058658702e-08,0.0671689788313182,8.107353808492626e-11,0.0030649439919226,3.338184531485855e-11,0
87,0.659,0.687,0.96,0.835,0.947,0.7,0.971,0.827,0.636,0.829,0.636,0.834,0.571,0.599,0.64,0.354036,0.225882,0.243415233,0.6304179999999999,0.290536683984,0.433611945,0.5259347700000001,0.787023,0.0398460581072745,0.420496,4.98222188502153e-05,0.56011,0.0988847031150997,0.0144403608397246,0.683641,0.306658807,0.1034251737956716,0.0584024665830335,0.674829,0.331921464,0.1081323692296581,7.616014919071723e-06,9.190096494733282e-15,0.0024572016133455,0.1073208186496151,0.0010612287841284,2.5735736956871053e-14,0.5865250000000001,0.0548041681177536,2.4117596540466096e-05,5.890862585643868e-13,0.2437278588359999,0.0629306876903594,1.48738111382932e-10,2.673362118412973e-18,0.2907562145570662,1.9664911562618517e-05,0.0085550554943786,1.003393917022938e-06,0.0003789580652905,1.5596500680207226e-09,0.0849565089862951,0.2412072873345093,0.177244204416,7.251073586793391e-09,0.7680170000000001,0.0037674320787201,2.270800635469893e-07,0.0001367981825701,0.0856903552897491,2.2439895623900703e-48,5.67078696371792e-13,8.648855586954359e-08,0.643083,0.0527021509332675,0.1892323941621418,9.450946839556791e-13,0.0066268258552941,0.0007435202506504,0.0020167858319869,1.1662838087472478e-14,1
