,1:02,1:03,1:04,1:05,1:06,1:07,1:08,1:09,1:10,1:11,1:12,1:13,1:14,1:15,1:16,1:17,1:18,1:19,1:20,1:21,2:03,2:04,2:05,2:06,2:07,2:08,2:09,2:10,2:11,2:12,2:13,2:14,2:15,2:16,2:17,2:18,2:19,2:20,2:21,3:04,3:05,3:06,3:07,3:08,3:09,3:10,3:11,3:12,3:13,3:14,3:15,3:16,3:17,3:18,3:19,3:20,3:21,4:05,4:06,4:07,4:08,4:09,4:10,4:11,4:12,4:13,4:14,4:15,4:16,4:17,4:18,4:19,4:20,4:21,5:06,5:07,5:08,5:09,5:10,5:11,5:12,5:13,5:14,5:15,5:16,5:17,5:18,5:19,5:20,5:21,6:07,6:08,6:09,6:10,6:11,6:12,6:13,6:14,6:15,6:16,6:17,6:18,6:19,6:20,6:21,7:08,7:09,7:10,7:11,7:12,7:13,7:14,7:15,7:16,7:17,7:18,7:19,7:20,7:21,8:09,8:10,8:11,8:12,8:13,8:14,8:15,8:16,8:17,8:18,8:19,8:20,8:21,9:10,9:11,9:12,9:13,9:14,9:15,9:16,9:17,9:18,9:19,9:20,9:21,10:11,10:12,10:13,10:14,10:15,10:16,10:17,10:18,10:19,10:20,10:21,11:12,11:13,11:14,11:15,11:16,11:17,11:18,11:19,11:20,11:21,12:13,12:14,12:15,12:16,12:17,12:18,12:19,12:20,12:21,13:14,13:15,13:16,13:17,13:18,13:19,13:20,13:21,14:15,14:16,14:17,14:18,14:19,14:20,14:21,15:16,15:17,15:18,15:19,15:20,15:21,16:17,16:18,16:19,16:20,16:21,17:18,17:19,17:20,17:21,18:19,18:20,18:21,19:20,19:21,20:21
1:02,,,,,,,,,,,,,,,,,,,,,,,,,,,,,,,,,,,,,,,,,,,,,,,,,,,,,,,,,,,,,,,,,,,,,,,,,,,,,,,,,,,,,,,,,,,,,,,,,,,,,,,,,,,,,,,,,,,,,,,,,,,,,,,,,,,,,,,,,,,,,,,,,,,,,,,,,,,,,,,,,,,,,,,,,,,,,,,,,,,,,,,,,,,,,,,,,,,,,,,,,,,,,,,,,,
1:03,0.4413020714844349,,,,,,,,,,,,,,,,,,,,,,,,,,,,,,,,,,,,,,,,,,,,,,,,,,,,,,,,,,,,,,,,,,,,,,,,,,,,,,,,,,,,,,,,,,,,,,,,,,,,,,,,,,,,,,,,,,,,,,,,,,,,,,,,,,,,,,,,,,,,,,,,,,,,,,,,,,,,,,,,,,,,,,,,,,,,,,,,,,,,,,,,,,,,,,,,,,,,,,,,,,,,,,,,,
1:04,0.12575732169089363,0.14227514926398402,,,,,,,,,,,,,,,,,,,,,,,,,,,,,,,,,,,,,,,,,,,,,,,,,,,,,,,,,,,,,,,,,,,,,,,,,,,,,,,,,,,,,,,,,,,,,,,,,,,,,,,,,,,,,,,,,,,,,,,,,,,,,,,,,,,,,,,,,,,,,,,,,,,,,,,,,,,,,,,,,,,,,,,,,,,,,,,,,,,,,,,,,,,,,,,,,,,,,,,,,,,,,,,,
1:05,0.4570595717527017,0.4260343545184346,0.35183810269318744,,,,,,,,,,,,,,,,,,,,,,,,,,,,,,,,,,,,,,,,,,,,,,,,,,,,,,,,,,,,,,,,,,,,,,,,,,,,,,,,,,,,,,,,,,,,,,,,,,,,,,,,,,,,,,,,,,,,,,,,,,,,,,,,,,,,,,,,,,,,,,,,,,,,,,,,,,,,,,,,,,,,,,,,,,,,,,,,,,,,,,,,,,,,,,,,,,,,,,,,,,,,,,,
1:06,0.03706004141843417,0.3360317181455635,0.10702455166722923,0.639080370391473,,,,,,,,,,,,,,,,,,,,,,,,,,,,,,,,,,,,,,,,,,,,,,,,,,,,,,,,,,,,,,,,,,,,,,,,,,,,,,,,,,,,,,,,,,,,,,,,,,,,,,,,,,,,,,,,,,,,,,,,,,,,,,,,,,,,,,,,,,,,,,,,,,,,,,,,,,,,,,,,,,,,,,,,,,,,,,,,,,,,,,,,,,,,,,,,,,,,,,,,,,,,,,
1:07,0.16343868615973908,0.8252987547630664,0.14854469716875904,0.5076237011248409,0.5209823127095485,,,,,,,,,,,,,,,,,,,,,,,,,,,,,,,,,,,,,,,,,,,,,,,,,,,,,,,,,,,,,,,,,,,,,,,,,,,,,,,,,,,,,,,,,,,,,,,,,,,,,,,,,,,,,,,,,,,,,,,,,,,,,,,,,,,,,,,,,,,,,,,,,,,,,,,,,,,,,,,,,,,,,,,,,,,,,,,,,,,,,,,,,,,,,,,,,,,,,,,,,,,,,
1:08,0.2270764350467683,0.6733922425741548,0.10093602786877492,0.24151678143343086,0.27238794325215737,0.6526167393534692,,,,,,,,,,,,,,,,,,,,,,,,,,,,,,,,,,,,,,,,,,,,,,,,,,,,,,,,,,,,,,,,,,,,,,,,,,,,,,,,,,,,,,,,,,,,,,,,,,,,,,,,,,,,,,,,,,,,,,,,,,,,,,,,,,,,,,,,,,,,,,,,,,,,,,,,,,,,,,,,,,,,,,,,,,,,,,,,,,,,,,,,,,,,,,,,,,,,,,,,,,,,
1:09,0.18376907852779192,0.1836426563813571,0.22185142977026168,0.6759560787224748,0.7406506842595519,0.28124101907338867,0.1569697720322214,,,,,,,,,,,,,,,,,,,,,,,,,,,,,,,,,,,,,,,,,,,,,,,,,,,,,,,,,,,,,,,,,,,,,,,,,,,,,,,,,,,,,,,,,,,,,,,,,,,,,,,,,,,,,,,,,,,,,,,,,,,,,,,,,,,,,,,,,,,,,,,,,,,,,,,,,,,,,,,,,,,,,,,,,,,,,,,,,,,,,,,,,,,,,,,,,,,,,,,,,,,
1:10,0.21743075616687832,0.26835774562695003,0.3328629913098381,0.7703120193542544,0.457845863043689,0.2828281714017023,0.2943402813783997,0.4265900511264952,,,,,,,,,,,,,,,,,,,,,,,,,,,,,,,,,,,,,,,,,,,,,,,,,,,,,,,,,,,,,,,,,,,,,,,,,,,,,,,,,,,,,,,,,,,,,,,,,,,,,,,,,,,,,,,,,,,,,,,,,,,,,,,,,,,,,,,,,,,,,,,,,,,,,,,,,,,,,,,,,,,,,,,,,,,,,,,,,,,,,,,,,,,,,,,,,,,,,,,,,,
1:11,0.34311347556380856,0.48609856189494743,-0.04737861146162137,0.23633754239616392,0.25536610698033085,0.5868945914596557,0.4234975936958111,0.2667101625910824,0.053648435941970794,,,,,,,,,,,,,,,,,,,,,,,,,,,,,,,,,,,,,,,,,,,,,,,,,,,,,,,,,,,,,,,,,,,,,,,,,,,,,,,,,,,,,,,,,,,,,,,,,,,,,,,,,,,,,,,,,,,,,,,,,,,,,,,,,,,,,,,,,,,,,,,,,,,,,,,,,,,,,,,,,,,,,,,,,,,,,,,,,,,,,,,,,,,,,,,,,,,,,,,,,
1:12,0.4034339628623455,0.4887368954469854,-0.0526365562765317,0.4509007461040561,0.506898206089381,0.595114403077441,0.44852714577008723,0.4649493669158756,0.3255543484952202,0.8220499275559149,,,,,,,,,,,,,,,,,,,,,,,,,,,,,,,,,,,,,,,,,,,,,,,,,,,,,,,,,,,,,,,,,,,,,,,,,,,,,,,,,,,,,,,,,,,,,,,,,,,,,,,,,,,,,,,,,,,,,,,,,,,,,,,,,,,,,,,,,,,,,,,,,,,,,,,,,,,,,,,,,,,,,,,,,,,,,,,,,,,,,,,,,,,,,,,,,,,,,,,,
1:13,0.3138060418806645,0.5864508545687112,-0.050933516259850625,0.3021657306781344,0.4704001273657244,0.5593747059277533,0.8297724267012758,0.38725463582212594,0.30459760307303446,0.5335344538895729,0.7136632179833499,,,,,,,,,,,,,,,,,,,,,,,,,,,,,,,,,,,,,,,,,,,,,,,,,,,,,,,,,,,,,,,,,,,,,,,,,,,,,,,,,,,,,,,,,,,,,,,,,,,,,,,,,,,,,,,,,,,,,,,,,,,,,,,,,,,,,,,,,,,,,,,,,,,,,,,,,,,,,,,,,,,,,,,,,,,,,,,,,,,,,,,,,,,,,,,,,,,,,,,
1:14,0.16315257557007376,-0.03361424675538357,0.46760107602683915,0.2107926126553229,0.16638985839803813,-0.02665487826564389,-0.05817067990313028,0.5168417532105815,0.0801456179970867,-0.054388233042906596,-0.01583162154441523,-0.04081673895551957,,,,,,,,,,,,,,,,,,,,,,,,,,,,,,,,,,,,,,,,,,,,,,,,,,,,,,,,,,,,,,,,,,,,,,,,,,,,,,,,,,,,,,,,,,,,,,,,,,,,,,,,,,,,,,,,,,,,,,,,,,,,,,,,,,,,,,,,,,,,,,,,,,,,,,,,,,,,,,,,,,,,,,,,,,,,,,,,,,,,,,,,,,,,,,,,,,,,,,
1:15,0.3035352832776178,0.0634988261142397,0.2765137097711074,0.5864352145263463,0.37749755815219177,0.10422996770012048,-0.05774440531697125,0.6866988873133121,0.38450687059186495,-0.002017179706285003,0.12710719870792708,-0.008015792269269573,0.7842673099027744,,,,,,,,,,,,,,,,,,,,,,,,,,,,,,,,,,,,,,,,,,,,,,,,,,,,,,,,,,,,,,,,,,,,,,,,,,,,,,,,,,,,,,,,,,,,,,,,,,,,,,,,,,,,,,,,,,,,,,,,,,,,,,,,,,,,,,,,,,,,,,,,,,,,,,,,,,,,,,,,,,,,,,,,,,,,,,,,,,,,,,,,,,,,,,,,,,,,,
1:16,0.026835403198651495,0.07767283731271775,0.2655820316358552,0.5980183348854675,0.6345018798174799,0.18829204566273622,-0.06717732751517218,0.6803040819885312,0.3692410204325098,0.11712845940782021,0.12558975795846172,0.01563868068648802,0.3144494258563532,0.6015771129408065,,,,,,,,,,,,,,,,,,,,,,,,,,,,,,,,,,,,,,,,,,,,,,,,,,,,,,,,,,,,,,,,,,,,,,,,,,,,,,,,,,,,,,,,,,,,,,,,,,,,,,,,,,,,,,,,,,,,,,,,,,,,,,,,,,,,,,,,,,,,,,,,,,,,,,,,,,,,,,,,,,,,,,,,,,,,,,,,,,,,,,,,,,,,,,,,,,,,
1:17,0.41838932052961697,0.4784049066641932,-0.04022754747869925,0.12359223220477222,0.08671642565595566,0.484268771352994,0.37828583516446423,0.1638433391694241,-0.0060994465576298925,0.7757450729435523,0.7258418061408228,0.5112389337447351,0.15400482107206787,0.14738995259200158,-0.029039510444666645,,,,,,,,,,,,,,,,,,,,,,,,,,,,,,,,,,,,,,,,,,,,,,,,,,,,,,,,,,,,,,,,,,,,,,,,,,,,,,,,,,,,,,,,,,,,,,,,,,,,,,,,,,,,,,,,,,,,,,,,,,,,,,,,,,,,,,,,,,,,,,,,,,,,,,,,,,,,,,,,,,,,,,,,,,,,,,,,,,,,,,,,,,,,,,,,,,,
1:18,0.2635127665890812,0.47250020527013503,-0.08658669864929869,0.08608324101161664,0.30048289855229837,0.45164450401613326,0.38479736945279747,0.09839168884326516,0.07301104139892721,0.5912131649123751,0.6121253857167318,0.5575019492036168,-0.01025859163725776,-0.03709125361632484,0.0030983191281673365,0.6966487032858909,,,,,,,,,,,,,,,,,,,,,,,,,,,,,,,,,,,,,,,,,,,,,,,,,,,,,,,,,,,,,,,,,,,,,,,,,,,,,,,,,,,,,,,,,,,,,,,,,,,,,,,,,,,,,,,,,,,,,,,,,,,,,,,,,,,,,,,,,,,,,,,,,,,,,,,,,,,,,,,,,,,,,,,,,,,,,,,,,,,,,,,,,,,,,,,,,,
1:19,0.03524006974299482,-0.05166257857861565,0.2178502545409889,0.1975318596725217,0.2484350206466161,0.005771184143307719,-0.13060574662810423,0.4853769395855172,0.044531970807000484,-0.026030672961912475,-0.025388273702280084,-0.11276214744202367,0.7852075157677172,0.7715899792678697,0.41543139918618155,0.10183653872828012,-0.03589953041517165,,,,,,,,,,,,,,,,,,,,,,,,,,,,,,,,,,,,,,,,,,,,,,,,,,,,,,,,,,,,,,,,,,,,,,,,,,,,,,,,,,,,,,,,,,,,,,,,,,,,,,,,,,,,,,,,,,,,,,,,,,,,,,,,,,,,,,,,,,,,,,,,,,,,,,,,,,,,,,,,,,,,,,,,,,,,,,,,,,,,,,,,,,,,,,,,,
1:20,0.23052121281952162,0.21323193951765013,0.16468758106738918,0.09306841618133144,0.14151899738933432,0.20858164034621116,0.19747892159812627,0.2802104877906061,-0.02336533533754406,0.4492130348411476,0.40244611676226766,0.25834824079968444,0.431332651593361,0.3697276647761138,0.08217918367500217,0.6078484098908428,0.31089397471577573,0.6013730697381248,,,,,,,,,,,,,,,,,,,,,,,,,,,,,,,,,,,,,,,,,,,,,,,,,,,,,,,,,,,,,,,,,,,,,,,,,,,,,,,,,,,,,,,,,,,,,,,,,,,,,,,,,,,,,,,,,,,,,,,,,,,,,,,,,,,,,,,,,,,,,,,,,,,,,,,,,,,,,,,,,,,,,,,,,,,,,,,,,,,,,,,,,,,,,,,,
1:21,0.11666752022157473,0.22095602070196216,-0.2287247084657899,-0.003979082809963037,0.12883152438331527,0.25864627441716764,0.23018024193329598,0.2046185726948316,-0.10300880805647908,0.6217527456846594,0.48140752441202017,0.32365603681437877,0.13663644633491276,0.20109813078068237,0.14632496126645503,0.7013205850719182,0.46728831286847966,0.37051599475592867,0.681516100140057,,,,,,,,,,,,,,,,,,,,,,,,,,,,,,,,,,,,,,,,,,,,,,,,,,,,,,,,,,,,,,,,,,,,,,,,,,,,,,,,,,,,,,,,,,,,,,,,,,,,,,,,,,,,,,,,,,,,,,,,,,,,,,,,,,,,,,,,,,,,,,,,,,,,,,,,,,,,,,,,,,,,,,,,,,,,,,,,,,,,,,,,,,,,,,,
2:03,0.13746263318276622,0.11031903068477343,0.009212612409848176,0.27376215311704166,0.2253277063713544,0.06722317050816823,0.1783071116364495,0.4785303220504711,0.2884142300292157,0.28798826430948554,0.5516937880862375,0.48529267215204847,-0.01326028845860878,0.07249517786764131,0.02195205079999457,0.17839297527923365,0.03763254534438842,-0.047956918014330566,0.08153564000546366,0.17146809606144903,,,,,,,,,,,,,,,,,,,,,,,,,,,,,,,,,,,,,,,,,,,,,,,,,,,,,,,,,,,,,,,,,,,,,,,,,,,,,,,,,,,,,,,,,,,,,,,,,,,,,,,,,,,,,,,,,,,,,,,,,,,,,,,,,,,,,,,,,,,,,,,,,,,,,,,,,,,,,,,,,,,,,,,,,,,,,,,,,,,,,,,,,,,,,,
2:04,0.610736212469343,0.6378558441547627,0.1673251670497041,0.08607768085696538,-0.05146156715239116,0.32447205401925505,0.5364031325594883,-0.01935952428463071,0.1053445497901247,0.518379950626022,0.44030256556075903,0.5747532888474476,-0.09557025077218537,-0.1707292444334788,-0.1956766617599139,0.5370417282760248,0.47986198909477884,-0.1862044826739199,0.2948173747837831,0.2199742448831874,0.24305947506315684,,,,,,,,,,,,,,,,,,,,,,,,,,,,,,,,,,,,,,,,,,,,,,,,,,,,,,,,,,,,,,,,,,,,,,,,,,,,,,,,,,,,,,,,,,,,,,,,,,,,,,,,,,,,,,,,,,,,,,,,,,,,,,,,,,,,,,,,,,,,,,,,,,,,,,,,,,,,,,,,,,,,,,,,,,,,,,,,,,,,,,,,,,,,,
2:05,0.28010172672029515,0.3958615542286231,0.2502345197751476,0.110589127108066,0.05747279832868161,0.16333358040938079,0.5687614935127037,0.04756184496485751,0.491782616807002,0.29324065080180256,0.3658931538222916,0.5334545089297983,-0.04896782067098497,-0.12254884796265053,-0.1605293830178029,0.30999608659088107,0.40726121764500817,-0.11450434687983856,0.20938392063179484,0.1453244132870671,0.3004650947585852,0.7148639438491636,,,,,,,,,,,,,,,,,,,,,,,,,,,,,,,,,,,,,,,,,,,,,,,,,,,,,,,,,,,,,,,,,,,,,,,,,,,,,,,,,,,,,,,,,,,,,,,,,,,,,,,,,,,,,,,,,,,,,,,,,,,,,,,,,,,,,,,,,,,,,,,,,,,,,,,,,,,,,,,,,,,,,,,,,,,,,,,,,,,,,,,,,,,,
2:06,0.6956507861495345,0.5997281884746508,-0.07566895648952009,0.17974019794292734,0.24751322786619145,0.297763591366675,0.4622303806183908,0.24837930887016993,0.055356948984881346,0.5281490898828878,0.5514285425278328,0.6721663043260835,0.04866688092403123,0.0410090797196902,0.013302691595719323,0.5338615887797235,0.5352423430422516,-0.0011032558144154006,0.3253082798022478,0.33591544085249686,0.2754418185637676,0.8367758621974115,0.5154534315020624,,,,,,,,,,,,,,,,,,,,,,,,,,,,,,,,,,,,,,,,,,,,,,,,,,,,,,,,,,,,,,,,,,,,,,,,,,,,,,,,,,,,,,,,,,,,,,,,,,,,,,,,,,,,,,,,,,,,,,,,,,,,,,,,,,,,,,,,,,,,,,,,,,,,,,,,,,,,,,,,,,,,,,,,,,,,,,,,,,,,,,,,,,,
2:07,0.46357332038292964,0.24798797932882105,0.5276285414529159,0.49428382152172934,0.23054971572098018,0.16781596920898906,0.3771195432543415,0.18248905623829123,0.6941484245471468,0.17660837749537786,0.3188883782163487,0.2845182459828338,0.10275131662457604,0.16996777986051564,0.06269770094950824,0.08739984065410747,0.19025244375797792,0.004396403922472357,0.144015493163381,-0.06514559633186692,0.19255835304590901,0.4453499370291643,0.725714136440624,0.27294525751562837,,,,,,,,,,,,,,,,,,,,,,,,,,,,,,,,,,,,,,,,,,,,,,,,,,,,,,,,,,,,,,,,,,,,,,,,,,,,,,,,,,,,,,,,,,,,,,,,,,,,,,,,,,,,,,,,,,,,,,,,,,,,,,,,,,,,,,,,,,,,,,,,,,,,,,,,,,,,,,,,,,,,,,,,,,,,,,,,,,,,,,,,,,
2:08,0.048753195041218354,0.06370023777436745,0.5456307585154127,0.14572553005344516,0.09700464941381695,0.06713425009235122,0.1667203943202342,0.20746513664309674,0.2727735923634511,-0.06448744415769651,0.018521539989401835,0.049790544451091656,0.509786072967782,0.2824710334415473,-0.040105236167360364,-0.11559584492525675,-0.07718658831266242,0.34143042079078867,0.1247839050112179,-0.1068772951274965,0.04216207857774512,0.009677915609882595,0.2965123738268527,0.006864137542643743,0.41143116858146206,,,,,,,,,,,,,,,,,,,,,,,,,,,,,,,,,,,,,,,,,,,,,,,,,,,,,,,,,,,,,,,,,,,,,,,,,,,,,,,,,,,,,,,,,,,,,,,,,,,,,,,,,,,,,,,,,,,,,,,,,,,,,,,,,,,,,,,,,,,,,,,,,,,,,,,,,,,,,,,,,,,,,,,,,,,,,,,,,,,,,,,,,
2:09,0.701563691238587,0.5282017974561102,-0.04294014291436336,0.42471175544124784,0.19641926602009027,0.29856186831643705,0.35569130374149655,0.3893865821657372,0.2061482536346335,0.4712915967923628,0.5999526345321985,0.5979692358245562,-0.042021989580884524,0.11002079499142978,0.060288673038486944,0.4446190339277123,0.2588807197208374,-0.1291345500643614,0.1301512295333754,0.20947234832136608,0.5917923667714389,0.6814601529793413,0.3282662747164362,0.7666788809979843,0.24179820971788424,-0.05404163881523978,,,,,,,,,,,,,,,,,,,,,,,,,,,,,,,,,,,,,,,,,,,,,,,,,,,,,,,,,,,,,,,,,,,,,,,,,,,,,,,,,,,,,,,,,,,,,,,,,,,,,,,,,,,,,,,,,,,,,,,,,,,,,,,,,,,,,,,,,,,,,,,,,,,,,,,,,,,,,,,,,,,,,,,,,,,,,,,,,,,,,,,,
2:10,0.5203988849725847,0.3309178844030627,-0.00028834266700991494,0.4884855681100182,0.41361018970552976,0.22582002741703502,0.33883398990191305,0.5339478709985468,0.5553030265991721,0.4619735247426401,0.7523438262482237,0.6687045988809734,0.15626981228036796,0.30097739918069594,0.14707045835490337,0.4864293805385834,0.3479374713980189,0.07308078218402934,0.27566530799295735,0.2847137057498568,0.7026616088603567,0.5029960765630185,0.5378052325571289,0.6393028426236566,0.4706559856868887,0.09766609923199494,0.7294213274117337,,,,,,,,,,,,,,,,,,,,,,,,,,,,,,,,,,,,,,,,,,,,,,,,,,,,,,,,,,,,,,,,,,,,,,,,,,,,,,,,,,,,,,,,,,,,,,,,,,,,,,,,,,,,,,,,,,,,,,,,,,,,,,,,,,,,,,,,,,,,,,,,,,,,,,,,,,,,,,,,,,,,,,,,,,,,,,,,,,,,,,,
2:11,0.7306796216307876,-0.039065494311478925,0.3278451514960408,0.5389191680665285,0.06556201399510131,-0.07461086988620787,-0.13697393721486067,0.19294076011132677,0.31548323180196286,0.09390973557946243,0.15313917066745977,-0.09477053199384114,0.1981479040587656,0.3754519986918464,0.19127966182495204,0.00023901869625446743,-0.10314322153227146,0.08231505767838825,0.022774470475850933,-0.12080269169550092,0.05058717498159736,0.13742290932070114,-0.02356813415316704,0.17931090955058476,0.5512526224871316,0.1356121542162964,0.34866418287374645,0.2852008656670799,,,,,,,,,,,,,,,,,,,,,,,,,,,,,,,,,,,,,,,,,,,,,,,,,,,,,,,,,,,,,,,,,,,,,,,,,,,,,,,,,,,,,,,,,,,,,,,,,,,,,,,,,,,,,,,,,,,,,,,,,,,,,,,,,,,,,,,,,,,,,,,,,,,,,,,,,,,,,,,,,,,,,,,,,,,,,,,,,,,,,,
2:12,0.3256197926804237,0.007947230204225554,0.060337973902757705,0.4526660363517938,0.6247402917346437,0.17626100538935735,0.04036349391419936,0.5965598542971083,0.27256156455310887,0.4000443170534872,0.607809858992799,0.3079315272905133,0.31785626171363146,0.45528723697323004,0.3631695158459236,0.22022380942340877,0.22925973251582785,0.3126372177241031,0.36332299189539524,0.21423862832372423,0.24437624214873527,0.00640353434142752,0.003299238928822951,0.3112622197228706,0.3160308759574383,0.2560788439146851,0.28526199355980286,0.5120334942322645,0.46757819851235266,,,,,,,,,,,,,,,,,,,,,,,,,,,,,,,,,,,,,,,,,,,,,,,,,,,,,,,,,,,,,,,,,,,,,,,,,,,,,,,,,,,,,,,,,,,,,,,,,,,,,,,,,,,,,,,,,,,,,,,,,,,,,,,,,,,,,,,,,,,,,,,,,,,,,,,,,,,,,,,,,,,,,,,,,,,,,,,,,,,,,
2:13,0.589063911589897,-0.02485024639849081,0.43870852777394703,0.4105990196691421,0.14877624817149215,-0.059232020239843544,-0.1046018395723393,0.32304406330821067,0.21503625967412462,-0.003853952708856949,0.11423939899746612,-0.03208852765272956,0.5813165951654029,0.5417615678037159,0.1440740371487381,-0.014387566716051528,-0.07800265228466594,0.4006849987055196,0.1722347927218733,-0.11745980162364851,-0.0010939798747893353,0.04408812909068784,-0.02839084552996884,0.22084192552517523,0.4049465223939242,0.6405889991684143,0.22347700890421315,0.257036843457252,0.7453754379730956,0.5679569722934883,,,,,,,,,,,,,,,,,,,,,,,,,,,,,,,,,,,,,,,,,,,,,,,,,,,,,,,,,,,,,,,,,,,,,,,,,,,,,,,,,,,,,,,,,,,,,,,,,,,,,,,,,,,,,,,,,,,,,,,,,,,,,,,,,,,,,,,,,,,,,,,,,,,,,,,,,,,,,,,,,,,,,,,,,,,,,,,,,,,,
2:14,0.457364803915472,0.354903028461303,0.06085722184469973,0.2029332469300107,0.274302003335347,0.2572166154145842,0.3347346091019633,0.30170283360100075,0.06952427278624036,0.5092758040641528,0.5715779920628135,0.5702454111730443,0.13822918298833284,0.09283907261304519,0.03199097156009317,0.4774511635647833,0.35410377050706193,0.07684596614044482,0.3368260878103759,0.20879321952089414,0.4696061029647221,0.5977340240355717,0.3216937483753092,0.6794589483909006,0.23788121465867826,-0.031327651460407786,0.6516375711981783,0.6766152433872622,0.1906101648869786,0.36402715896416965,0.1827962085783553,,,,,,,,,,,,,,,,,,,,,,,,,,,,,,,,,,,,,,,,,,,,,,,,,,,,,,,,,,,,,,,,,,,,,,,,,,,,,,,,,,,,,,,,,,,,,,,,,,,,,,,,,,,,,,,,,,,,,,,,,,,,,,,,,,,,,,,,,,,,,,,,,,,,,,,,,,,,,,,,,,,,,,,,,,,,,,,,,,,
2:15,0.46346363621967523,0.337331174154579,-0.06717155094373506,0.27023009086846816,0.27990701886497715,0.19209094436764138,0.24800276084037168,0.4026829842569142,0.2563975884574698,0.4468492529193813,0.6491249462561225,0.5481007284976707,0.21918837665320814,0.3188810612011766,0.07844655561237097,0.548747034929529,0.38565729227824064,0.22944717948835108,0.3756857340374227,0.387738343748247,0.5855044846256962,0.4702225986135876,0.3839762981381259,0.6338252165507158,0.21997862421662664,0.1260150892009689,0.6644221034596893,0.8162940321274463,0.12818180906003493,0.41399187048302755,0.24533255601772735,0.8087666641202679,,,,,,,,,,,,,,,,,,,,,,,,,,,,,,,,,,,,,,,,,,,,,,,,,,,,,,,,,,,,,,,,,,,,,,,,,,,,,,,,,,,,,,,,,,,,,,,,,,,,,,,,,,,,,,,,,,,,,,,,,,,,,,,,,,,,,,,,,,,,,,,,,,,,,,,,,,,,,,,,,,,,,,,,,,,,,,,,,,
2:16,0.6401491241854502,0.31864986076002005,-0.012089285400629054,0.3429363071965435,0.2679643379886803,0.24866755400095675,0.2178182048404929,0.39307994829484905,0.22071567222056548,0.5519779442861912,0.6622357166529,0.5229721897297974,0.2949323477922577,0.33685762495184335,0.08081979631512666,0.621405426767061,0.4641372729603001,0.24935408178580754,0.3768831687582139,0.5021236406883782,0.4079706587163295,0.5198552044771942,0.33432880467322773,0.7250581918077121,0.2904436149471125,0.2241914653935538,0.6864499309630941,0.7670195042314406,0.3859623730322189,0.5124510365484068,0.49915945878018303,0.6065489112699864,0.7717984178790268,,,,,,,,,,,,,,,,,,,,,,,,,,,,,,,,,,,,,,,,,,,,,,,,,,,,,,,,,,,,,,,,,,,,,,,,,,,,,,,,,,,,,,,,,,,,,,,,,,,,,,,,,,,,,,,,,,,,,,,,,,,,,,,,,,,,,,,,,,,,,,,,,,,,,,,,,,,,,,,,,,,,,,,,,,,,,,,,,
2:17,0.5523361538928566,-0.1125042837736959,0.33476596159527694,0.3289171464580433,0.017195899618198146,-0.15593381269083068,-0.21401508356436477,0.23590876091614638,0.1585717450132397,-0.03625370262362886,0.09788242040163957,-0.10942147686568632,0.5238906018619798,0.5075559135210487,0.07132181556022743,0.05211606921434412,-0.1428038755840913,0.3968924787669799,0.23924288604097388,0.018168016761951653,0.023286413345106775,-0.046091419434287295,-0.11838000994704591,0.125900505804829,0.2672138515221217,0.5504909531201779,0.2183937367265526,0.24037675858925656,0.7017355924190736,0.49605888333893433,0.9251590605306784,0.0745291174120222,0.24509353223650213,0.5007634007151504,,,,,,,,,,,,,,,,,,,,,,,,,,,,,,,,,,,,,,,,,,,,,,,,,,,,,,,,,,,,,,,,,,,,,,,,,,,,,,,,,,,,,,,,,,,,,,,,,,,,,,,,,,,,,,,,,,,,,,,,,,,,,,,,,,,,,,,,,,,,,,,,,,,,,,,,,,,,,,,,,,,,,,,,,,,,,,,,
2:18,0.5484285608942162,-0.018393921653163187,0.34335280084543474,0.32600134552194104,0.0966191552728466,-0.05466783588487885,-0.162225020134184,0.22513277945018528,0.1283691404973112,0.032964509470857384,0.1197897601806823,-0.06187549778640681,0.5732839509773127,0.4774629185206227,0.07857914941826757,0.051577322975002726,0.09594749769364516,0.4368224078891854,0.22624592681390923,-0.0043352583255520305,-0.05454858221711618,0.029672239502688418,-0.06346483280143124,0.22245421963474754,0.3217092409129367,0.5578729546540523,0.16420458666382068,0.20557147048586608,0.6722678870376328,0.5091188864042763,0.9227335174349233,0.15256971852806048,0.19859694009681764,0.4983592833148687,0.8812227004520379,,,,,,,,,,,,,,,,,,,,,,,,,,,,,,,,,,,,,,,,,,,,,,,,,,,,,,,,,,,,,,,,,,,,,,,,,,,,,,,,,,,,,,,,,,,,,,,,,,,,,,,,,,,,,,,,,,,,,,,,,,,,,,,,,,,,,,,,,,,,,,,,,,,,,,,,,,,,,,,,,,,,,,,,,,,,,,,
2:19,0.264098717159991,0.04435429632081076,-0.015074981496868775,0.2285948786115526,0.14046374531890152,0.10265550433562665,-0.023179009983799764,0.2976823302912322,0.17004644502854502,0.18269322905414478,0.3330649485128631,0.13317592477236925,0.4655391253557341,0.5654302916298444,0.11610617810762972,0.3738249874861017,0.09247946970776975,0.6575875878286603,0.4962744015407095,0.46760250897944616,0.2751577269965799,0.03770342971566032,0.040413990291545146,0.19130783099332457,0.11294454586275773,0.20389725948362375,0.23944918899106632,0.46939965738429984,0.21912104895794876,0.33949475152891734,0.3658845805184177,0.41576343175774466,0.6735567913640463,0.6211664984140068,0.4516277551381873,0.39226217458592055,,,,,,,,,,,,,,,,,,,,,,,,,,,,,,,,,,,,,,,,,,,,,,,,,,,,,,,,,,,,,,,,,,,,,,,,,,,,,,,,,,,,,,,,,,,,,,,,,,,,,,,,,,,,,,,,,,,,,,,,,,,,,,,,,,,,,,,,,,,,,,,,,,,,,,,,,,,,,,,,,,,,,,,,,,,,,,
2:20,0.5117117973669456,-0.16292113682102627,0.17151963262267272,0.3530689675212729,0.024941843834035644,-0.1855664609007051,-0.25583903394038926,0.10809869311710772,0.1593164069934377,-0.10057968339258629,0.018710014865216444,-0.19060127948447264,0.24633791168004218,0.4013354759975845,0.12997104980431606,-0.017985313825381086,-0.1787466186777121,0.36588550135885467,0.34298392000395833,0.07523684627169216,-0.09562559019189885,-0.12582384083606832,-0.19678713219925428,8.183699511741162e-06,0.27099985165167956,0.12250455017858002,0.0917938057988936,0.08831688931929564,0.7326137296296837,0.4171161001976782,0.6440161902362707,-0.0574620502938491,0.035277320696636257,0.24575125841016937,0.7580146496631694,0.6327079058076353,0.38064468175274235,,,,,,,,,,,,,,,,,,,,,,,,,,,,,,,,,,,,,,,,,,,,,,,,,,,,,,,,,,,,,,,,,,,,,,,,,,,,,,,,,,,,,,,,,,,,,,,,,,,,,,,,,,,,,,,,,,,,,,,,,,,,,,,,,,,,,,,,,,,,,,,,,,,,,,,,,,,,,,,,,,,,,,,,,,,,,
2:21,0.3113525284204846,-0.19150457098997337,0.1484222117266817,0.21129406534272166,0.009418902436465633,-0.1811811525093692,-0.23923662350056613,0.17996849876203233,0.03422334264311114,0.08449941065037642,0.005866889674585054,-0.2035911654845307,0.3641825185384866,0.35303913907728596,0.1720778429310245,-0.035654075345612886,-0.18224520143958278,0.44095026676828714,0.3405335243041582,0.28765795364660934,-0.07665184935553634,-0.16608619860125498,-0.19285293220691285,0.02551968975935427,0.1361068372474433,0.4378514853021467,0.05731692346979924,0.03529501308860286,0.541106368951962,0.41386440727929813,0.6838973589798624,-0.07507903774926936,0.04205046717606793,0.35152233923091736,0.7719190735778702,0.7130297813312008,0.3676227559362368,0.7258297589556222,,,,,,,,,,,,,,,,,,,,,,,,,,,,,,,,,,,,,,,,,,,,,,,,,,,,,,,,,,,,,,,,,,,,,,,,,,,,,,,,,,,,,,,,,,,,,,,,,,,,,,,,,,,,,,,,,,,,,,,,,,,,,,,,,,,,,,,,,,,,,,,,,,,,,,,,,,,,,,,,,,,,,,,,,,,,
3:04,0.44146283306359846,0.7637071245696709,-0.11362656820477779,0.05905471270318132,0.0938300329288961,0.4942297670237137,0.5111699506758213,-0.0039336147289657985,-0.010175948474528438,0.434737769334238,0.3720166159528896,0.5593399148227509,-0.11108051064403036,-0.11001222233986273,-0.06568900831257014,0.47139927633377715,0.511665039209717,-0.10065739535811322,0.1935327449365657,0.2007740545710217,0.01995928052965379,0.7592402008802838,0.39437316276349466,0.7600920051909503,0.041546760175303725,-0.15215090853972127,0.5687239712342996,0.31780032249389073,-0.11848578571167218,0.0001716562426393897,-0.11353365374557471,0.4332348792291233,0.3735398519529345,0.3657626757033533,-0.15914256819523437,-0.049564782341290164,0.039728855597692826,-0.18281744972890926,-0.2505070577519148,,,,,,,,,,,,,,,,,,,,,,,,,,,,,,,,,,,,,,,,,,,,,,,,,,,,,,,,,,,,,,,,,,,,,,,,,,,,,,,,,,,,,,,,,,,,,,,,,,,,,,,,,,,,,,,,,,,,,,,,,,,,,,,,,,,,,,,,,,,,,,,,,,,,,,,,,,,,,,,,,,,,,,,,,,,
3:05,0.517490542160492,0.6054701039170495,-0.019523719705271822,0.10808279109040117,0.24911836972034926,0.311391333413116,0.46192601665791955,0.22959159392776407,0.012872414421974473,0.5009633359548035,0.4876097315456527,0.6626740632314013,-0.015812159004165716,-0.051983142732661684,0.04451941355152054,0.48553904460728725,0.5869537058013343,-0.016465217665537893,0.3315188240992707,0.26555888423023355,0.2768201679717062,0.8582622049995685,0.5449877757220974,0.9283700970541747,0.2164576167369499,-0.08756744981452341,0.6735296727236213,0.535727085882071,-0.011287771318934834,0.18648677836381944,0.015740960275198605,0.6812727308719577,0.5587356400555565,0.5427880644771439,-0.12097138454326647,0.030176870476695802,0.04884936862545896,-0.17364804036129838,-0.18689815536740445,0.7874686821882403,,,,,,,,,,,,,,,,,,,,,,,,,,,,,,,,,,,,,,,,,,,,,,,,,,,,,,,,,,,,,,,,,,,,,,,,,,,,,,,,,,,,,,,,,,,,,,,,,,,,,,,,,,,,,,,,,,,,,,,,,,,,,,,,,,,,,,,,,,,,,,,,,,,,,,,,,,,,,,,,,,,,,,,,,,
3:06,0.566904221564507,0.6142046638409493,-0.1237889440148616,-0.003993907941160202,-0.007777803402604968,0.2567565658011591,0.44695958024952676,0.03422673033634223,-0.08004767406014805,0.44842101740176094,0.43332112233308656,0.6223575084076356,-0.11770762998035952,-0.1724460332362262,-0.15634186812805453,0.5001383877869564,0.5067702196951384,-0.17497139666313236,0.20477320472827928,0.2659696490014427,0.31059887859231977,0.8692631390906745,0.5000896705202652,0.913113616955815,0.10244060010477782,-0.10911048350720841,0.7447328580233435,0.49600574723370827,-0.028347038717917168,-0.0024842650419513498,-0.015163628589614106,0.5865991051637179,0.5365256560658088,0.5553454085201608,-0.07074194482899313,0.03429084627288281,0.06624380147885102,-0.18042461005004412,-0.16278556355188054,0.8266546089142806,0.9088762092008169,,,,,,,,,,,,,,,,,,,,,,,,,,,,,,,,,,,,,,,,,,,,,,,,,,,,,,,,,,,,,,,,,,,,,,,,,,,,,,,,,,,,,,,,,,,,,,,,,,,,,,,,,,,,,,,,,,,,,,,,,,,,,,,,,,,,,,,,,,,,,,,,,,,,,,,,,,,,,,,,,,,,,,,,,
3:07,0.11961758170142721,0.08181201844674767,0.1447891214001976,0.12399115554977314,0.08172486916803785,0.08958858267864662,0.4244221862137722,0.19305381568655947,0.050443022110543516,0.14199378197604248,0.3120207198855604,0.5114347452236926,-0.1182587315974012,-0.15798687814862905,-0.06260320785650843,-0.011731622472078774,-0.08100953387447474,-0.2713507377312225,-0.006966951773287027,-0.09792035182638752,0.6356613594243636,0.24582986551340627,0.16782836240816715,0.20417188320339236,0.16430436154813008,-0.006384219021308908,0.39438960710627863,0.32048222377752844,0.07877058213612656,0.14166132002109252,-0.006982281998257037,0.37303133487596707,0.19646972553646405,0.07297265818394012,-0.08656679378667674,-0.11401248069471796,-0.11013055559633285,-0.07548060739217081,-0.1539673572487009,0.001269060080969687,0.25250194811185506,0.28184829948204415,,,,,,,,,,,,,,,,,,,,,,,,,,,,,,,,,,,,,,,,,,,,,,,,,,,,,,,,,,,,,,,,,,,,,,,,,,,,,,,,,,,,,,,,,,,,,,,,,,,,,,,,,,,,,,,,,,,,,,,,,,,,,,,,,,,,,,,,,,,,,,,,,,,,,,,,,,,,,,,,,,,,,,,,
3:08,-0.0327341285076247,-0.04945167584419073,0.05025041688341051,-0.03264554998632321,-0.0393705051712405,0.02882923835729325,0.4664353204579554,0.08119945691794259,-0.09510911125157866,-0.03735729212865871,0.03193863857726992,0.40486659019169696,0.032889667596951826,-0.10038866888075239,-0.16385250842816623,-0.14447405943386335,-0.23940498713509398,-0.15293219491044796,-0.06000223564549709,-0.06898203736747573,0.3212140455696602,-0.04848433312541346,-0.0617071576005806,-0.010151362827394084,-0.05430751636732372,0.17603317962474233,0.1088550986376505,0.03209792647177714,-0.02734153405389638,0.013327212878991782,0.08190621494836536,0.08845294710589448,-0.04029828170902208,-0.04037173558199494,0.054753555804942025,-0.009842652422651822,-0.12439857798732991,-0.044324173023121964,0.06018144321785753,-0.16415157492333526,-0.053554955957945925,0.0378225478370489,0.7914673753422395,,,,,,,,,,,,,,,,,,,,,,,,,,,,,,,,,,,,,,,,,,,,,,,,,,,,,,,,,,,,,,,,,,,,,,,,,,,,,,,,,,,,,,,,,,,,,,,,,,,,,,,,,,,,,,,,,,,,,,,,,,,,,,,,,,,,,,,,,,,,,,,,,,,,,,,,,,,,,,,,,,,,,,,
3:09,0.5505869823545522,0.5690252055562851,-0.07635626304321746,0.2914674662893297,0.12481742868162896,0.30772836070011816,0.3816248556217895,0.35574958378214055,0.1393710329331729,0.46988221321330487,0.5605272442189994,0.6329945199865618,-0.04571731714521134,0.06443398551500654,0.07213202823361246,0.4477985297592037,0.29699980946979015,-0.10589028385836803,0.12571144893712138,0.22718009378394466,0.6189212742973546,0.6831186593118145,0.34102283305695347,0.738248831609519,0.07526949672231988,-0.10801599267127117,0.9136378790928189,0.6637128260421632,0.103372868091753,0.14375331616876927,0.043692465606626193,0.590299650315091,0.6490608870132262,0.586420722009021,0.04839873669752334,0.01221576028230849,0.20907832418374253,-0.07397748039981297,-0.08582332587403965,0.6991113771794175,0.7206646690818007,0.8117806694250622,0.40896016601145707,0.11744898059425149,,,,,,,,,,,,,,,,,,,,,,,,,,,,,,,,,,,,,,,,,,,,,,,,,,,,,,,,,,,,,,,,,,,,,,,,,,,,,,,,,,,,,,,,,,,,,,,,,,,,,,,,,,,,,,,,,,,,,,,,,,,,,,,,,,,,,,,,,,,,,,,,,,,,,,,,,,,,,,,,,,,,,,
3:10,0.4960818432636707,0.4632025372760944,-0.05555171917499016,0.16538282366834975,0.2256725432617551,0.22401947113776047,0.3098569237247173,0.3276368172297597,0.13754918080885573,0.39324263913510327,0.5101481516496604,0.5713484600673836,0.2992504180055625,0.2648270557787759,0.17011262873967672,0.6280108804703683,0.520989867674286,0.20106941769079198,0.42829965644991075,0.38993489973227574,0.2615604712562845,0.6213832166840321,0.41252318892806944,0.7620642340014866,0.12504058775178017,-0.13288061184470873,0.6057426469845036,0.6730289227520421,0.01748518679528971,0.2557559506677316,0.06237616393079624,0.5760678356617864,0.6370976751251641,0.6279708680441389,0.05835739494064852,0.11456090874483141,0.3690157689033661,0.0024487517058503663,-0.08808306875491656,0.697404842017463,0.7353590899884281,0.717277221696801,0.08319662780799816,-0.15087223376749123,0.6839334633336808,,,,,,,,,,,,,,,,,,,,,,,,,,,,,,,,,,,,,,,,,,,,,,,,,,,,,,,,,,,,,,,,,,,,,,,,,,,,,,,,,,,,,,,,,,,,,,,,,,,,,,,,,,,,,,,,,,,,,,,,,,,,,,,,,,,,,,,,,,,,,,,,,,,,,,,,,,,,,,,,,,,,,
3:11,0.02843803263780276,-0.1265119771080438,0.23973058151785723,0.057291290435716166,0.07129478905450827,-0.10206367718394824,-0.12556829042164996,0.15202627923603612,-0.08248029199758067,0.29885601127459255,-0.00010822526116854773,-0.13577316281240806,-0.008565203507624682,-0.07999852132504065,0.28200669509349024,-0.1554051194739367,-0.07667907115365577,-0.03497516845431752,-0.05651139546290244,0.10168017202198601,0.15080379901924582,0.05569275484886887,-0.02752361023000518,0.031032640616908448,0.1664188176308408,0.024347063575628523,0.04266654536052532,-0.06836558639334739,0.3185466743817892,0.18256832941678336,0.11218510431399528,0.06986124558524749,-0.15071148894591024,0.02434842495868193,0.008939870908267618,0.08673925283532202,-0.253110426796203,0.04752365267792614,0.3195846187001607,-0.19266620026045356,0.061825816121360136,-0.05799777859037911,0.20206169704557062,0.09688038446988252,-0.010248865718781443,-0.22322509132700308,,,,,,,,,,,,,,,,,,,,,,,,,,,,,,,,,,,,,,,,,,,,,,,,,,,,,,,,,,,,,,,,,,,,,,,,,,,,,,,,,,,,,,,,,,,,,,,,,,,,,,,,,,,,,,,,,,,,,,,,,,,,,,,,,,,,,,,,,,,,,,,,,,,,,,,,,,,,,,,,,,,,
3:12,0.024616777735564133,-0.049408325331152844,-0.05116978352747258,0.07894050748019145,0.16860576891966023,0.021497081050168926,-0.03988643160336046,0.1179844513211293,-0.02180924213380842,0.13306691360236417,0.22069138437201782,-0.017263638050557466,-0.03359980085425513,0.010643702484610527,0.02063432577063315,-0.09140986811751815,-0.056449618529460906,-0.05773433723198552,0.06402890858099765,0.0015120990574638649,0.1746271682501654,-0.09160548232732549,-0.08569139133767074,0.013260561683134072,0.07427718092652084,0.043897418096403414,0.0330454896486892,0.02589824496103912,0.16066415463357975,0.4858117078865199,0.10570515064765762,-0.02850671593148696,-0.018926629599182353,-0.009116028632788873,0.06509916610469155,0.060114789282705985,-0.11082946017136976,0.160293591680102,0.11273839780437611,-0.10617308135789517,-0.023171673910529222,-0.0710860466626525,0.36189806569787814,0.19534646643996983,-0.030113186534809596,-0.1112154218560221,0.37721736880435885,,,,,,,,,,,,,,,,,,,,,,,,,,,,,,,,,,,,,,,,,,,,,,,,,,,,,,,,,,,,,,,,,,,,,,,,,,,,,,,,,,,,,,,,,,,,,,,,,,,,,,,,,,,,,,,,,,,,,,,,,,,,,,,,,,,,,,,,,,,,,,,,,,,,,,,,,,,,,,,,,,,
3:13,0.21653232940225678,-0.013497511897866923,0.17602508352285484,0.15189455695899534,0.04246732123603868,0.04751645624502295,0.45550932781065995,0.15091399477998133,0.03701662467334469,-0.07566195593589735,0.06765164900690657,0.4205890729348287,0.19069522464292593,0.0957642594349431,-0.11073208720540621,-0.10207554083614606,-0.20804961275676626,-0.04079745609709736,0.01959750266467774,-0.15109646735998591,0.228131080978718,0.0030315297334907692,-0.05148194165543797,0.08082443682033111,0.1183478252132085,0.24836641507164772,0.1712536687640557,0.134836297622494,0.2415336713021466,0.17285420476483962,0.3612073142394293,0.18628665904922512,0.04800489244374163,0.09775821327931528,0.30691793222264624,0.24697405914359874,0.014612798493734685,0.21020851423114803,0.17581204048177287,-0.12328010149738891,-0.01499490693316787,0.041939084890992684,0.7118516622268897,0.9185968058310409,0.11475059868087806,-0.0429763253266421,-0.01827701014997555,0.11450451172900131,,,,,,,,,,,,,,,,,,,,,,,,,,,,,,,,,,,,,,,,,,,,,,,,,,,,,,,,,,,,,,,,,,,,,,,,,,,,,,,,,,,,,,,,,,,,,,,,,,,,,,,,,,,,,,,,,,,,,,,,,,,,,,,,,,,,,,,,,,,,,,,,,,,,,,,,,,,,,,,,,,
3:14,0.5979340045842808,0.4761853611154975,0.09354366608503513,0.1402152382638283,0.0894042408416917,0.17094019942598299,0.2537779286227982,0.24602556253621785,0.0370286894866795,0.3779145511448936,0.38939052612467245,0.4616478018622066,0.30423546213659836,0.2423411693140282,0.11283135081123839,0.4807049819185669,0.4330453014713714,0.21405997366075427,0.36059190720747275,0.15671178915268896,0.19100235984745628,0.6879821397804087,0.35306494169133384,0.7737771056083889,0.135574575582987,0.028475317545933444,0.6205602836142192,0.53064123742107,0.14831747875151785,0.24945629213036785,0.26453680787520617,0.6938894666542372,0.6673325748427961,0.5625177840286794,0.1839624493939435,0.2703406697191459,0.3234933123601876,0.06003316582832091,-0.005655208092357052,0.745801752047704,0.7966460293298001,0.7534080703894951,0.11554427543739904,-0.1257359706327396,0.7275370434826856,0.8208020234270148,-0.08859959924652647,-0.10544470935513583,0.015923669808145628,,,,,,,,,,,,,,,,,,,,,,,,,,,,,,,,,,,,,,,,,,,,,,,,,,,,,,,,,,,,,,,,,,,,,,,,,,,,,,,,,,,,,,,,,,,,,,,,,,,,,,,,,,,,,,,,,,,,,,,,,,,,,,,,,,,,,,,,,,,,,,,,,,,,,,,,,,,,,,,,,
3:15,0.541979780515534,0.3680817287899664,0.01243572863491705,0.07165949525217129,0.06559556550863642,0.15404045780971407,0.155476930047545,0.15777992562294343,-0.04792477427528272,0.39852921962670435,0.3819908074181067,0.33684027253734,0.3138491189808653,0.3175742795141012,0.16278406489945033,0.6170970710503285,0.5657660883948998,0.2929165849359218,0.4965143468400746,0.3825873964412987,-0.0814766235818989,0.5167232767502435,0.22737692381210656,0.6503697622326062,0.03390255442806394,0.062419404929980826,0.4053963588546078,0.3583075335562959,0.09949738381040706,0.2863306654401166,0.3020696660303447,0.44317467801992677,0.5779744322048835,0.5827424596875389,0.29316748935119247,0.323930006735066,0.3670478308740596,0.15294885758460164,0.1346064864477477,0.5862205954988247,0.6291860195068584,0.5935542949089158,-0.13210743807193426,-0.2287475245053079,0.4767562148791794,0.7236540452413344,-0.2408786891461846,-0.167394111490917,-0.06591457006799108,0.8138456802051691,,,,,,,,,,,,,,,,,,,,,,,,,,,,,,,,,,,,,,,,,,,,,,,,,,,,,,,,,,,,,,,,,,,,,,,,,,,,,,,,,,,,,,,,,,,,,,,,,,,,,,,,,,,,,,,,,,,,,,,,,,,,,,,,,,,,,,,,,,,,,,,,,,,,,,,,,,,,,,,,
3:16,0.7030456733659335,0.3861378655939778,0.01612650999766247,0.12447057302722564,-0.04993712652925296,0.09437562007650763,0.1345544988735773,0.08642478705415223,-0.02847874147378484,0.4203564056392054,0.32203366537495853,0.3145609914830616,0.1576997313882217,0.18644440700159404,0.14680881639803928,0.5214232660644265,0.4272821446559794,0.09797544907090751,0.30754296800437303,0.3910228617575503,0.0365178849584697,0.6753309528647328,0.265661426888829,0.7781126278370973,0.12264161019243765,-0.02969149519647338,0.6180889531616531,0.41850070933886524,0.3223274181149684,0.18135974943458602,0.3302555198376886,0.4303002986412596,0.49392790625946026,0.7001289459566122,0.33145382599324946,0.365228609129871,0.2901957220636189,0.19211628166760414,0.2563200284654016,0.6240647353761799,0.6755920907056567,0.7501918089458993,-0.025644068730555095,-0.15678910117646652,0.6287719161528611,0.7119586060480848,0.03185947140907107,-0.1544910187603315,-0.02607783113868116,0.7428853619251733,0.8215564562490557,,,,,,,,,,,,,,,,,,,,,,,,,,,,,,,,,,,,,,,,,,,,,,,,,,,,,,,,,,,,,,,,,,,,,,,,,,,,,,,,,,,,,,,,,,,,,,,,,,,,,,,,,,,,,,,,,,,,,,,,,,,,,,,,,,,,,,,,,,,,,,,,,,,,,,,,,,,,,,,
3:17,0.36712304219924713,-0.05734419653223712,0.09199871107785898,0.30587709761984216,0.10366021910100884,-0.11597508617729396,-0.1708637495303267,0.3809477295279173,0.14320940193963455,0.0791384061288739,0.3488768538354451,0.1223034835601776,0.21416572513359908,0.3273106469398519,0.04421940078268371,0.1198732162258798,-0.12493240285610202,0.22123379688175718,0.2918884569749345,0.1645420491331974,0.5567148841343857,-0.013464784077434058,-0.10358540362343534,0.15294417316178258,0.0574742575827343,0.2482006976551651,0.4475737146202657,0.43484164206912246,0.410913661444342,0.49995882188308377,0.5123970373632589,0.17449677260757582,0.4313939417115172,0.4568148474052153,0.6717833949169746,0.4539513923885364,0.411862754091147,0.5947641866450142,0.5169142462265073,-0.0785910843049942,0.017679161935052912,0.08181275052192113,0.300935767309677,0.1945503847070544,0.4027154667335211,0.14099570292513605,0.044211189960882774,0.3334815982221856,0.2684208224910631,0.20378558701676328,0.16263246987464863,0.1872242751120685,,,,,,,,,,,,,,,,,,,,,,,,,,,,,,,,,,,,,,,,,,,,,,,,,,,,,,,,,,,,,,,,,,,,,,,,,,,,,,,,,,,,,,,,,,,,,,,,,,,,,,,,,,,,,,,,,,,,,,,,,,,,,,,,,,,,,,,,,,,,,,,,,,,,,,,,,,,,,,
3:18,0.4351014927596537,0.1118814792690815,0.12507274945812452,0.3968029471568882,0.2894116689934872,0.04029428247389986,-0.05448474845744056,0.42048024399570444,0.20665500529116382,0.1285920813986509,0.3913309776628226,0.2507301811077706,0.31267584389750186,0.34088392091493774,0.1002449135827692,0.07535783979386623,0.30464635524462846,0.23899924227513855,0.14878883103620485,0.043040510599156416,0.47123676018297533,0.1222348908926292,0.030532169742335163,0.3374935951633482,0.2274426333978941,0.25215025892665827,0.409951094736457,0.4477504801254254,0.42794684856194837,0.5168927266944445,0.5479554160847345,0.28691760583996606,0.37259773031970517,0.4849914621421241,0.5062462849151274,0.6855635142516201,0.29013730945392036,0.3582498096292546,0.3435638069099817,0.09015338521101192,0.2741939302239621,0.27224368294624696,0.28762545702614584,0.1257432356070378,0.37224135126717783,0.2557263523246243,0.12627320448253485,0.29404688866465056,0.23386026177543656,0.3338693217866208,0.2223331326269693,0.280297573232149,0.6125862485775774,,,,,,,,,,,,,,,,,,,,,,,,,,,,,,,,,,,,,,,,,,,,,,,,,,,,,,,,,,,,,,,,,,,,,,,,,,,,,,,,,,,,,,,,,,,,,,,,,,,,,,,,,,,,,,,,,,,,,,,,,,,,,,,,,,,,,,,,,,,,,,,,,,,,,,,,,,,,,
3:19,0.26006494352572423,-0.02188975544724358,0.06005310643645202,0.1941189716411087,0.046692404337145464,-0.056647524262891796,-0.08279647594745644,0.2779927493857591,0.26313797211231427,0.059784552709450586,0.2592812489612335,0.10724665046025247,0.4298530758011749,0.535986663950374,0.17798007194707047,0.29591770792277294,0.09794677818484529,0.6061541626256993,0.4504840429070059,0.36400562745887344,0.2734492579734998,0.10531037802481456,0.19537824450555802,0.1878909366193091,0.18984687223969351,0.18010894607562727,0.2111204772388046,0.4714265109712144,0.1859055408764302,0.2498016783227454,0.3108076347058705,0.22027276752296082,0.5478327468029011,0.5254660524365751,0.4121070168403134,0.3464464377484628,0.8589603416766414,0.383026624610777,0.2964186727632913,0.09796233509072272,0.09922340815472344,0.13215060137198614,-0.0992766759433654,-0.201582862689065,0.2760867375477539,0.48564589504647016,-0.3416866553824209,-0.21339518749037914,-0.059302394487964954,0.394665009551453,0.4654542665778866,0.39980651807460027,0.40128967256133596,0.3121675301032933,,,,,,,,,,,,,,,,,,,,,,,,,,,,,,,,,,,,,,,,,,,,,,,,,,,,,,,,,,,,,,,,,,,,,,,,,,,,,,,,,,,,,,,,,,,,,,,,,,,,,,,,,,,,,,,,,,,,,,,,,,,,,,,,,,,,,,,,,,,,,,,,,,,,,,,,,,,,
3:20,0.3251170343607527,-0.13575269406360718,0.037465471829625306,0.19397892139181905,0.031114957071307993,-0.11307475936274715,-0.1721021143334667,0.09936705707229687,0.037667168180873685,0.026599569491273952,0.15149877827956876,-0.0706074570271091,0.15979764084181078,0.26861019550099224,0.029616664487920524,0.06898732792081284,-0.053162311925756024,0.2958418117830419,0.38371172674222315,0.10675453170998046,-0.017537101357452196,-0.193790341690864,-0.24116947790287555,-0.07307455993671652,0.07139370284491184,0.10952569000884471,0.027859703575271517,0.05078807888362517,0.45616873800926594,0.45171116084173135,0.4679277081066019,-0.035877201396601735,0.09903864724312206,0.1378362470343039,0.605329620906137,0.44878527675326724,0.2858963818026622,0.8367214941229435,0.5801602248977477,-0.1248335040800249,-0.1583830036429031,-0.2040302868594455,0.011889998416418216,0.05128288503698266,-0.018056376990830153,-0.01861114676542087,0.0065270553713659375,0.2557825835911415,0.21947873332067475,0.12080819945056175,0.21945701024054673,0.039509932826416225,0.6667786107154323,0.32580821055166087,0.27239085620082615,,,,,,,,,,,,,,,,,,,,,,,,,,,,,,,,,,,,,,,,,,,,,,,,,,,,,,,,,,,,,,,,,,,,,,,,,,,,,,,,,,,,,,,,,,,,,,,,,,,,,,,,,,,,,,,,,,,,,,,,,,,,,,,,,,,,,,,,,,,,,,,,,,,,,,,,,,,
3:21,0.2577499611811851,-0.1742685587697628,-0.01725254761457487,0.17541601091242834,0.0773384765592245,-0.16879938451946364,-0.2283252219577955,0.20139637316786815,0.0012183707379864195,0.16334455799585207,0.09911755146586777,-0.1438489671473912,0.22429948720612397,0.2741002512445347,0.19872199776580945,0.0068138133909064185,-0.07245958030562157,0.3437212321744085,0.32057149648064254,0.34112778292407453,-0.03535000827679163,-0.2352887785101474,-0.24086547082154175,-0.001872295633807272,0.023490712662161507,0.2722770646366549,0.03496061810311395,0.022272911357536656,0.43640939025070435,0.4525773261351702,0.5200085649157911,-0.11400300006433482,0.05770897904537776,0.27181245824804395,0.64481783120328,0.5464219811013392,0.2572757636102187,0.6996329487413773,0.9068482373638214,-0.21572613909510285,-0.17420578764345876,-0.18412699495204596,-0.135360977409883,0.052915983494737084,-0.04590806213463785,-0.08759124712907017,0.3674201334424683,0.2405049309142121,0.11738553112906294,-0.0011846657516846586,0.15557393214567797,0.17873167507420146,0.5741825513622151,0.3292015868839068,0.1879227694364223,0.7390595590522571,,,,,,,,,,,,,,,,,,,,,,,,,,,,,,,,,,,,,,,,,,,,,,,,,,,,,,,,,,,,,,,,,,,,,,,,,,,,,,,,,,,,,,,,,,,,,,,,,,,,,,,,,,,,,,,,,,,,,,,,,,,,,,,,,,,,,,,,,,,,,,,,,,,,,,,,,,
4:05,-0.08688362701068497,-0.08681311619581934,0.4328346130017713,0.1804333774173941,0.2543709939818105,-0.05048412902900993,-0.18810967337479198,0.3670666360423899,0.006356600105107063,-0.06891161669839828,-0.08860612218409927,-0.09440075894266141,0.45925137753570283,0.3459840955794271,0.34831184756237726,-0.002888269434655543,-0.08270377837607318,0.38844291364328576,0.30694040271136047,0.06374556070301761,-0.028886000549187545,-0.12401992159852465,-0.12778240710599703,-0.012731285621752634,-0.06501762114541455,0.29252681767398336,-0.04120354094395594,-0.06447061049544636,0.005963843825048782,0.20127364016517196,0.2881560042215401,0.08260076694381448,0.053083062836603585,0.06400055064402652,0.2807186168228489,0.26763987327986705,0.08239300667251026,0.15429265253035268,0.27220061623073616,-0.13093182942838902,0.00532811047140922,-0.08997600986257683,-0.10985377517877165,-0.0776291957292493,-0.10093310011363876,0.011285230834950456,0.10697148413112671,0.018742730766097452,0.0006523732657983575,0.0596517221255462,0.10634002056090393,0.03659660369054197,0.17907858029861587,0.10667388458729866,-4.569086129663555e-05,0.03693469342012656,0.15656201385785515,,,,,,,,,,,,,,,,,,,,,,,,,,,,,,,,,,,,,,,,,,,,,,,,,,,,,,,,,,,,,,,,,,,,,,,,,,,,,,,,,,,,,,,,,,,,,,,,,,,,,,,,,,,,,,,,,,,,,,,,,,,,,,,,,,,,,,,,,,,,,,,,,,,,,,,,,
4:06,-0.06895480452820639,-0.055182065993175815,0.38607272753552013,0.15494352042587983,0.39037931291371103,0.016123537141779592,-0.09716193380341095,0.3189082998264786,0.05600666150947829,-0.011844819268748336,0.04967554358724418,0.06603565630362716,0.3383529835398778,0.20207697116807966,0.2524998885868868,0.03902148659024485,0.0989914783152945,0.22739583091085624,0.18187388275186592,0.03075171008249622,0.045224343252778035,-0.04249205133903039,0.004495877115202038,0.08461487459498879,0.08378266168048952,0.23637844700082522,-0.017363652589350943,0.06837483956943242,0.03150729088956463,0.2739052726476391,0.24812145065823896,0.19271011213086345,0.11370076414409155,0.1582166474277366,0.19418677220897215,0.23059565305937427,0.05434774383607748,0.07077763537154126,0.09410902856521484,-0.1115809569008419,0.08791324883723146,-0.033606469774043385,-0.053196804151413674,-0.08580712080577027,-0.12677594005312112,0.04502834855101683,0.13646024777538052,0.04841325523450077,0.0069284028011340065,0.019115590691901753,0.03501848699360677,-0.00126918373629208,0.06852364923760845,0.1331401162139104,-0.06988444424748519,-0.06677968509481859,-0.0032710685973230723,0.8810955650844422,,,,,,,,,,,,,,,,,,,,,,,,,,,,,,,,,,,,,,,,,,,,,,,,,,,,,,,,,,,,,,,,,,,,,,,,,,,,,,,,,,,,,,,,,,,,,,,,,,,,,,,,,,,,,,,,,,,,,,,,,,,,,,,,,,,,,,,,,,,,,,,,,,,,,,,,
4:07,0.14711060217817684,0.3879957496454285,0.09492752184766727,0.046854974268889515,0.11505104923988023,0.5214418788612619,0.5225594945534675,0.004805517260150324,-0.09499725734371403,0.4940896864339873,0.40045196477250994,0.5505857562617509,-0.15831759470379694,-0.1918530990715312,-0.020882593355369888,0.3974234161412212,0.2737406824709217,-0.15886984928485218,0.208974270163098,0.1396568713650125,0.08537866609614983,0.5005917604771943,0.13936111235215554,0.3889855531957665,0.042773046098873835,-0.1606894060698213,0.36671804181028733,0.182364197124647,-0.002985073835280383,0.16732945991978018,-0.10643114942747066,0.4234267890330574,0.13442021373185453,0.2193614253229181,-0.17883761024965372,-0.1370667457344939,0.01795841145809577,-0.09608046034656029,-0.20274981832302638,0.5595238854193589,0.4549044411505557,0.4299552868867443,0.397635707428092,0.240082354417402,0.43007235837703855,0.3378181863383494,0.028806012335437624,0.02863758961132948,0.25110113443972476,0.3948578099991702,0.22933822031981377,0.2817124159306097,-0.03827280929212534,-0.059397471146803604,-0.0068470091160192465,-0.02209937126215508,-0.23629482664290039,-0.08151843444856896,-0.012611517777463787,,,,,,,,,,,,,,,,,,,,,,,,,,,,,,,,,,,,,,,,,,,,,,,,,,,,,,,,,,,,,,,,,,,,,,,,,,,,,,,,,,,,,,,,,,,,,,,,,,,,,,,,,,,,,,,,,,,,,,,,,,,,,,,,,,,,,,,,,,,,,,,,,,,,,,,
4:08,0.1093562707379637,0.33941892270673607,-0.09655130248780716,0.02492404541381847,0.07983609781231508,0.3381400277794024,0.5717473773632101,0.012794147392110126,-0.09099559524133193,0.17126114458783648,0.18818089421064724,0.5496528080995081,-0.20386034967008698,-0.1899771791828266,-0.0190662353933519,0.13510428926560084,0.06170841008905605,-0.26963705911023095,-0.05069264465453953,-0.035481167507863114,0.0664108849931225,0.26697717602193316,0.008322375525058573,0.28973201671083026,-0.13934799710533358,-0.15747971970999228,0.3841766924370221,0.08873482849518974,-0.10584644765367159,0.051035612553963286,-0.14304019847486169,0.29140759350959056,0.11092657802097021,0.013699990529605155,-0.15898288108873526,-0.20967350034858215,-0.1200844112057715,-0.08447492240446602,-0.20523294263651015,0.5218107099736052,0.3014882547323015,0.3726433907490668,0.45212271404729554,0.4595429759908194,0.46060076461448307,0.27441134788865723,-0.15327552311979054,0.03970145854523692,0.4542649921627111,0.340640079016534,0.15044982583734412,0.15041456729107516,0.03397778747374388,-0.10849041257945452,-0.15942802957060828,0.07116587001988366,-0.1411988520253315,-0.028821328075550677,-0.034555775027685386,0.7284077983741056,,,,,,,,,,,,,,,,,,,,,,,,,,,,,,,,,,,,,,,,,,,,,,,,,,,,,,,,,,,,,,,,,,,,,,,,,,,,,,,,,,,,,,,,,,,,,,,,,,,,,,,,,,,,,,,,,,,,,,,,,,,,,,,,,,,,,,,,,,,,,,,,,,,,,,
4:09,0.05255283138141788,0.17140322916189699,-0.0912522872951337,0.5150605382867675,0.6031762502616309,0.25234289176598296,0.16779285114738576,0.7192686000723049,0.2943735557596251,0.1490038153362876,0.37092771349301584,0.3326522618905994,0.09028674189925465,0.34920064836933584,0.45665473173265836,0.06205920603933292,0.05269323557734362,0.1742035701099531,0.0839447114555752,0.12950861628011445,0.41030152894966215,-0.04591427596136713,0.007769077938467264,0.157835670237801,0.059723565547322624,0.038069337112276176,0.46851873888610734,0.3769414613652191,0.017718802785135063,0.3896684535301253,0.02726365946265222,0.20178911306629513,0.29547882684198346,0.19217135690367027,-0.00047504218394009445,-0.05021689587112728,0.12189962771417871,-0.0014392644881647473,0.0544204680144564,0.023634057919778004,0.1679973037591062,0.043796110654049175,0.17666922731435125,0.040135658532699674,0.3525992865760844,0.18391043950078467,-0.016263979094735426,0.1074612893478398,0.02707009660307372,0.06531755477237619,0.009935472178096356,-0.0551579023704088,0.26324649388265237,0.215069353385186,0.07744915669432469,0.02171227242328459,0.09312752801459079,0.24982069704425836,0.17784048186719456,0.013437984485766382,0.1890380147139706,,,,,,,,,,,,,,,,,,,,,,,,,,,,,,,,,,,,,,,,,,,,,,,,,,,,,,,,,,,,,,,,,,,,,,,,,,,,,,,,,,,,,,,,,,,,,,,,,,,,,,,,,,,,,,,,,,,,,,,,,,,,,,,,,,,,,,,,,,,,,,,,,,,,,
4:10,-0.017424860741529165,-0.10326825256191263,0.20981427924822968,0.20638350743857348,0.2796169307040229,-0.08165234698563643,-0.23616248093483952,0.27196399745400845,0.06447095831405672,-0.11108681378061486,-0.1181982267928876,-0.14610492224481683,0.25167057682663685,0.39107089470387435,0.3521270753833421,-0.08988731259644145,-0.14903852636051762,0.45606922867228206,0.3691344542327125,0.08890931660147487,-0.018883500632297347,-0.14619727153768786,-0.15477573034640715,-0.037454649883399874,0.04148649826065577,0.02836265910997278,-0.08938052850441411,-0.028593717453764916,0.13304580741940977,0.19963481356035376,0.17754071414256653,0.0854739672601912,0.05037243711227011,-0.01903056413589417,0.15136896841534003,0.13777299848002475,0.22768211119663184,0.36414652757060323,0.25029834999026296,-0.18185618574253834,0.0042978410737692764,-0.15420466078240377,-0.1315865051580675,-0.19295395889759162,-0.1714685498996169,-0.05861231960324492,0.1270000758267807,-0.01107238997217858,-0.08365228183314535,0.005192879757828738,0.010470650567958737,-0.04495185369261904,0.13651752662508101,0.04667925986174191,0.13881465275295676,0.2016453637810325,0.1704575735057682,0.6650211336544714,0.63159332892746,-0.032844258733648934,-0.13732024097176326,0.2173748770795558,,,,,,,,,,,,,,,,,,,,,,,,,,,,,,,,,,,,,,,,,,,,,,,,,,,,,,,,,,,,,,,,,,,,,,,,,,,,,,,,,,,,,,,,,,,,,,,,,,,,,,,,,,,,,,,,,,,,,,,,,,,,,,,,,,,,,,,,,,,,,,,,,,,,
4:11,0.2678704858905952,0.2354033406063655,0.2450625496403462,0.12010669902017443,0.08695115426385687,0.31493707110167246,0.1886693898016664,0.17194025578555433,-0.07303068585195814,0.6991474108772403,0.5343481373783131,0.317383081488956,-0.029451706634749372,-0.07613904597440446,0.06318681465201605,0.5108526898701398,0.39215547452692423,-0.018085266680410373,0.4087316398892486,0.2853782200861487,0.30183613469938275,0.5918310166711078,0.26544617808208626,0.42892935488273043,0.24520768872684723,-0.08292668406737543,0.4140752245210437,0.3170796453899256,0.19218397950837474,0.2981611526458605,0.042940257237594745,0.5826137707470656,0.3245152931413855,0.3887996476472088,-0.08294228774615324,0.021219073165457326,0.07526109791336805,-0.08187346577719636,-0.04719537641369496,0.28018325460930804,0.5551377453850778,0.4086347734019537,0.3561918277741817,-0.025475196016971333,0.39569138090987327,0.2796104450967223,0.4101725414997824,0.15392970016188465,-0.03630981400923118,0.4156978346221472,0.3205964247512795,0.3659907867440285,0.07899590391490208,0.16773765574142505,0.04292167634019033,-0.030031050703654114,-0.07918543715683236,0.013205934528744108,0.04366971917490284,0.6080608348421328,0.0954697374752209,0.07091037697133958,0.039522203706563626,,,,,,,,,,,,,,,,,,,,,,,,,,,,,,,,,,,,,,,,,,,,,,,,,,,,,,,,,,,,,,,,,,,,,,,,,,,,,,,,,,,,,,,,,,,,,,,,,,,,,,,,,,,,,,,,,,,,,,,,,,,,,,,,,,,,,,,,,,,,,,,,,,,
4:12,0.37269089603507904,0.3708092369639371,-0.19881189391343346,0.18951554058366069,0.28744490903099196,0.42098968130271064,0.3259026755055804,0.28943903398487464,0.026416397013172804,0.7025671836147982,0.7963045516707533,0.6186619686567408,-0.10256328630350835,0.0024909380016772532,0.07106420001119826,0.6712599494495585,0.5031188490168418,-0.07044215858054272,0.34191189386708937,0.49523213044033293,0.447761994477877,0.5205773093995265,0.2502279852311245,0.6542041975248951,0.06812432039682907,-0.16198198127811578,0.6336168617781279,0.6209382150774464,0.0762373291726765,0.4618556087443827,0.008139071953360937,0.5284494041416833,0.5626310025576369,0.6734524741941237,0.009131704116554177,0.020286068441552892,0.32363441111956653,-0.032212132715131556,-0.025326126142248162,0.4881929206682335,0.5867299748981971,0.6139572273509198,0.3482880582802608,0.05136202051669409,0.6438669233310786,0.5886482253570957,-0.001911461083968403,0.25365701153244397,0.030479567940678784,0.46520163413762566,0.4298033491662057,0.5161374606650841,0.3235668284651182,0.3036919443962739,0.30659709656560347,0.00043341130341943305,-0.0046178282895131765,-0.14860889765523502,-0.06747107274297273,0.5993829814973827,0.3116521643695813,0.23420063985240086,-0.14165321104872833,0.6011852625688094,,,,,,,,,,,,,,,,,,,,,,,,,,,,,,,,,,,,,,,,,,,,,,,,,,,,,,,,,,,,,,,,,,,,,,,,,,,,,,,,,,,,,,,,,,,,,,,,,,,,,,,,,,,,,,,,,,,,,,,,,,,,,,,,,,,,,,,,,,,,,,,,,,
4:13,0.2877816940449277,0.3670098452388756,-0.05112904257270697,0.1687270610107011,0.2564276862117313,0.33967531141285806,0.5682901105671084,0.22214316329497746,0.02542694620621939,0.3091396418180708,0.4818473957661993,0.777156100843665,-0.12834067492765613,-0.10522524883127339,0.038712359065373396,0.3665059320140167,0.259276617093139,-0.23894023827861782,0.13675662123011958,0.16472704954530332,0.3992396525090857,0.4194839812122781,0.15863810119715077,0.541146324440108,-0.02946772022758397,-0.16643535544722368,0.581390238185566,0.4518189100839436,-0.02561292166313267,0.19964608901841085,-0.0328109759009735,0.48780487666554784,0.3761301106234673,0.35868740875840877,-0.03128656451065982,-0.07116928188681179,0.04676663334672284,-0.03498369658157651,-0.15718205318738537,0.4889164800289786,0.5115935688675307,0.5877749575916512,0.6337563576527471,0.5168303282309533,0.6339956606766528,0.5084829081461423,-0.1845033792388646,-0.002973500004674499,0.5438891158588806,0.4280264054613591,0.2874994244833357,0.3602800551256685,0.2648374776485802,0.1946831752122701,0.06067430872382129,0.023455901960242363,-0.13731730980374207,0.04196931806228623,0.09919332520148039,0.6718380684212519,0.7801724580458612,0.22422876314178067,-0.07902310623045843,0.25130850040904085,0.6239563064598095,,,,,,,,,,,,,,,,,,,,,,,,,,,,,,,,,,,,,,,,,,,,,,,,,,,,,,,,,,,,,,,,,,,,,,,,,,,,,,,,,,,,,,,,,,,,,,,,,,,,,,,,,,,,,,,,,,,,,,,,,,,,,,,,,,,,,,,,,,,,,,,,,
4:14,0.16177118264506088,0.10322887859422164,0.41644890996515915,0.5440105332809166,0.5581963266170903,0.18527265144160365,0.0148424189635809,0.7457466932017235,0.24773613173379647,0.13288835197377014,0.17321154421140242,0.0578146993181736,0.5851890830756126,0.7208633276544373,0.6862927532774695,0.1299958057629164,0.04837404948664314,0.685545816302636,0.4853393512223138,0.19524712615212628,0.11316610656566313,-0.02279324101096503,-0.007398051569137312,0.09864312401301152,0.23061573733210172,0.13383300656619937,0.11243464444429055,0.18527285731453513,0.24357893812786252,0.43892238887486346,0.2980049213276534,0.22479173548861447,0.19556437448327557,0.15351065336846353,0.19430497839356597,0.2262863224667225,0.2744974305027768,0.27307986718007304,0.18536995725519162,-0.07028860840399519,0.17454430512590277,-0.11436550731177915,0.002306089757583627,-0.14073124020675068,0.04078768987341174,0.19262941090417707,0.21493031927494874,0.12745014330982726,-0.0203213200046185,0.20744535615413082,0.1866406868855363,0.030139558770201882,0.17848732389221308,0.23039308130568428,0.23147525013498052,0.19234156031274544,0.16139348564531147,0.5385840524742735,0.4228410767693235,-0.008432087583261702,-0.12453557924847332,0.5466253917003008,0.573965293467076,0.27070004548241855,0.032393747440470674,-0.051402696602470745,,,,,,,,,,,,,,,,,,,,,,,,,,,,,,,,,,,,,,,,,,,,,,,,,,,,,,,,,,,,,,,,,,,,,,,,,,,,,,,,,,,,,,,,,,,,,,,,,,,,,,,,,,,,,,,,,,,,,,,,,,,,,,,,,,,,,,,,,,,,,,,,
4:15,0.019456294724923072,-0.13168837257508784,0.15892323563779742,0.22596994272723292,0.15354831193818225,-0.11425143387607502,-0.22244572730079729,0.28813759966600616,0.05745304084666327,-0.11945044465341566,-0.14027222812922835,-0.1981227732484001,0.32277397434262833,0.49455464643826197,0.41370146486996495,0.05314910099944996,-0.17196937468567514,0.4379553473796959,0.3395022292360933,0.21618163677355637,-0.08545453810252687,-0.2128037229740352,-0.2006704939355864,-0.09686310054474266,-0.07209957564594778,-0.09418620534240234,-0.07418581042646974,-0.06813922662897076,0.10616697120131813,0.09609724664377378,0.09585872809743784,-0.04817694348566194,0.019199469232532983,-0.027541885374059223,0.1725041015656413,0.07927131677081789,0.24067800699160907,0.3311313134513995,0.19546308403950122,-0.1630622603253221,-0.13025960254002925,-0.17362022544957065,-0.22744593404204402,-0.20681710732310438,-0.14786992565495158,0.020342809576113244,-0.032196948961912955,-0.02437292604354838,-0.10768680879592102,-0.05259904014377025,0.04471614236372634,0.019316741445770322,0.11618045646963095,-0.05951444283057222,0.17771256077312633,0.11216889570323843,0.11967144563861956,0.7510864543440496,0.6379644370933149,-0.142211390112984,-0.06497756840851135,0.23148281272476826,0.7976652578659467,-0.15516678813349272,-0.14066184199786796,-0.024315827547413384,0.5665763841973802,,,,,,,,,,,,,,,,,,,,,,,,,,,,,,,,,,,,,,,,,,,,,,,,,,,,,,,,,,,,,,,,,,,,,,,,,,,,,,,,,,,,,,,,,,,,,,,,,,,,,,,,,,,,,,,,,,,,,,,,,,,,,,,,,,,,,,,,,,,,,,,
4:16,-0.004925873833158815,-0.14093521744021126,0.2812768602211966,0.09830965110447898,0.0793961098499496,-0.15286993206110516,-0.2244219332599944,0.36291115828804277,-0.04455761328833077,-0.14646904330820978,-0.17722030197069477,-0.21030205302418925,0.708244120469783,0.6386091821206373,0.37255576014818503,0.1396856292375622,-0.14356472160459716,0.6330920264977957,0.39142342356181986,0.2734412104741962,-0.08859836895603485,-0.22631495919786385,-0.2022275939782931,-0.07721535083622638,-0.14788952247408754,0.1446756530260195,-0.11012013826056209,-0.029228457015039195,0.03304871526739652,0.09546869626036508,0.23994225498222765,-0.017389647135937054,0.09214449728079305,0.09371413753029587,0.32106110577104136,0.2558381971729131,0.361457956277801,0.22665995998412028,0.2610481378521035,-0.15086142452311074,-0.1498932074837748,-0.1658617117889981,-0.28343300933877563,-0.13986080658471267,-0.1317995272099141,0.18403507390355817,-0.05880857848480973,-0.081214977692356,-0.04936206858362357,0.07197060040566243,0.15187872813523265,0.08884990643256348,0.1467356468663051,0.021545831464258192,0.2913775690958542,0.04572887731611869,0.1453513637612702,0.7444976241519782,0.5977674866443358,-0.22676202701889744,-0.13315344883171606,0.12713088384610172,0.5491725342397755,-0.2228104592133128,-0.16863666105919956,-0.07720534103849276,0.5510598046514243,0.8313914727103687,,,,,,,,,,,,,,,,,,,,,,,,,,,,,,,,,,,,,,,,,,,,,,,,,,,,,,,,,,,,,,,,,,,,,,,,,,,,,,,,,,,,,,,,,,,,,,,,,,,,,,,,,,,,,,,,,,,,,,,,,,,,,,,,,,,,,,,,,,,,,,
4:17,0.34703418495678134,0.2961967084565228,-0.07175443306280599,0.03999744353218316,-6.850251998397664e-05,0.3120692204682859,0.20357085492714047,0.13012571105438614,-0.14481478844769877,0.6378266760983893,0.5498906072120497,0.3237303444857348,0.1252940584244893,0.15591511448208686,0.11417584070825453,0.8488385834494395,0.5138021324485105,0.1329138518718326,0.5800145232841002,0.6651847157084961,0.05214238168025949,0.39602045102349176,0.11924060411056468,0.43423667536205257,-0.0775276955678556,-0.21043225249947453,0.32580642526660464,0.30687984432753407,0.013302088809691383,0.19988096323772733,-0.030313781325738,0.31233159887552403,0.3873767283644274,0.48187200125165564,0.05301370903864056,0.022720825168759177,0.3334977916303009,0.06777006007263707,0.06888980714912779,0.3967890636709156,0.3891537778215082,0.4256128387064213,0.0017233632565195902,-0.1297757549361912,0.3927004407665624,0.5741673426534079,-0.13224123906034502,-0.047145208208409436,-0.10789270705954572,0.44922405485797023,0.6220220075969441,0.5593275614727508,0.17056305887302053,0.022219049676559327,0.36090847148515814,0.12851437021084786,0.10596894648351232,-0.057024838189454495,-0.15930416829039803,0.4127150128057201,0.16163609267928084,0.005098785465245025,-0.12742584395500328,0.4875683426132408,0.719753753849454,0.4005153155795598,0.12630719662765078,0.055257480516391976,0.1424817131244913,,,,,,,,,,,,,,,,,,,,,,,,,,,,,,,,,,,,,,,,,,,,,,,,,,,,,,,,,,,,,,,,,,,,,,,,,,,,,,,,,,,,,,,,,,,,,,,,,,,,,,,,,,,,,,,,,,,,,,,,,,,,,,,,,,,,,,,,,,,,,
4:18,0.34269324525357775,0.3703673505222591,-0.1417302993630163,0.03432294197781801,0.14242185392032444,0.309648637219519,0.20819448057365447,0.06390183136586336,-0.11169140641536913,0.558894571287467,0.5423419808353842,0.4317528652710803,-0.10695595197429313,-0.08309438951546251,0.04214942238020665,0.6767675884289313,0.7938276813231994,-0.1455323319606049,0.2691190903162444,0.48647492271156856,0.0833033854794333,0.4145271711526032,0.13521621427242464,0.5024277203349218,-0.044518510900026016,-0.2522992798997848,0.3691527606077082,0.2859089691248115,0.02553820879727394,0.21845617912061677,-0.06130569538943031,0.2741540082618512,0.30468838455346603,0.43623620165511445,-0.016142484047005287,0.09050110901578434,0.02282561698946236,-0.002904495184739887,-0.03347934994772916,0.4992673647762198,0.5079271895332124,0.516360165215602,0.008274853512444556,-0.15203428269903235,0.43585958377619,0.4939759809603006,0.02511903653416494,0.010778788083418289,-0.154879504106879,0.4343182534794894,0.5306932039057105,0.5112103517471782,0.18187034672394511,0.32863271453748816,0.0565212876876382,0.14898329731954257,0.1265546951221824,-0.16449141164613934,-0.10956779588350779,0.36323828043784584,0.20244180906422013,0.005973324099114128,-0.22993352535400813,0.40514490039819107,0.6346100049106348,0.42607320329420256,-0.04303048543257532,-0.18872844532843885,-0.14114106675832278,0.7210880812676366,,,,,,,,,,,,,,,,,,,,,,,,,,,,,,,,,,,,,,,,,,,,,,,,,,,,,,,,,,,,,,,,,,,,,,,,,,,,,,,,,,,,,,,,,,,,,,,,,,,,,,,,,,,,,,,,,,,,,,,,,,,,,,,,,,,,,,,,,,,,
4:19,0.11419339298565288,-0.08456270903774896,0.2740443352560623,0.23207661904228713,0.14560168143320287,-0.12268775125964487,-0.1707491408464685,0.42248146477355675,0.10754982079965748,-0.13148287361641456,-0.12145674877966253,-0.18397291330141458,0.6866976044262516,0.7083534399419238,0.4280405598829933,0.12131908599054363,-0.1461954238792087,0.8183707424244123,0.5912281422046765,0.4036308116842439,-0.09569644290469978,-0.1630830316884697,-0.07182146983418186,-0.01677217651890118,0.04278111520271039,0.20681210169970027,-0.07221259171569325,0.04824922692232726,0.15820128262566768,0.185334393583737,0.3247402451701529,-0.08451399032682,0.0965724425349019,0.17427217165935568,0.43644025287569227,0.35642755891111205,0.5117042851118828,0.4876111611394994,0.4871082331931804,-0.11805547895864839,-0.10131342837480246,-0.16408262416715538,-0.32176763691828586,-0.19846713133241456,-0.10667564790459579,0.22578209236811525,-0.07561265110008365,-0.08303052618712257,-0.07797279544398242,0.09091764460547308,0.20473238674508032,0.14988158498320808,0.27856971847444806,0.11016865812482625,0.528476470390418,0.2763880573239357,0.3719874474627612,0.5458205401206249,0.33518638404718887,-0.2466474913857382,-0.23088113082600875,0.19091496865355145,0.5050280553522281,-0.1917958012688726,-0.10654276769909543,-0.1440615947582961,0.6414120063150631,0.7074886856391319,0.8420244516418682,0.2119117840601292,-0.11039114915889317,,,,,,,,,,,,,,,,,,,,,,,,,,,,,,,,,,,,,,,,,,,,,,,,,,,,,,,,,,,,,,,,,,,,,,,,,,,,,,,,,,,,,,,,,,,,,,,,,,,,,,,,,,,,,,,,,,,,,,,,,,,,,,,,,,,,,,,,,,,
4:20,0.377182106902859,0.1020774995902001,0.09176806815918548,0.1247271719087212,0.03096184376597528,0.089147046818707,0.15095036720290766,0.2841646090388857,-0.10967218274924989,0.35384124202673944,0.34045293165941043,0.22113340540389967,0.3854816901450915,0.37998959229391627,0.16643909242665514,0.4800370400798772,0.06071814524182372,0.4698748202543462,0.7792784652096656,0.5351013929077976,0.13486623413524,0.21465682275720885,-0.017313298809418055,0.31690887254814,0.015857635558717845,-0.0018774055384924663,0.24702643897096768,0.2892382154774903,0.21336020101446182,0.3417588450772455,0.2706218598500936,0.31380569404014147,0.31627872777314625,0.36820779246740626,0.35982944121679095,0.27994776182819386,0.4605814696785132,0.41855317071265397,0.40202518639537416,0.12270301466651587,0.24306211028259256,0.22250310311240523,0.239456356825805,0.22762328053435169,0.24813769201940902,0.425566897309056,-0.061576780425944,0.04974491419704739,0.31322846342042526,0.3578328409497836,0.47027240597335274,0.4155482094911754,0.40414670654802287,0.202256536167821,0.48314422128241935,0.4057672637008452,0.35963435698411694,0.027703150772986653,-0.16058749107591297,0.24487999350552886,0.07969878830632308,0.0337802170201306,0.0854528495416385,0.3427488961942295,0.43469673227018,0.3308155249956988,0.33088039359627625,0.13905743354079228,0.2540155265766436,0.6591573514939916,0.27228229328739517,0.4929020014533671,,,,,,,,,,,,,,,,,,,,,,,,,,,,,,,,,,,,,,,,,,,,,,,,,,,,,,,,,,,,,,,,,,,,,,,,,,,,,,,,,,,,,,,,,,,,,,,,,,,,,,,,,,,,,,,,,,,,,,,,,,,,,,,,,,,,,,,,,,
4:21,0.33125722776917826,0.10305715387789577,-0.09749924343003295,0.01680304247285076,-0.018911127757577265,0.11610289327197977,0.22929811501095756,0.2076981228271709,-0.1508608601743388,0.419003066032004,0.3700563726162527,0.29506315218304896,0.3174326966697083,0.32093718636178725,0.0819783186366249,0.5875282659671223,0.2355313801668418,0.4012768014839563,0.6394372339138041,0.759712812844085,0.11604890712410748,0.18167770021944704,0.02789530574148303,0.3362707357040353,-0.04910805425564899,0.08665443500682525,0.2599148598692784,0.28300336684564237,0.11509032595538643,0.2511101136822719,0.22747029185538573,0.1765485737489958,0.35076831559382415,0.5414417416674138,0.368512558579445,0.27094428091161515,0.5280671714095947,0.29995194875418263,0.4708349221080589,0.10563104638611896,0.17659473830218264,0.25177483548502283,0.08944430562176504,0.23972296963779413,0.24811903192095813,0.3798680459965975,-0.0739955066846402,-0.061900345774738685,0.25616399006927987,0.2228373541000573,0.4767596710112961,0.4915174613582304,0.35761598963006824,0.1624715580282965,0.5058997082592808,0.27806791476229487,0.43661385080302434,-0.07743124973306681,-0.20360812165231781,0.15865575036213483,0.03521240147465689,0.05027621824471995,-0.07542058777536911,0.19667622490909975,0.49706587802757246,0.29984183135369946,0.12467410488273813,0.05392223097799795,0.22498381040355592,0.7136258909248131,0.41814738348988845,0.4369025096426699,0.8299987821309743,,,,,,,,,,,,,,,,,,,,,,,,,,,,,,,,,,,,,,,,,,,,,,,,,,,,,,,,,,,,,,,,,,,,,,,,,,,,,,,,,,,,,,,,,,,,,,,,,,,,,,,,,,,,,,,,,,,,,,,,,,,,,,,,,,,,,,,,,
5:06,0.04106267852724092,0.05128951311290918,0.028752746564285094,0.4549517190319159,0.8180113894539204,0.216439497464181,0.1961756168798828,0.6326235065612894,0.47359652198593744,0.1907477628975967,0.4730550786715133,0.46704719028465574,0.15660980071961028,0.30378057822713844,0.49208706241085576,0.12894969778456272,0.4498337158474534,0.22381088942424612,0.11678931389395734,0.18790165294823372,0.24341667413639725,-0.01070016372932756,0.2850686614034504,0.2642863940802333,0.3541033848480477,0.10911392541364993,0.12371143110320829,0.48133754543193596,0.08050694778816254,0.5779165011698453,0.14159967130944912,0.19948080484598513,0.3090704513933308,0.3866049929764578,0.03790831606426931,0.132408688252854,0.2083870967410331,0.04973221527768506,0.020515841895530726,-0.008241284972393088,0.25138780640962766,0.019687385024319937,0.03598143640575894,-0.09485921946777559,0.06100957544001769,0.278280046908261,0.04005167170048025,0.10543102289059136,-0.013602115913264195,0.07642022122089039,0.12136643632693023,0.02545098670988608,0.08605263936295765,0.33729710716772227,0.23935375445293575,0.008805637426437295,0.08009647032617076,0.16042336920765085,0.3522732017617369,0.011468310345040427,-0.0847920883741945,0.48986792137444835,0.17845714319202355,0.07764316009420671,0.343350681968081,0.19777000397874375,0.4517315988397108,0.10940284507759293,0.05249607785288209,0.07492003773517686,0.24069264334158402,0.16240630754879998,-0.01923873323986843,0.07317847856774778,,,,,,,,,,,,,,,,,,,,,,,,,,,,,,,,,,,,,,,,,,,,,,,,,,,,,,,,,,,,,,,,,,,,,,,,,,,,,,,,,,,,,,,,,,,,,,,,,,,,,,,,,,,,,,,,,,,,,,,,,,,,,,,,,,,,,,,,
5:07,0.3395053134384459,0.4703101919177011,-0.0053770181859886836,0.0334748487250172,0.2029801262241719,0.490525489866666,0.6564913453880263,0.07854328150632013,-0.04368187248922545,0.6402987250082272,0.5770229475014833,0.7308398363568495,-0.07546972612982397,-0.17753983856036593,-0.12036201930860357,0.5680881648673213,0.5663018981222974,-0.08619534119876286,0.356536567811426,0.33599031880781677,0.1705260736294832,0.7388115373024131,0.47962872528402617,0.7193557128147429,0.2647002588551736,-0.029304934485201915,0.47733096490885296,0.4241460346286848,0.0014666287337539033,0.2683183506930608,-0.010576201347308863,0.6301584395820945,0.39126536040468196,0.5177525518020639,-0.15937469514677718,-0.009082275081284695,0.10587231942423715,-0.1884275418700079,-0.1728535825451838,0.5989694931381738,0.7493185014189814,0.6703556249779338,0.3971494480104061,0.21255325193078398,0.46368451831765817,0.5079821599829861,0.0693584663224597,0.09331943539992038,0.22727419493879503,0.5078145281124089,0.4024570491256832,0.44905188884658237,-0.10884606375220272,0.09931259981355016,0.035984772826674866,-0.16830511890894262,-0.22537290021252848,-0.13685305621631225,0.016618861472996464,0.7747809204141961,0.45151711932478994,0.03766446362468369,-0.13960378901159734,0.6980381990611516,0.7210131308156771,0.5917461638496883,0.04206954473246017,-0.26574092723652426,-0.284548342226471,0.4810911310226274,0.45985491599590306,-0.23909570374095654,0.306002696116091,0.3123280399937964,0.2541686015497101,,,,,,,,,,,,,,,,,,,,,,,,,,,,,,,,,,,,,,,,,,,,,,,,,,,,,,,,,,,,,,,,,,,,,,,,,,,,,,,,,,,,,,,,,,,,,,,,,,,,,,,,,,,,,,,,,,,,,,,,,,,,,,,,,,,,,,,
5:08,0.24698909225168927,0.5331147275229678,-0.01899100014959877,0.16103844517693883,0.31387188342202166,0.5504162426476483,0.8286508808818466,0.22600701253736571,-0.014874432400246164,0.43072542855359813,0.4411616009731809,0.8199722406064371,-0.061292205494124244,-0.09215707842964989,0.007775133508107491,0.33080223793943114,0.3060502528918603,-0.14016122105643564,0.17768125834489884,0.2224414565311136,0.25434114762672133,0.4863013558442189,0.2377955041503641,0.5544943522823721,0.08604841509541523,-0.030165279865544126,0.4722224753343665,0.31655825169237084,-0.07464854770714728,0.17048588919525653,-0.05270704972245719,0.4987193747039922,0.2737555270515987,0.2939418856182049,-0.1784401720575264,-0.11839622764773541,-0.04030539598007522,-0.21541175383201508,-0.18172696296896793,0.47523551406864306,0.5611917477398246,0.5329821204242242,0.6489275058451971,0.65000895243744,0.4833249614366963,0.3437731753873099,0.04030707573475425,0.10874982809703793,0.6192181328797053,0.3329732084689758,0.19367795501432847,0.24305995455144042,-0.02455005163125107,0.08421746331542573,-0.16385528737407157,-0.12757063304934815,-0.16628211347091296,-0.14086723857287148,-0.053375569322028055,0.6754083725097174,0.6877590977806968,0.19858214394829035,-0.18825404750306887,0.36801312921650237,0.5111813525184623,0.7704020609360216,0.041286827592878404,-0.2479170017051594,-0.24214363856081847,0.2729175052872537,0.3050951957024946,-0.24286161435015077,0.3121857144816192,0.3219115271025269,0.17200542370392158,0.7716803257126578,,,,,,,,,,,,,,,,,,,,,,,,,,,,,,,,,,,,,,,,,,,,,,,,,,,,,,,,,,,,,,,,,,,,,,,,,,,,,,,,,,,,,,,,,,,,,,,,,,,,,,,,,,,,,,,,,,,,,,,,,,,,,,,,,,,,,,
5:09,0.17277391837854797,0.20489157542125322,0.46438956859233377,0.6064849640670773,0.3778903057040805,0.23087035109242585,0.11529582665922325,0.7951647234599035,0.3727928449674866,0.2478932765947593,0.319427974411791,0.23972795196044133,0.484944193925405,0.5802604862762922,0.5101272802138961,0.1641547164353477,-0.016546874248322224,0.37317796719806534,0.2728966261954743,0.15282386761997513,0.5208008634213684,0.1077902970652385,0.09295016566830702,0.13386103531685137,0.20110937663508344,0.3329983166229165,0.4466658483230397,0.3850588210794626,0.20296452796972114,0.31673253235073484,0.31616926286135294,0.26321492686194703,0.3480353100945835,0.3106789487715573,0.2587506132880269,0.20554384690750763,0.22999612993831198,0.07035605422557661,0.23816346618521267,-0.03410168431983143,0.16759803909097723,0.06811524058745896,0.27313337407302357,0.12938155400417664,0.4305906462163514,0.1861362637158059,0.2428422066244832,0.03713517694990425,0.15167029947328312,0.2494918399012029,0.1377421518797714,0.137404486187336,0.43299163004590874,0.3615538298478252,0.2288351669109582,0.05194426705675431,0.18179427888592847,0.4982001741357664,0.3171629516093453,0.0421809362776789,0.017979853218420577,0.6414653873343482,0.2983994579386506,0.32513818205160155,0.16963735932912286,0.15410553672620542,0.6600747215831133,0.3133895536750666,0.3730245766331048,0.11860194211768943,-0.01284752746187401,0.367471060343003,0.21523282934670365,0.14740005289658614,0.25437378259934473,0.008145318269252416,0.13560703501124216,,,,,,,,,,,,,,,,,,,,,,,,,,,,,,,,,,,,,,,,,,,,,,,,,,,,,,,,,,,,,,,,,,,,,,,,,,,,,,,,,,,,,,,,,,,,,,,,,,,,,,,,,,,,,,,,,,,,,,,,,,,,,,,,,,,,,
5:10,0.10056165906055513,-0.036466354214976585,-0.010834180552565197,0.5379310440539682,0.6349428675954992,0.051547937561259936,-0.035671830415276565,0.6855211791564084,0.4326272568571808,0.1721353808366029,0.33048116004833505,0.26495918851738465,0.1708122893385829,0.4714696732379731,0.5748191204038906,0.023500939475215976,0.15442807947377393,0.2832213338398546,0.26088691354816085,0.14674518698366015,0.2834058000567155,-0.04557015256020797,0.011969284097833497,0.1792794216179074,0.1889713106954784,-0.046449099137051135,0.239709439870914,0.43284429508467465,0.22317029763213517,0.590065146751591,0.18198472820906045,0.2720201357488353,0.3274914171217667,0.2723369882241483,0.09285161958311752,0.11240321969548402,0.20938594727309312,0.20617722702155816,0.21606293933542658,-0.07538905337891781,0.22181953925662495,-0.02924241356597628,0.08829976633055761,-0.08150655990026516,0.18349986224226414,0.21718138330842165,0.16022624190866458,0.08325911009161766,0.017059169540066976,0.20060537592836022,0.2003191864983755,0.1185295892411998,0.26618168518063196,0.32684894447581336,0.23552818366786732,0.19210675559179666,0.26733033287753116,0.2562730377587264,0.2180079587060643,0.020656334100423713,-0.06899110759904059,0.5891846750439481,0.4622290521573224,0.24571260459862998,0.24130930643615883,0.12517771901024857,0.5536476277933245,0.2600593639671848,0.08861382894425734,0.06697690472425172,0.10512582576128926,0.20613842284993733,0.18196812231558182,0.07766866363984633,0.6303756082565257,0.07708408933600386,0.08026416492091977,0.5469098614946778,,,,,,,,,,,,,,,,,,,,,,,,,,,,,,,,,,,,,,,,,,,,,,,,,,,,,,,,,,,,,,,,,,,,,,,,,,,,,,,,,,,,,,,,,,,,,,,,,,,,,,,,,,,,,,,,,,,,,,,,,,,,,,,,,,,,
5:11,0.38046412576403227,0.3710672456695504,-0.08549121984706264,0.11852570509946755,0.15616007923950462,0.41078255120499924,0.3825828150216522,0.14048090919193298,0.0030508083704599985,0.8047609018494882,0.7113840653837885,0.558538295223188,-0.12594988403283963,-0.1097424114997779,-0.04546454210859349,0.6436756992985009,0.5414144033863918,-0.10444120381947829,0.3738775519136325,0.4704863718089404,0.29645134355303315,0.6709496083403017,0.38979408401675025,0.6768925579133277,0.22110517598094803,-0.0701484633996705,0.5689017244778429,0.4982834722879334,0.1322646350597685,0.42915596854497184,0.0428116185552086,0.5874727834602628,0.48736573036452674,0.6406344502857046,-0.0310342175261002,0.056996666474949075,0.20048436147694138,-0.0853267350433329,0.006848385241446974,0.5199501067927955,0.6512680769626529,0.6245024323374416,0.28433090702707564,0.003636520732029651,0.5347689101849153,0.4674098690093527,0.2235384778374245,0.3039490641665373,-0.012908419656921776,0.4743863210496287,0.421047974410319,0.5355935913666632,0.12190579392759439,0.20808215414389658,0.11686762840973539,-0.07492184459360268,-0.012969427138514547,-0.02442005872823636,0.07573372124913799,0.6469497319858282,0.28888965652855897,0.09590252817090997,-0.09020675545140051,0.7725867468149137,0.8472172184114688,0.4510697132576824,0.039017604694949665,-0.12457675444620427,-0.199420789361672,0.5702441211139048,0.5075221652742066,-0.18874579736998878,0.2811272898127533,0.3218158677933507,0.22180579358963,0.8428768593245529,0.5049033184192541,0.14943531615519418,0.18145677238130561,,,,,,,,,,,,,,,,,,,,,,,,,,,,,,,,,,,,,,,,,,,,,,,,,,,,,,,,,,,,,,,,,,,,,,,,,,,,,,,,,,,,,,,,,,,,,,,,,,,,,,,,,,,,,,,,,,,,,,,,,,,,,,,,,,,
5:12,0.2638610620067511,0.2743110292019806,-0.10263739582255382,0.13378467053615403,0.22155688134976356,0.3596496442344735,0.2779436142330966,0.20393423912508793,0.027294528881509735,0.6260012248398514,0.7036414279936606,0.573310913876629,-0.15521193226318997,-0.1332626842176228,-0.06229753144753206,0.546037705123167,0.5140300026322148,-0.17863925599551855,0.1757336854134848,0.3205656906308615,0.5025250044573104,0.5315548238963923,0.2962852803126255,0.5614127786855512,0.1283843090456562,-0.10040647609806871,0.5758420964583378,0.5566489890960142,0.06262611218994765,0.3668970268311122,-0.007824970977038843,0.5485660539030796,0.5083083519534799,0.6363908918511664,-0.07815653906049276,-0.018273774052086477,0.189936401282101,-0.15617968224498707,-0.15088630019492366,0.34914211323916833,0.5743735110496461,0.5515163194140731,0.44460837020080224,0.1022516531052765,0.5552249375045666,0.41316372192489276,0.1654249334964034,0.317357712291637,0.04928135114731566,0.3704287831265185,0.2786890730136895,0.3785217591045332,0.24438267513168854,0.32640744742954536,0.12104468411595395,-0.0979568646741164,-0.13675185241231158,-0.11706954747216433,0.057116926595333954,0.5752380807743813,0.21891457593067304,0.17309623799389437,-0.14301363614198545,0.7232274316816132,0.8637273577228088,0.49498029814506894,-0.0010297709070618234,-0.25956975385656555,-0.30676109082814523,0.46497287903739304,0.5194923324015492,-0.32760403089118617,0.14830631614112405,0.2271831890596857,0.32816953020468853,0.7554256524919458,0.49171107144197573,0.19260209273980222,0.21123013853040537,0.8652447924942129,,,,,,,,,,,,,,,,,,,,,,,,,,,,,,,,,,,,,,,,,,,,,,,,,,,,,,,,,,,,,,,,,,,,,,,,,,,,,,,,,,,,,,,,,,,,,,,,,,,,,,,,,,,,,,,,,,,,,,,,,,,,,,,,,,
5:13,0.3873273700950172,0.3577056134304291,-0.007276428254481569,0.13327966973794586,0.16615804643055693,0.34008726345091594,0.6541433246621373,0.1810313645751707,0.029730504850650093,0.43562740349604767,0.5198548993261163,0.8302560201293503,-0.07019806898061415,-0.11543669199440583,-0.11850597282440031,0.45287334463282564,0.4138410885865534,-0.1888141013547965,0.17821320323963047,0.2382758432166628,0.4290278419213394,0.5895930937160667,0.3418566565252475,0.6231339948083022,0.16774661761581774,-0.05468585330313854,0.6002780488485765,0.5073726207916196,0.07965090723109751,0.17846510322384498,0.05783653412429201,0.6006667723640714,0.4585219102270607,0.540837180370684,-0.02005527219216215,-0.0003168742991928794,0.11783019599151405,-0.0754464622261633,-0.13095088128847224,0.4168813906439104,0.6158871735675013,0.6265091133580378,0.6681560066277453,0.5620805839900319,0.6011026995802538,0.44670879069416203,0.015148199896609595,-0.005597356075961366,0.5844950095577058,0.4476657236944748,0.31835546613116944,0.40951781971690315,0.17616843858309492,0.23814370073150998,0.06142761476776825,-0.021681609033115425,-0.13114733582115312,-0.12939375351923965,0.01585067513702753,0.659901986956739,0.5679164516869403,0.11277365262332527,-0.1628646328345728,0.49325057236215214,0.63028952520903,0.8101654341581902,-0.04245098899105226,-0.24774623873744453,-0.26266253269590917,0.3645131087778089,0.4311372711188341,-0.27493827031689133,0.2889062696972132,0.3574695534126875,0.23945036607965334,0.797742869518303,0.8502699196041131,0.17273581877932487,0.14890454680399848,0.6154120617402882,0.7065019578846766,,,,,,,,,,,,,,,,,,,,,,,,,,,,,,,,,,,,,,,,,,,,,,,,,,,,,,,,,,,,,,,,,,,,,,,,,,,,,,,,,,,,,,,,,,,,,,,,,,,,,,,,,,,,,,,,,,,,,,,,,,,,,,,,,
5:14,0.013354180155340343,-0.07012044135047073,0.40426989754573417,0.09114628523830391,0.05753584393807122,-0.07964389332673488,-0.09020740704223977,0.42550126887847367,0.052830435860774044,-0.07189758516194968,-0.07438887978478202,-0.0841217124312063,0.9318088258509232,0.6871616666023977,0.2210906705414672,0.13269822288520902,-0.016455358218632688,0.7443080109177022,0.4412936726494027,0.19027557039315104,-0.04322279653983672,-0.1348252793178123,-0.00988657037478802,-0.012861017930106362,0.007356283266019853,0.5918635335032825,-0.1314835434023476,0.06481402939325594,0.01293330041928786,0.2178858107492799,0.4912067038934167,0.004612955473461617,0.17577547321477974,0.23860392695402666,0.46657681987727706,0.5039415777979717,0.42320784134418843,0.1558724518302127,0.4045525019507773,-0.11876515669739682,-0.06812417285562243,-0.11755499560089884,-0.20257603636700278,0.001049851039632776,-0.0789472297438454,0.22878974214936404,-0.06332642441000375,-0.055728525858326945,0.0991129136862526,0.24371046612403968,0.30904651130341376,0.1358286961050136,0.20802824517030902,0.24222533115848313,0.41991180667366057,0.10979002537031195,0.2655504610773913,0.5478599703405974,0.35733088658125645,-0.22825074985862417,-0.23079154049773756,0.05365762483238904,0.2553523216324793,-0.10266473985725574,-0.1329407261658372,-0.171018039109178,0.45770897360367147,0.35127659386299276,0.7222528915783307,0.13392924326980576,-0.12427643350075436,0.6838404872962207,0.30939616065055686,0.3067833453521743,0.08978828952298641,-0.14669830269064646,-0.15660294042629086,0.48950072579387555,0.14798254851462994,-0.12528263907710074,-0.1937241186905711,-0.15158554650692177,,,,,,,,,,,,,,,,,,,,,,,,,,,,,,,,,,,,,,,,,,,,,,,,,,,,,,,,,,,,,,,,,,,,,,,,,,,,,,,,,,,,,,,,,,,,,,,,,,,,,,,,,,,,,,,,,,,,,,,,,,,,,,,,
5:15,0.043435147111386276,-0.08002505431188046,0.033880319456691815,0.27853011750709217,0.11758078822429846,-0.030900043447796767,-0.08217874655261434,0.5054976667047223,0.1614457104725948,0.06320950114253462,0.021487382970465815,-0.057608676755281966,0.5899914143281725,0.7633131585041203,0.42866251653643306,0.2001425011337428,0.014585536030886194,0.6888779835167123,0.49856174025924377,0.39229825608946445,-0.018159120331601525,-0.18951205110555985,-0.11049798932541598,-0.06088689356688794,-0.0794630671951813,0.08988927855292031,-0.0649785740273008,0.06838211697802588,0.03379684709446287,0.2167484450145682,0.17709868187501765,-0.07585734962877333,0.17241255634994943,0.1491343594485269,0.19899404324486297,0.16985729283006157,0.44181845104163225,0.22447071781919528,0.31001160896291424,-0.10271401890412989,-0.06715947410093141,-0.15450524336482083,-0.22120388857058954,-0.1098287765109416,0.010149883409451005,0.1832564079425995,-0.09378376880225858,-0.04323680075967904,-0.04070383814049611,0.164215727602618,0.32320121934528634,0.14592005090324928,0.18494034602213558,0.1196297974063126,0.4825997784929601,0.19919010613888138,0.2963635992063727,0.33765907501891573,0.0577962607003251,-0.18094452538949943,-0.19408784220358685,0.2753401743488466,0.36138178351880246,-0.014615144425768098,0.016873983177828705,-0.14568752054244397,0.5780153402796616,0.5163224009552132,0.5839675070194671,0.32589704326467545,-0.009342317606426004,0.6762544193838985,0.41515719702872794,0.4075996077660128,0.1807720821958279,-0.15951221582888905,-0.14000943949504344,0.5277629028344419,0.5130244513855419,-0.026468598975598674,-0.14166444169276163,-0.13490458607260122,0.6699972577112537,,,,,,,,,,,,,,,,,,,,,,,,,,,,,,,,,,,,,,,,,,,,,,,,,,,,,,,,,,,,,,,,,,,,,,,,,,,,,,,,,,,,,,,,,,,,,,,,,,,,,,,,,,,,,,,,,,,,,,,,,,,,,,,
5:16,0.04257848007371554,-0.1434106370826126,0.09706068426121511,0.3739060939159596,0.19426081942410037,-0.11316094786265139,-0.1421026682462712,0.3758897618878255,0.3420930855831643,-0.013381363233660721,0.011418982884178693,-0.06974813178558634,0.25973845540510493,0.4941779710899986,0.5887750256608074,0.01634905463297879,-0.005310342071551168,0.35832069851610604,0.2633436950254466,0.24134010257217778,-0.06595725321065075,-0.17059077725864816,-0.04192703602823855,-0.06694579280136502,0.08278965282464076,-0.02965736394508578,-0.024408504915738552,0.08952214264263345,0.17681419280932945,0.23121451874742271,0.1251908644086949,-0.09659441195977848,0.09016406778751611,0.08084218662193103,0.14930629895839292,0.11505837183276041,0.27598682277059566,0.30856986869121056,0.3700220961724528,-0.11732290560259376,-0.07871560219487009,-0.1442912592835589,-0.12063464130043536,-0.15395718055598842,0.024715938701233092,0.18993177015082705,-0.005329147138290003,-0.052976840955233216,-0.06920086418520295,0.13063621203201192,0.2857129622505001,0.24266575528702072,0.14533718980807678,0.07172592434184548,0.4474800549710288,0.1982269858530897,0.35612738100410235,0.2531949915072288,0.004711896315152954,-0.12299463561073275,-0.06737945294103674,0.2631307483740119,0.22829294745293577,-0.018416576026959373,0.06654238285984351,0.0067162952531437566,0.3755399216714754,0.36770734042734526,0.3149671383224515,0.29344571703935707,0.05455251958695421,0.48465591751208337,0.3177510513273733,0.27635280819343166,0.29454521998890154,-0.176510805175414,-0.16433990029841228,0.41109331162078583,0.6114195999065686,-0.012238590098884611,-0.1281754996838705,-0.11429503623415485,0.35380599241727995,0.7210456325230831,,,,,,,,,,,,,,,,,,,,,,,,,,,,,,,,,,,,,,,,,,,,,,,,,,,,,,,,,,,,,,,,,,,,,,,,,,,,,,,,,,,,,,,,,,,,,,,,,,,,,,,,,,,,,,,,,,,,,,,,,,,,,,
5:17,0.4130338797576028,0.3074444123650536,-0.09869249452563542,0.041661728480718994,0.0657177912407375,0.33392320797351266,0.2467524203435146,0.03681922297480117,-0.09209472430525668,0.7375761996192087,0.7288187463515811,0.49281437578448084,-0.10140041991412742,-0.08760139993382171,-0.12311100603749948,0.8698435461028315,0.6768928454811346,-0.10289243315319961,0.4713921644563706,0.6209463720620455,0.24573205537220313,0.5391309189952365,0.2675165458765414,0.5610651992871254,0.08909975342351727,-0.14232490145018367,0.492345833393751,0.4662347560848116,0.09562597506833574,0.2970848580869115,0.03964865044534639,0.5217237592943383,0.5658362195917669,0.6770169977739142,0.10993040608630218,0.08668130092103854,0.3208011964961243,0.05320551325410845,0.028040376833890785,0.3757525805856524,0.499400280931484,0.5381049222952942,0.11676742120778351,-0.08766194117043534,0.440689559994813,0.47527978557006506,-0.050632987662575395,0.01372618204107835,-0.05338489157442003,0.4029214334824096,0.5701479302225,0.5580142382955695,0.23808132517240885,0.16000141739070486,0.2324380831639546,0.1136383004550738,0.06622629410465262,0.030497022739722594,0.15054422620962668,0.43736750787645906,0.1545241126517895,0.013559461838952165,-0.055417061504582595,0.5993286480881375,0.7581663643110953,0.45211354497462203,-0.03498157377807249,0.004114113075885008,-0.04404304158183907,0.749667649812384,0.693785694424076,-0.07938182048307883,0.3674050514102885,0.5091577073063378,0.18127447641421604,0.6215491668757823,0.3254979750245827,0.0672084898378693,0.0679274473902796,0.7699601797058305,0.723459712659722,0.5687546053077587,-0.09708474441592783,-0.018392829738745606,-0.021195528817299678,,,,,,,,,,,,,,,,,,,,,,,,,,,,,,,,,,,,,,,,,,,,,,,,,,,,,,,,,,,,,,,,,,,,,,,,,,,,,,,,,,,,,,,,,,,,,,,,,,,,,,,,,,,,,,,,,,,,,,,,,,,,,
5:18,0.41022866455625956,0.3517804047446001,0.08943140422041379,0.12707650669343684,0.16524523446818465,0.2767215393336006,0.2519626887435888,0.038157062072644424,0.058574124164176185,0.4489095355737214,0.46069874975031,0.45945242496126365,-0.05297316024596292,-0.08975224309260252,-0.03935868405389049,0.5007698068765041,0.8232624081943702,-0.09739596952911249,0.16063341109961712,0.25983661839346284,0.13309713799641723,0.5789246224596628,0.39464220457482385,0.5750943425626927,0.30060622551298943,-0.0673677500990354,0.38827580091080116,0.32763355930004023,0.1826632501143849,0.20145763504803912,0.09980201978389427,0.42301665477692707,0.35734726758927304,0.5212078756881996,2.574922172028123e-05,0.23505510712649544,0.08755752794114292,0.010320804608997662,-0.09653091597836766,0.4739189988429993,0.624681174489241,0.5757498785314799,0.09418800440268732,-0.17393501347876902,0.3835493843410177,0.42183258106335497,0.14763180860971695,0.048147122003897286,-0.1046936650921154,0.4792715038023789,0.4499018041560144,0.49936746354604683,0.037315612084843484,0.45640589618375726,0.09043318852673678,-0.001479381860745064,-0.0644328901901481,0.022968424526951206,0.22712984957205787,0.3860953858791243,0.12388538615762892,-0.041943324415485296,-0.01417589192389493,0.5212202260275678,0.5066121131156694,0.3205094125945998,0.060184588641437185,-0.09628188569201773,-0.150634351668394,0.36155444835662726,0.7110220329344369,-0.1724683540743977,-0.047096014284529,0.07541896511297402,0.37995731710260533,0.6089090606729244,0.29035688249985636,0.048681136642029194,0.13371759493370894,0.6246296286981392,0.6533892637578108,0.5432133185842852,-0.09043362138640991,-0.10241807405678012,-0.04053499464477713,0.6437776394699095,,,,,,,,,,,,,,,,,,,,,,,,,,,,,,,,,,,,,,,,,,,,,,,,,,,,,,,,,,,,,,,,,,,,,,,,,,,,,,,,,,,,,,,,,,,,,,,,,,,,,,,,,,,,,,,,,,,,,,,,,,,,
5:19,0.11052651637111378,-0.026143392031946544,0.15590783514929457,0.284939082735457,0.23844190659255043,-0.014168591869526322,-0.06457331784813146,0.5116520454687975,0.21225444234605137,0.0029768863116511357,0.04281709044459155,-0.03151538026953185,0.7338841637984753,0.7679242646155073,0.39187541704707446,0.15011598232922,0.025758759262527863,0.9145174241761638,0.6302549797454307,0.4280534273926573,-0.014705189397812157,-0.14148897232149563,0.02916570619048782,0.040804705165900686,0.11842076969251007,0.31502803630577936,-0.08743496533705213,0.16761956755447344,0.12056987641022868,0.3200472722422899,0.3724916580324271,-0.019719951493620626,0.209871556458699,0.2821746824771629,0.386315764802787,0.4189596776691855,0.6167799846584906,0.4351568576758182,0.5080519314752855,-0.07666704502527157,-0.0062870441268067685,-0.1325752821459255,-0.2685114473451175,-0.16025255607930394,-0.05198771904962307,0.2837770804271101,-0.07225503998949775,-0.04438987439455492,-0.0381205453102129,0.21090460185899432,0.300147372431188,0.14423166075305793,0.26010701048435336,0.26110213697632023,0.651036864660276,0.3424025927687226,0.4351816557377191,0.3262266370122508,0.1320876379941636,-0.21501421283787456,-0.2826562334204753,0.20808213305651446,0.3954106241904367,-0.07746987774169173,-0.013088309138459405,-0.19354719149629154,0.6242373460659741,0.42513842086832854,0.586964827959121,0.22216581896289392,-0.06975431883694223,0.8393922157717824,0.4923528840767838,0.4528280566903312,0.30255688511624546,-0.09947971269503544,-0.1588674889379497,0.40737617574625506,0.39418775086173635,-0.07477164968446091,-0.17760561351274318,-0.16350106527041178,0.7555656439380761,0.8087533877974986,0.5710859571028559,-0.07968192224180319,-0.06580552921602556,,,,,,,,,,,,,,,,,,,,,,,,,,,,,,,,,,,,,,,,,,,,,,,,,,,,,,,,,,,,,,,,,,,,,,,,,,,,,,,,,,,,,,,,,,,,,,,,,,,,,,,,,,,,,,,,,,,,,,,,,,,
5:20,0.4289072023199288,0.0834963842038192,0.1676295290295231,0.16397044469264677,0.00792067677206104,0.07563345063787827,0.15391075205958427,0.17085622300773554,-0.008118733772078056,0.42989448973419914,0.3843837734248848,0.2128460809707836,0.3166378538168877,0.31971104236430403,0.026309180516600795,0.5451908801426877,0.20343212537279184,0.4294721339001811,0.871466532850741,0.554028476400816,0.12131475582921827,0.3094718251411677,0.15178505503037557,0.3300333207139397,0.24414584424710686,0.02395137780461298,0.2199696436281267,0.3014619066565855,0.3253451380213819,0.39753338721538733,0.30366564504084287,0.4504586799725418,0.3980282280248148,0.40581607683146115,0.352473430586302,0.33215915741671426,0.4884512379380191,0.5184040389008976,0.41672729800975755,0.08757453750488409,0.28033880821239215,0.21002315683259337,0.1847863538993096,0.08240734632046387,0.13641325986545527,0.3271329926685854,0.05004569200641227,0.16752871285260412,0.2170069256835667,0.34911583467228213,0.42452974367226387,0.34609301922464974,0.3721927751729758,0.22381275126835187,0.386983296647557,0.4704772642425925,0.36697344127226,0.2819161170823793,0.16897009949105174,0.245659222057195,0.03684411774271996,-0.008851744134836267,0.3724502290482177,0.46916411867295366,0.36892917681970155,0.24064681716875475,0.4111981901851497,0.38478864418447356,0.3329366079938423,0.5627686764836454,0.24169052925631693,0.48069951253469795,0.7798505309536943,0.5957000085005727,0.03011368552123692,0.3831703451043565,0.21432631384852305,0.2215017833816659,0.24229436113321393,0.44926670776001154,0.23825800142519107,0.29901429377536765,0.28822541430159226,0.41485925563533954,0.2979479806880987,0.5259567376514236,0.23201207349465958,0.477647564916377,,,,,,,,,,,,,,,,,,,,,,,,,,,,,,,,,,,,,,,,,,,,,,,,,,,,,,,,,,,,,,,,,,,,,,,,,,,,,,,,,,,,,,,,,,,,,,,,,,,,,,,,,,,,,,,,,,,,,,,,,,
5:21,0.4375953590410763,0.08666321136317326,-0.06119557769228794,0.12596557066757894,-0.05944574544831831,0.0837122666201533,0.11758713617259747,0.022003431321305045,-0.008942362542883369,0.5633938927101582,0.42694262836206276,0.20249929279160786,-0.015570425478297751,0.09738327805927662,-0.02607136348047055,0.5717644024178674,0.36567099027470523,0.21185744625183137,0.615320475071247,0.6793580357002174,0.1595280141732196,0.3407550121797306,0.20490559629901714,0.3545420458066528,0.23688359605756107,-0.09444089741884706,0.28398398142268416,0.28900357674217075,0.33811654081957204,0.23946973349298606,0.16366966132846866,0.3893928097408194,0.42258353323236564,0.5227958701765149,0.2329997925331018,0.23274202756491683,0.4785547597808139,0.42945058698113114,0.4358032730497377,0.08033208287056524,0.2765546400004397,0.2731030378658628,0.056889090397628475,-0.050551436781094305,0.1884908102161222,0.18804990277702535,0.2270657331057365,0.06788601823984992,0.002752478392230256,0.22432639198430204,0.3422163226570125,0.4075750445906591,0.2900442483536704,0.18863961841355956,0.3323941258385278,0.36359300773287845,0.4402993792966189,0.06480027942549943,0.038344246568606515,0.17503542160439983,-0.06894562522793661,-0.036814838619896255,0.2515804413894389,0.4826955250589501,0.44486901122581146,0.14001888615448096,0.18074861321027774,0.2400920733549098,0.08215519515798876,0.5594053528492982,0.4052391696458411,0.24600552671719134,0.49821644061855724,0.5738327452626988,0.10121354681756761,0.38999236776952173,0.14155252589741715,0.10706499646380006,0.199707202175446,0.5543637942801344,0.39340612886953896,0.3433050358814623,0.0011218288260537955,0.2765629636776105,0.25371607503934795,0.6745697152576888,0.45955517940624263,0.2941991224011254,0.7962949981372104,,,,,,,,,,,,,,,,,,,,,,,,,,,,,,,,,,,,,,,,,,,,,,,,,,,,,,,,,,,,,,,,,,,,,,,,,,,,,,,,,,,,,,,,,,,,,,,,,,,,,,,,,,,,,,,,,,,,,,,,,
6:07,0.229675257004003,0.32555086107217507,-0.031716619178729887,-0.0745314689823868,-0.07671983502501437,0.3924630479142123,0.48312267352301436,-0.06905705272562565,-0.14881988379922928,0.5846524904995012,0.5471350152779393,0.5946269642849688,-0.18526752576628536,-0.3126198390225011,-0.2894969266455848,0.5396609488803332,0.3794422134367808,-0.25165539915525237,0.18438569935364607,0.2898629367306186,0.3853090538279478,0.6235318237407026,0.3275589255356918,0.5213559538927297,0.08029875280568254,-0.05912316090305933,0.506685176441014,0.3818662611191739,-0.044102320950400814,0.0676421438309488,-0.08286787863661411,0.5346610563101861,0.36733358795355625,0.4890997678027209,-0.135880180361222,-0.059099441043039325,0.15793171216124582,-0.25114118000122543,-0.1881599437190888,0.4411748527342334,0.5222990377458424,0.6244141843335279,0.5417986241672692,0.3370925855791364,0.5320756809134338,0.37262801917177174,0.01872954667487234,0.06598612956540124,0.27193534234228994,0.35045034660524593,0.23477902402594159,0.3918037366306725,0.04728297228682121,0.13203515159577467,0.1081846121092192,-0.23735207509740297,-0.2864503636401252,-0.18643975269800916,-0.07092245142428058,0.7425777812314796,0.4294133427900209,-0.054287720849029504,-0.2796962431918821,0.6683109174908262,0.7594048676419284,0.6318822542059594,-0.22022578219660516,-0.31899605780041435,-0.3120628600248393,0.4901036313550643,0.3912271367138426,-0.35724146026127096,0.2664828004096693,0.3306007918782078,-0.005472202484808422,0.8350410766890738,0.6439896026058269,0.03645671880119219,-0.14829160737662064,0.7973950283659165,0.8169309966152146,0.7765986909285025,-0.2006980721138766,-0.25881418025724784,-0.24639930669323046,0.6622674040490224,0.49794488034562706,-0.27505441212268245,0.2819525688804544,0.3596192715507809,,,,,,,,,,,,,,,,,,,,,,,,,,,,,,,,,,,,,,,,,,,,,,,,,,,,,,,,,,,,,,,,,,,,,,,,,,,,,,,,,,,,,,,,,,,,,,,,,,,,,,,,,,,,,,,,,,,,,,,,
6:08,0.2293520277061543,0.5072357194213012,0.16903266279220772,0.05150589528055776,0.03637769097612883,0.42991346759626514,0.8560317958930841,-0.014466563845883832,0.0895025478757198,0.31415237988681183,0.3474251278769673,0.7479215590155553,-0.15801316278447047,-0.27854876321373473,-0.21286376328792223,0.2725142749460468,0.2375785342177922,-0.29504401300850547,0.11746128898498068,0.08251979281273925,0.2922558532803382,0.6156985179036443,0.5232743583708881,0.4757534323119107,0.3092841616266225,0.11312651992849522,0.4138529653121398,0.296200926471066,-0.10117514008023548,-0.07330693170135388,-0.09828883238490421,0.40472590113320567,0.21221031608480653,0.182579919280515,-0.2098204197700082,-0.16839593804610328,-0.10968288675817245,-0.2624379909088197,-0.26197662532191773,0.431896946114701,0.5062610052340786,0.560098082012255,0.7134452233250241,0.6413365406824081,0.44911644609488144,0.2847421811006888,-0.05044213486397935,0.009738283129239125,0.594594685797805,0.28574336441055287,0.12636374819531834,0.20942473467036696,-0.08557444895319975,-0.0020818321117603454,-0.09944320232824279,-0.21503045422393624,-0.3128899664264923,-0.2284369534114664,-0.14138881138541157,0.6052510913966233,0.6030567024463083,0.009057253183201181,-0.3086590242098676,0.34715177116780177,0.3958123675181752,0.6935429614493531,-0.15577834951066946,-0.35765952830742553,-0.35506374795631496,0.2023244650429346,0.17730958757548454,-0.3271762742227055,0.23402149131572741,0.226153968702196,0.00012390575373003357,0.7164384438514428,0.863820763495419,0.06188003849553202,-0.15593441103869443,0.4315049294909977,0.41630007432954924,0.7906216629774897,-0.19634832516803344,-0.2900903511778043,-0.20955144503549275,0.2850948077918421,0.26646946385193665,-0.2631797974279361,0.18058715120837243,0.11234052806341073,0.7009622994715806,,,,,,,,,,,,,,,,,,,,,,,,,,,,,,,,,,,,,,,,,,,,,,,,,,,,,,,,,,,,,,,,,,,,,,,,,,,,,,,,,,,,,,,,,,,,,,,,,,,,,,,,,,,,,,,,,,,,,,,
6:09,0.08843123117335634,0.06479853499105169,0.44082059598122353,0.19837342743503708,-0.03172243437166793,0.061589720505205156,-0.05119919960443102,0.4304331363172709,0.015525069217800072,0.08320996215928829,0.05721741001192355,0.01368651415723611,0.6853572996517258,0.5316526404106752,0.17035983972943552,0.26994958056396057,-0.02244239446706501,0.4602574286961179,0.290485151244379,0.22597179968443346,0.2655789661755907,0.020103756449723634,-0.049385706666675945,0.02553468300718163,-0.06842362260945185,0.4073470259774902,0.20109750864992074,0.12574769446735728,0.05309309178143825,0.04067814482669306,0.34503250746370573,0.10044155335835833,0.2446681264046074,0.32017695788759126,0.3749812351542449,0.32261356976012456,0.3492570697234287,0.06183273144194366,0.2611352707342978,-0.06575115905419333,-0.012091832448399844,0.04987476495795494,0.031185047154842514,0.09606995656467024,0.2247188652696906,0.16605316845073265,0.061489097568909815,-0.06502564392473782,0.11719829771334582,0.1997404065625257,0.18619020955438087,0.18749934713388305,0.35074095993344,0.2535521572081684,0.2845503959438505,-0.008122863347473959,0.12386253965786963,0.6351408612776924,0.4763125393710734,-0.039572778807517486,-0.060869776353488475,0.20000019725632098,0.29275149079637713,0.10354232574857973,0.036626129634517744,0.04411462150393657,0.402105346254662,0.45326837542619236,0.6893965119368787,0.17755496302598484,-0.03194580819171225,0.5070333093409661,0.15910796753689224,0.23277438145342386,-0.05247139787804065,-0.0876314749680008,-0.04642143742494522,0.7220725320941369,0.0713083378359744,0.05489483860899394,0.08971264955767037,0.07743988122138384,0.7571178588896496,0.5179426480266539,0.20079530390221836,0.1488739267505638,0.08050635781837548,0.43925874632611167,0.2338395704401573,0.11640165366596462,0.0794874257098977,-0.0635185308195819,,,,,,,,,,,,,,,,,,,,,,,,,,,,,,,,,,,,,,,,,,,,,,,,,,,,,,,,,,,,,,,,,,,,,,,,,,,,,,,,,,,,,,,,,,,,,,,,,,,,,,,,,,,,,,,,,,,,,,
6:10,0.18846544827034112,0.05951126707081852,0.383649777983298,0.48919690831867535,0.40759686679748847,0.13066560320903,0.1622869537773109,0.40882581363918485,0.6234874642028088,0.18266030472978084,0.36047970650375316,0.321335032794306,0.11190796272127039,0.24615067064654783,0.2923188007567374,0.14486350983298169,0.3323678060624004,0.08505047145515268,0.08790351652538277,0.07388358091657465,0.3559004050879062,0.22857894922412017,0.49250047900813804,0.15740070361944578,0.6654512970880989,0.2313986580083351,0.2223752165768949,0.49041667852835613,0.33696564605035556,0.3057485216677698,0.22043443786712974,0.2036445415491557,0.2937487290801472,0.38846334939421084,0.11245287711262171,0.136976869509434,0.208464342129357,0.1481848393984067,0.07274251376516545,-0.12284491815852121,0.19199788093146736,0.015376589435990023,0.1548645374446527,-0.09607002901174963,0.1329369571144243,0.1368380893072794,0.23480632491276507,-0.03083009048943799,-0.00852164367146376,0.09187366534935645,0.057107616423568694,0.0916604743777301,0.15222629241788055,0.27220411710456865,0.2900444031256423,0.043744975084943044,0.04565053989433926,0.032282769258957886,0.198964146481305,0.07972100015185796,-0.2157986171906976,0.28204982783040133,0.22179340408330658,0.35119047264010417,0.22926800317568258,0.023712338844996055,0.34506763890961467,-0.004923790111327338,-0.10803165042214136,0.029044377765723436,0.15425308048796957,0.024944300853494403,-0.0849372543774813,0.0023297954148188606,0.6436757638925249,0.22903059560147335,0.04689145793688246,0.4309427501197449,0.5591135425385706,0.24018860973680245,0.4048812526588465,0.3128716750291596,0.052784017026332355,0.13849745116843326,0.2808907423415493,0.22469292829645185,0.47420501824751815,0.19403282354519957,0.10055078509094643,0.27888165997640013,0.11518280475953208,0.11231132816117763,0.1447354317024178,,,,,,,,,,,,,,,,,,,,,,,,,,,,,,,,,,,,,,,,,,,,,,,,,,,,,,,,,,,,,,,,,,,,,,,,,,,,,,,,,,,,,,,,,,,,,,,,,,,,,,,,,,,,,,,,,,,,,
6:11,0.29306184423321724,0.29454825876422813,-0.07927619819177056,-0.041581481179831695,-0.027507796951426286,0.3147017809946572,0.2735112878379005,-0.034125587327337115,-0.15195792077393222,0.685461902506735,0.558352852844545,0.437858587866621,-0.15604533485465494,-0.22257042796726142,-0.1537205920838665,0.5861284731357096,0.4033566939790397,-0.18998769468674212,0.25647511249684585,0.3908935736756699,0.24981375532775485,0.5897737382438893,0.2596731455001495,0.5788432142818204,0.043194067198021976,-0.09377434277667773,0.5124935239294601,0.3626893453291904,0.053006605505682244,0.2529692141944552,0.0008256940975753539,0.5159792942575475,0.39266784300065594,0.5396515090877257,-0.010990794315212249,0.047759355997296464,0.15381425983597427,-0.11310384009206184,-0.021581441582917454,0.5076336600253382,0.5253715449948028,0.6150932614602839,0.24260053534501835,0.02394282042642271,0.49600138639285624,0.4042358397386594,0.14843694029492505,0.20928202906934376,-0.008608886695750826,0.40979088682098497,0.3356072392239503,0.507249261223032,0.1005498529760919,0.12206972296491382,0.05484025319265828,-0.1417697254197221,-0.08910245456527023,0.14172753082427153,0.24797686406645209,0.649127505689002,0.3919725824760557,-0.038308991873712374,-0.02212694428575066,0.611512715356003,0.7325731035775046,0.5034835858704275,-0.12489379201824084,0.03698011319370056,-0.03096603869201471,0.4831052132125507,0.40607411104268687,-0.17500500326295565,0.16447077868283608,0.2195734693839719,0.002446000127274474,0.7078805923294927,0.40167740498734317,0.05010293735363637,-0.07582907230383416,0.8930123588852796,0.741602846505124,0.5270234093133991,-0.11691691199488188,-0.16457723570652139,-0.1553338926642378,0.740955040088136,0.5425573451119694,-0.21189763370715384,0.3673310409334917,0.45488936709882416,0.8015352639188884,0.3786318277950681,0.17399246233589205,0.005646533580673644,,,,,,,,,,,,,,,,,,,,,,,,,,,,,,,,,,,,,,,,,,,,,,,,,,,,,,,,,,,,,,,,,,,,,,,,,,,,,,,,,,,,,,,,,,,,,,,,,,,,,,,,,,,,,,,,,,,,
6:12,0.34583978450457237,0.3078790160907884,-0.15509483064682608,-0.04331263483090748,-0.08293437202559048,0.3464505671204411,0.2873589974780383,-0.10748425866594348,-0.1360137830961796,0.654822491941755,0.6030557133406669,0.4231866399288976,-0.186743368133638,-0.23687690101066738,-0.25383724485292825,0.5889746305822686,0.43868312678748606,-0.22953044234019726,0.20196736100283405,0.34861828033034536,0.24243787344476522,0.5716527535245951,0.25423880946082056,0.5491930092459153,0.07899070905997321,-0.08089415171845202,0.49973930408404277,0.37859792287296373,0.10419323065874511,0.2698356399242098,0.025673741771152215,0.4456724746733052,0.3820550561952898,0.564314059541669,0.00732038877604017,0.0769263806093158,0.19787889089120062,-0.07616293176727733,-0.030579384294428177,0.4811126019955575,0.47767469619250635,0.5902223498094475,0.3109496040215266,0.07325288551277837,0.4895892728162351,0.4016440112832596,0.07879620797370501,0.3453141901838539,0.031740161460385205,0.38839270481846555,0.33310443861622874,0.4845335800490993,0.15640065956190605,0.20634863632587636,0.1256700873442797,-0.06174515875205685,-0.07052071143462336,-0.20101959045648982,-0.0975768607013613,0.6335241791746012,0.3285043959533242,-0.09753049882873166,-0.29686735629135946,0.6210640031681478,0.8358393020904742,0.45581208276267443,-0.23999466542633002,-0.2752504739314646,-0.27565360999250316,0.568550830469745,0.501370162208244,-0.29858152323119597,0.24034388108281501,0.32200804420887724,-0.0019808240950740684,0.746855420082308,0.434888010267519,-0.0627120424348317,-0.1347637591940296,0.8978809213925484,0.8429039596698163,0.5655663027760425,-0.18251996838573173,-0.20179227906571698,-0.16384975966279047,0.7260644024032036,0.5538867859379638,-0.21605707190814266,0.32073329175089543,0.43734543190208003,0.8659485048710334,0.43604876861291186,0.024469473188460367,0.05090010038852467,0.8855428476304659,,,,,,,,,,,,,,,,,,,,,,,,,,,,,,,,,,,,,,,,,,,,,,,,,,,,,,,,,,,,,,,,,,,,,,,,,,,,,,,,,,,,,,,,,,,,,,,,,,,,,,,,,,,,,,,,,,,
6:13,0.3228199743855946,0.34777790632801076,-0.058192580328475366,-0.047492135589590034,-0.08668194932668077,0.27507924576031045,0.5820660739403795,-0.01644004570163439,-0.11113454780940644,0.37701881855611463,0.43566543370318045,0.723450710139699,-0.17381311818873676,-0.2717682412584565,-0.28489888407076014,0.44088104129587574,0.3210313889294078,-0.3141994528594499,0.07067316832330288,0.20231189649464998,0.45764644360070433,0.5905209722740784,0.30790492113326556,0.5494356292769996,0.02739608137497757,-0.07668643376292124,0.5961670553470959,0.410162200512429,-0.040678387194987606,-0.046806864423681704,-0.056744573536232926,0.49693459221176994,0.4043944675744942,0.45542523652652067,-0.07375963253317322,-0.09301324265411003,0.08316879070025897,-0.17045671681361363,-0.19629356389572802,0.43912552202842114,0.5376573518121708,0.6762544053058734,0.6797175730526183,0.5712264092246959,0.6546431512451211,0.4087542560281288,-0.06773067866494012,-0.05543143559014684,0.5262632626271054,0.4117701994585224,0.2760154851632272,0.41292909169877257,0.18199442592907683,0.16296989886987123,0.073924367297266,-0.09555859575502554,-0.2089866382375294,-0.2247733744322055,-0.11515215905639181,0.6376973086326481,0.586552918353674,-0.005457791126596522,-0.2986928847793528,0.42366176433179165,0.6169012159840441,0.80007125138404,-0.2693858091115001,-0.3287864212413107,-0.30879357090764264,0.38554514976481347,0.4092979741322823,-0.3617022986728781,0.24514543008767178,0.35414046164498075,-0.010990624151144875,0.7015596692304263,0.7616230312987199,0.08641871605065447,-0.10806655672683574,0.555245837836248,0.6723760130656864,0.9306148532756903,-0.20484564480528658,-0.2455908344973618,-0.2155694281008838,0.5606356181014773,0.45661162753714357,-0.2958698092899613,0.18660255903958511,0.268811173972736,0.8464479828097766,0.8064451612705977,0.11356698641081268,0.14323374386570853,0.565111388960564,0.6285607303051896,,,,,,,,,,,,,,,,,,,,,,,,,,,,,,,,,,,,,,,,,,,,,,,,,,,,,,,,,,,,,,,,,,,,,,,,,,,,,,,,,,,,,,,,,,,,,,,,,,,,,,,,,,,,,,,,,,
6:14,0.03345064221830461,-0.08978240525998421,0.4201447491283036,-3.1106932502752814e-05,-0.08326839159952898,-0.10257220446542514,-0.15932829987756406,0.31024959480739606,-0.09549402674043932,-0.07038866268947819,-0.1463007039987279,-0.178618532222701,0.9191389685380595,0.6243551281001838,0.13736000930507977,0.16903889181952794,-0.020526221808420366,0.7301252177476999,0.42713867881629475,0.19578052215255792,-0.0836780088502562,-0.10759585268401571,-0.07903419968200201,-0.042583583347373076,-0.05235517322357727,0.5065010757458444,-0.15055832810140393,-0.03491844136594288,0.04024911906051459,0.09168123767785011,0.4582872210004583,-0.005504793204713155,0.1035345412943939,0.2161893752453776,0.4374781423710871,0.49257027809245774,0.4027967671247682,0.16916565593537422,0.3764232542311927,-0.1343040824121511,-0.07936894237503526,-0.10684660298811757,-0.21095025419524846,-0.022034133474051684,-0.10351406736329688,0.18827650650509126,0.01154263099178841,-0.07975580292299564,0.06373511864105885,0.22468605549657786,0.27125549742980726,0.1423757799973488,0.1640679308882252,0.20837821046270807,0.3704045334203331,0.10209072662093148,0.2247158724339848,0.5189887901658397,0.34837551561690133,-0.1884257385348421,-0.26172328094395764,-0.05815616517944052,0.2708130863497117,-0.0264023476672109,-0.15696402074244223,-0.22172340335897514,0.4326372690282858,0.3518717343265305,0.7271381488407718,0.15524345063723632,-0.09978929567523652,0.6581690480416945,0.29209844805314894,0.29450417306738497,-0.044241548303156,-0.129620387600493,-0.18357715952284087,0.43227343870880774,0.010948575551340973,-0.11915179768471547,-0.15753396337484482,-0.1382621825409812,0.959441229497559,0.6028556104892249,0.23165873566757342,-0.057789358552461395,-0.024255949165371146,0.7023374245927414,0.3023178539119784,0.059283029683702186,-0.13794108459510382,-0.21277630591012142,0.8006434751404297,0.02467031317646712,-0.07301180312790409,-0.13132148339263,-0.15764731987522448,,,,,,,,,,,,,,,,,,,,,,,,,,,,,,,,,,,,,,,,,,,,,,,,,,,,,,,,,,,,,,,,,,,,,,,,,,,,,,,,,,,,,,,,,,,,,,,,,,,,,,,,,,,,,,,,,
6:15,0.07742652470903394,-0.11068747471316258,0.22428507961056765,0.1629662634812995,0.06953713596574555,-0.08542105271462486,-0.16975322681600985,0.4571326154133179,0.03915365163164792,-0.04767573739294932,-0.039521365976293236,-0.13705494212311928,0.8377669336828436,0.8021913599312916,0.3891766587972812,0.1732729600530006,-0.013450802353224508,0.8362773181073178,0.4677020319664581,0.33598215275855453,-0.03694730517983185,-0.22149019187733193,-0.13725802175653876,-0.045464631352146526,-0.06500092743022624,0.3644742880738678,-0.12007193439410446,0.05616808733283175,0.0930924089583448,0.23113219323170575,0.42131109727761945,-0.09349859324754758,0.1713357589278328,0.2570214164439429,0.43103272513761504,0.4363815799385392,0.5582195026495834,0.31673982637005055,0.44598491400680745,-0.15268170035442954,-0.10568919482074282,-0.1473238287944159,-0.2074906475192477,-0.06137857789120969,-0.03947961506856971,0.24635275535988851,-0.07118863409927324,-0.03376714550699517,0.030204781063544472,0.2204419205594956,0.3569648078693293,0.20023367320689917,0.27617904223432316,0.2501400694744711,0.6086053270716406,0.2535416368090661,0.3589624511421717,0.34572580976531225,0.1247995711046036,-0.20589193476420894,-0.2533804358999642,0.10870455260672554,0.30332978367655833,-0.08413828960364986,0.004396164065967539,-0.16462192258892822,0.5285221761748365,0.3991000532941785,0.6677259541007023,0.30876439130297445,-0.013244941255443128,0.7533605332269623,0.45335152274459717,0.48409191615834263,0.1493218823100021,-0.17383781803252984,-0.18373434973113342,0.45238526186534894,0.25137536224082774,-0.11957318725340693,-0.1380808884524416,-0.14734925605038662,0.8703710266259904,0.8211143540515585,0.5356885137454328,-0.05386673992138709,-0.07549690892292074,0.8767485020821311,0.34792634256464794,0.16719302131457017,-0.2070124247207019,-0.2755585780838502,0.6459649890968424,0.12290052414122737,-0.17953116142900538,-0.14873147880948676,-0.19166566353723932,0.8568167120709795,,,,,,,,,,,,,,,,,,,,,,,,,,,,,,,,,,,,,,,,,,,,,,,,,,,,,,,,,,,,,,,,,,,,,,,,,,,,,,,,,,,,,,,,,,,,,,,,,,,,,,,,,,,,,,,,
6:16,-0.0060519724691520905,-0.2622493409926441,0.020135643541632105,0.043341288964182,-0.08809774841748616,-0.2118871625880398,-0.3107010984380004,0.01655631540419082,-0.054865261597935255,-0.07972857716640033,-0.21977069073104832,-0.27877697185976386,0.11713224349684868,0.24583879565938724,0.4359933384317649,-0.021324694972722543,-0.00454876351271431,0.24725382810595536,0.031208101354767308,0.2857148992065932,-0.23046316108253356,-0.22433008937177543,-0.2578291607660159,-0.14973367788639036,-0.1226958490568261,-0.1341829553878306,-0.15066220493697802,-0.2026411247357073,0.1967588795130301,-0.05963421594749043,0.07004141993109538,-0.29941247944096927,-0.1722061829998075,0.06398068952599469,0.11933807513290287,0.11792833347307738,0.19233738588505186,0.3238387603418005,0.415669012764083,-0.20882888920802084,-0.18501825200407723,-0.14710862044530001,-0.18600574458152386,-0.1350830133941692,-0.10497396305838687,0.009615081222754718,0.2233883706426746,-0.14423504792192823,-0.127841043141615,-0.05252889624997542,0.14551924285246226,0.2905908502623444,0.02962249802539544,-0.019634302712448846,0.32513830327937143,0.1457505331924463,0.37494846657009556,0.04682299489377173,-0.08068586032796414,-0.03481103557292532,-0.12250401371022093,-0.05447376885778959,0.20652909876079528,-0.013330498529822139,0.049075500434285484,-0.0762703344727785,0.10761976616140884,0.23518235453124026,0.20751520416205446,0.2886052746424951,0.18851321697350723,0.33025274695179824,0.17301340309433955,0.34266178552315607,0.09173763491411487,-0.16174414519180363,-0.20344855150281638,0.09682365672629184,0.23733138451489946,-0.06206509417202676,-0.041163469014878176,-0.06577446303386537,0.16469192253568046,0.40297105748202755,0.6592840069124429,0.02946414308642803,0.11478965527147474,0.3570276139357004,0.09421244751328622,0.308243970727858,-0.10240469119381343,-0.24707930515354934,0.16470564701715196,0.2624153772564845,-0.09308523752049719,-0.03804825551205065,-0.05680438589650424,0.2177378705097714,0.48084804325168307,,,,,,,,,,,,,,,,,,,,,,,,,,,,,,,,,,,,,,,,,,,,,,,,,,,,,,,,,,,,,,,,,,,,,,,,,,,,,,,,,,,,,,,,,,,,,,,,,,,,,,,,,,,,,,,
6:17,0.3297063113745624,0.23367644986179445,-0.10092888969963568,-0.09603571003394028,-0.1216764195913336,0.21993414573770534,0.13094465366517843,-0.17518544918879997,-0.18730667543556287,0.5497562130742011,0.5322689587470738,0.3403747079982655,-0.15005956233477463,-0.1844220318777536,-0.20584719711114136,0.7713273050817337,0.5354413759530804,-0.16356285498531278,0.39157060083472306,0.5102014311116229,0.1026350049551777,0.4511854794648114,0.15852820197384412,0.4392243923114671,-0.05530937932580556,-0.19193138998682704,0.3860787416054471,0.2988704431241438,0.019687676798276744,0.1172063323796949,-0.019443954986685413,0.40369498040063484,0.4524696940072378,0.5263832960618617,0.11394987873043808,0.052045566550744146,0.2928197455187279,0.09406393774117093,0.014771235614590416,0.38507823438095107,0.36904923996287936,0.5001500412877313,0.04195990849697472,-0.116616979399815,0.37148321563210795,0.4433105915789339,-0.20058584355321593,-0.06320902677902997,-0.07447731061582936,0.37688271894917524,0.5528544329318431,0.5478370698072207,0.20158829764864092,0.03765879636733725,0.2418908681197005,0.12871554716973985,0.025587025461656778,0.11672356607706809,0.1983732339308248,0.4246120041545282,0.2538235473356504,-0.1365330617592577,-0.02643725035010475,0.4138856655983124,0.6235468434371848,0.46868651119245064,-0.19644542164771103,0.10946381382517986,0.05142338612901888,0.6899996197537408,0.5895097707070887,-0.04653408629922462,0.30357977223375465,0.41767260095264974,-0.023175318743670327,0.4707081490561946,0.196429995828246,-0.07444612946586507,-0.12036016492676331,0.6281414855561517,0.5541559132104797,0.44690648232333385,-0.09818797815638225,-0.08788877201495106,-0.007688547203804204,0.9220070777643232,0.537971308026887,-0.14650774658908736,0.4737399765589159,0.5785742971945087,0.600338872435175,0.22654990420413165,0.1651855734160856,0.020933300926978197,0.7435573469635761,0.6778537027028168,0.5214928859736073,-0.04544994100163784,-0.08012037968480935,0.07927717526476401,,,,,,,,,,,,,,,,,,,,,,,,,,,,,,,,,,,,,,,,,,,,,,,,,,,,,,,,,,,,,,,,,,,,,,,,,,,,,,,,,,,,,,,,,,,,,,,,,,,,,,,,,,,,,,
6:18,0.29514327008082103,0.32590112564907153,-0.06557687056313784,-0.08203793556318469,-0.09449346468065598,0.2133501308504157,0.16815920547335994,-0.21030061401705066,-0.15489272590092515,0.3113511497157581,0.31567705214617015,0.3513896587694889,-0.16921340403827284,-0.24853331459011488,-0.21951635042633752,0.48458903013029225,0.6725865801972672,-0.26759095567457114,0.02876230585580323,0.19936853237854432,0.06459501859924344,0.4708319449805686,0.19994383648206843,0.46923625209633374,-0.03262981430841526,-0.17995343100051608,0.3466303560711698,0.15816736081300659,-0.03171873842478332,-0.06793676821737399,-0.059300322225504076,0.3055403970288017,0.2749417735625889,0.3719042922015449,-0.06063648424137925,0.12072793315150854,0.038259065825882496,-0.10109654702401756,-0.1977781857533761,0.5136881227341914,0.4773035559442616,0.6218046375420082,0.07172143706291437,-0.10696858484334941,0.3913422063078022,0.389157182766635,-0.12412757628569732,-0.04712104547616033,-0.08362653949075229,0.4064598745227765,0.41429919926603065,0.49270469645145487,-0.004224433314444992,0.3129679338553269,0.038473144283487706,-0.1231566216532331,-0.20247259714447208,0.11339325634543662,0.2634585068310973,0.36386351102150183,0.28574839386502354,-0.16437945284822048,-0.054537460428222904,0.27238083826267045,0.4488616804667611,0.44294807780544504,-0.234757497252868,0.03437696396331808,-0.02079640665263655,0.3676736524386868,0.6252839728830667,-0.21057268585503933,-0.10701437612265284,0.04354796613163897,0.05744296642559305,0.4455340404151168,0.2203712957363253,-0.10796330646666359,-0.17490609004746127,0.5056617631396656,0.5145685600786228,0.4494657063589887,-0.11993819088787697,-0.19694425013050645,-0.12694588662304293,0.6404806216571305,0.8213666794410248,-0.25107440881765214,0.13395701010182137,0.32657435387153017,0.5413715823736742,0.2586943030291635,0.16659343038269406,0.07123673836418858,0.6523571452293361,0.5887311607707181,0.5196980067560336,-0.039652170326336146,-0.14622370079727162,0.07271838023356207,0.7225986310538508,,,,,,,,,,,,,,,,,,,,,,,,,,,,,,,,,,,,,,,,,,,,,,,,,,,,,,,,,,,,,,,,,,,,,,,,,,,,,,,,,,,,,,,,,,,,,,,,,,,,,,,,,,,,,
6:19,0.09285680494067733,-0.07178445132926344,0.1266479053617441,0.09416506533527477,-0.11908870505412042,-0.08258805099299286,-0.15164099948816412,0.2221896901703897,0.0028953746850335885,-0.013925708952154232,-0.14084729611789315,-0.23006160403644138,0.6362309300538038,0.6209710177359072,0.22959052398155552,0.13314971525527888,-0.08169674987239697,0.8213713944464373,0.5231307695811684,0.43942551746673403,-0.1415131083337722,-0.15894263617283372,-0.0887324137034413,-0.07547394864588117,-0.03938542355158606,0.2799883120700072,-0.1744495609745968,-0.07507518515464917,0.10587773380201979,0.03740473765278087,0.31816073757103946,-0.19357660445691183,0.03823276719073663,0.19632547043712337,0.38148444569481527,0.39476947395561146,0.559949775925085,0.42733473185111104,0.5690955640245128,-0.10395080160480513,-0.1406062475251587,-0.13788431656850172,-0.3191218677933012,-0.12205294727851652,-0.09667394487072055,0.11952917252177304,0.0018247552329769814,-0.09768167275527616,-0.06121294931523014,0.11883934091180838,0.24189699676758794,0.18709435625405899,0.20489630318118116,0.1423206281515198,0.5890404557521229,0.31833980336712303,0.472498085768432,0.2250535423435596,-0.027219599041901285,-0.21072171458233874,-0.29787296682925873,-0.056120429312579025,0.2908819460192523,-0.09997706585473264,-0.08635142620805324,-0.29018254660045795,0.39557062154227457,0.36977463649862785,0.5444917951935915,0.2566984908462597,-0.08145980488093225,0.7659742413721685,0.4561322882316712,0.5019562744709706,-0.03304257514704379,-0.1729872785276171,-0.2384557256701992,0.2764086881339909,0.09201690938180217,-0.1055359413620429,-0.22694503147105458,-0.21583847444634605,0.7060195295214077,0.7507708961313181,0.48442357679636916,-0.08031782220724387,-0.09855280292152173,0.8919700212976813,0.42642732951310947,0.36270805413647006,-0.20114359059308798,-0.27352191625777267,0.497609120590776,0.026484167173959666,-0.15176718805532316,-0.12888580053530307,-0.23107802190292254,0.7350697529371628,0.8735474712098757,0.5136510719745084,-0.07460418254688161,-0.16445680588327777,,,,,,,,,,,,,,,,,,,,,,,,,,,,,,,,,,,,,,,,,,,,,,,,,,,,,,,,,,,,,,,,,,,,,,,,,,,,,,,,,,,,,,,,,,,,,,,,,,,,,,,,,,,,
6:20,0.3105443931102353,0.029168451029224076,0.22280400118373042,-0.031727820228786036,-0.28734443807121723,-0.01490696817574391,0.09249273601805273,-0.10112543546567147,-0.13033892819108348,0.3423933107636367,0.18713566259998257,0.05523810603026301,0.18411168482277046,0.1104931583583201,-0.0871594364005885,0.45478080875759247,0.06241868382311391,0.27985783297578437,0.707466637023709,0.43340075918691706,0.04996742605448442,0.2968399485077545,0.1223109304621177,0.17654554475487524,0.14217793247170266,-0.031837060670401686,0.12526385919403224,0.10000635230289004,0.23429604521754577,0.09717163144865441,0.14945367155342562,0.3577300768741911,0.2657676258020186,0.20938829665239453,0.2349461867451135,0.18737479060716514,0.4017543032729315,0.4457046259590725,0.33932362917748266,0.10858969959462873,0.16111959696797956,0.18998226520627706,0.18137163507866252,0.07653226486105653,0.12326371102950047,0.2249694901487337,0.08141148097387742,0.07176631377204276,0.15540931978081463,0.32614228963141667,0.3261016512781735,0.2986570456948858,0.2710459140646859,0.027188381834313585,0.33426017621006493,0.42129501256829155,0.2873323431639803,0.2469294332870586,0.09798100111569924,0.3187901503095856,0.1644158218996932,-0.21447708380469344,0.3197236640884356,0.41953136794935314,0.24397751069715873,0.22205701259407218,0.205325358607632,0.36862707150010526,0.30661645999550297,0.5173148125480707,0.16706477243381615,0.37931019994270304,0.6370920376356269,0.45573723181153747,-0.25493310606491254,0.28428199407348054,0.1114221567210181,0.10898534656083474,-0.03155623162216576,0.36041558754378933,0.1325038538525286,0.22025700592209874,0.20371772499512533,0.2770977408981694,0.24190494412343044,0.44689432136455753,0.1794843970334527,0.3124412265420926,0.8873791179605286,0.7482404626467718,0.31724207617975303,0.19991931401261873,0.2510644964046167,-0.027589684015753967,0.411028060198438,0.33304488072829674,0.22885169740889438,0.27316751768026243,0.2612524131793786,0.18481937653569977,0.5215461199188267,0.22229131893032866,0.40968706881378586,,,,,,,,,,,,,,,,,,,,,,,,,,,,,,,,,,,,,,,,,,,,,,,,,,,,,,,,,,,,,,,,,,,,,,,,,,,,,,,,,,,,,,,,,,,,,,,,,,,,,,,,,,,
6:21,0.26976262572115406,0.057488094796256314,-0.11618702519389329,-0.06328330849050125,-0.264906323078678,0.03028260342148742,0.09135624945808518,-0.15724642871668157,-0.11176612150452174,0.4681700288966718,0.2996982779293023,0.11628422271822667,-0.06144588484699141,-0.02783640597031879,-0.0675773902501718,0.5644179998348685,0.24888625960965471,0.10548655526181469,0.48133171453521634,0.6823305631772835,0.0973817734349159,0.2386823584404385,0.14079132413113482,0.22033618536042116,0.021066448524958065,-0.1723615867885859,0.18192843426863792,0.16024951155812375,0.1221432150536868,-0.01716596766341627,-0.04137616316624676,0.22239343706100606,0.31519237173849707,0.37005776466371965,0.12041190670029485,0.06712539718554011,0.4475494259761603,0.3011341122766087,0.34731990199803636,0.13245027851108854,0.11321901669696229,0.2630782989590199,0.008923909141850617,-0.0314594348134286,0.19544417998558178,0.23482052959041885,0.08031663428258119,-0.029052982351825924,-0.04873202081494465,0.1776450810450726,0.28536584100772766,0.38964913455560685,0.20333138115344776,-0.014579577093137779,0.36778270338884567,0.24642134362429194,0.35280229449757555,0.046621887731568286,-0.029207201038405444,0.17792009238878775,0.08748543499202215,-0.1858099118965158,0.08818135403327201,0.24315739046349974,0.4032935555030252,0.22389621915023547,-0.063498480240012,0.2710174290733957,0.19932138698718568,0.6321023488801822,0.37708654356859683,0.2731586822306371,0.4518885459163369,0.5800524025890476,-0.10108536695532888,0.23805760029642775,0.06008129853461759,-0.028820969106176215,-0.10587034083899066,0.42375025174797526,0.23834229527603287,0.2265316550738625,0.025274225972959485,0.21558431027855954,0.28531006851966256,0.6085814230921777,0.29380086823202517,0.21743491010317306,0.64751086415786,0.8465253036714382,0.3681657746388256,0.1207814767071106,0.17021640552865833,0.011923177764361179,0.4915620200643352,0.4496900553894643,0.2961953995414332,0.08670246028845947,0.18824761641487117,0.40441444091024226,0.6715229578485831,0.40567731455466893,0.3939730328937446,0.7788324114335081,,,,,,,,,,,,,,,,,,,,,,,,,,,,,,,,,,,,,,,,,,,,,,,,,,,,,,,,,,,,,,,,,,,,,,,,,,,,,,,,,,,,,,,,,,,,,,,,,,,,,,,,,,
7:08,-0.03500895875217184,0.6219373684466778,0.5066369081681383,0.46567965886658647,0.421492870987211,0.7474403447208381,0.38674023451569517,0.2648916208539048,0.2641169120314211,0.1638019734013518,0.15599976478798425,0.18403190466003103,0.11679974096460113,0.16164431902289567,0.28316489659567196,0.02005803147719001,0.045899474377774495,0.09083506897291631,-0.0018139603630353146,-0.06423875548586065,-0.010073035999479375,0.05202514670114914,-0.004582395678763106,-0.0373695893580389,0.16813035625700307,0.38393803012335914,0.0554466563694343,-0.08027108931929798,-0.021783295402934815,0.008111592842004736,0.11499799378154958,-0.027202016449052804,-0.08042920721833519,-0.05093562233643624,-0.0058201054323407265,0.03784330721751688,-0.046589519163534196,-0.1079379262132316,-0.01298170631359201,0.13758798906851502,0.006162996677681415,-0.05260279241354789,0.07245578476247608,0.09255889949491453,0.06242213338222779,-0.15654114197791338,0.08997555017809684,-0.006856994852589092,0.08519071701408085,-0.05772599252269588,-0.1105417522194435,-0.13700959926299452,-0.039746199446324404,0.008067460595804075,-0.17027093855772307,-0.08187251035066032,-0.061072277225739324,0.12005983359779439,0.10993337090037945,0.25528481198801467,0.1533951585219684,0.18588152145503437,0.09867715320022816,0.10877989401962582,-0.0032164610404725237,0.06114932459533861,0.2348997112292778,-0.06705949507238358,-0.0496369291114343,-0.06488088977706652,-0.010526781512588956,-0.02942659740608582,-0.0816861467585376,-0.08780111231392691,0.041181949068901165,0.08375704577201416,0.2973962780871008,0.37178867744865673,-0.00468353653337696,-0.02782503740010055,0.022579039450787815,0.05324975190969897,0.08715816513709357,-0.0711138482836585,-0.10627083102911558,-0.09328654315265703,0.0081975587508132,0.0036432102240415987,-0.15704674699999707,-0.18435446199613714,0.0471808322937688,0.26605201534264256,0.22817038062346146,0.18098785068007323,-0.06910844535770225,-0.051385009547176584,0.03544582990732399,0.08708645476419916,0.037921810961841496,-0.05331804556213453,-0.15447323149333086,-0.0680202955424956,0.0040068202997692575,-0.15398015322484623,-0.22966667594380205,,,,,,,,,,,,,,,,,,,,,,,,,,,,,,,,,,,,,,,,,,,,,,,,,,,,,,,,,,,,,,,,,,,,,,,,,,,,,,,,,,,,,,,,,,,,,,,,,,,,,,,,,
7:09,0.3758514524420402,0.48518825369619417,-0.12789089943270743,0.15261952111879118,0.017459970093154743,0.39409021034902086,0.5210837027205891,0.17583472018585264,0.03343381151995834,0.503769955380904,0.5766276131775157,0.6831037718262255,-0.16945628996543774,-0.09932555328668947,-0.11271004882880802,0.46376118501020425,0.22380637103210527,-0.2335584862309048,0.11088099500341604,0.2595214010487809,0.5838148234728461,0.5980972177489811,0.2628274449996228,0.5825871007616082,0.011698727808525452,-0.12256515548999762,0.7874446284909938,0.5473665834128585,0.021272688760162965,0.13740243144055098,-0.06552357936363312,0.5126757930923538,0.5058267909638928,0.49004921766720805,-0.039391498954658516,-0.10777576669890183,0.17874521594800147,-0.12953533557235208,-0.14587638331046032,0.6048708692215053,0.54614339502181,0.692284205823561,0.5885398563991785,0.37352463282556475,0.8671015510784924,0.5133835768672221,-0.0475131088993374,0.11955169112677445,0.3097435632993489,0.5158974897565625,0.28401241187429505,0.4487215005406752,0.36397289614941697,0.23587277734912201,0.17725812832041865,-0.03373978900348113,-0.1287205253340216,-0.2226272606799008,-0.21388779787060105,0.6759464574142693,0.6552407492979916,0.22343557562994873,-0.29575609339516185,0.44241517250314083,0.7483467250982849,0.7640257418753493,-0.14932383490120493,-0.24903104170596002,-0.24330164723745956,0.44143133766535947,0.4107562163868693,-0.24674045694401428,0.28602047452823476,0.3229724804767295,-0.048543057870245473,0.6115177212133628,0.6647685806605954,0.2716895788277799,0.011407374305450637,0.6487708621044967,0.6787572313205745,0.7395168041556419,-0.19079873679992806,-0.10572894281562532,-0.09262860216089919,0.5025422563585412,0.32669763151918857,-0.19839414450961537,0.17766452828517965,0.20761139097808462,0.767895978788779,0.6451587244265806,0.15476769196721996,0.042704409614082006,0.6458177327605596,0.7013676250270091,0.8262367460783938,-0.19610484136855316,-0.14332546911912034,-0.12787402840630507,0.458656209603176,0.3998758403718514,-0.17635265162707656,0.20984176234307705,0.27430087453488444,0.10164797141749081,,,,,,,,,,,,,,,,,,,,,,,,,,,,,,,,,,,,,,,,,,,,,,,,,,,,,,,,,,,,,,,,,,,,,,,,,,,,,,,,,,,,,,,,,,,,,,,,,,,,,,,,
7:10,0.12641843546886367,0.09001771262236401,0.19554854366799151,0.10404341215650745,0.07088032276121795,0.24998314858956155,0.1351462443847179,0.22793285169793176,0.0023969350964704083,0.5631378451795616,0.586586531831932,0.3687489345260225,0.04171707283614321,-0.03115753153107716,0.021422799887410283,0.4821336403896979,0.2926480775425436,-0.05517842865786294,0.2218268161458679,0.23157530093998493,0.5508965505288917,0.3997107693467052,0.18371953216018463,0.2674124783832692,0.14741456933364055,-0.05749277323451839,0.4473619708753262,0.4615671962773725,0.1334939631865054,0.3143854284831105,0.018238485498919745,0.5465232632696436,0.42211104137881783,0.4478205614708439,-0.033963786048670105,-0.014729342136019632,0.24041220552195308,-0.11483966239461695,-0.12670546199304736,0.15940551303651973,0.3433718179787557,0.29797870297836687,0.49931270908490605,0.11976723725588341,0.4752601804881736,0.3402569106669421,0.25474084065818237,0.18314474519493137,0.07995215346027217,0.3513439733892593,0.1893917875631564,0.2430779834383389,0.2677906354006488,0.23947917524137127,0.22510866586721834,-0.017064906567561287,-0.14866063370657023,-0.056453476789060784,0.03348662004578195,0.6121180484505863,0.21775451404639684,0.11681835404270122,-0.128420367499097,0.8183935916559588,0.6648097597167346,0.39189769084183557,0.11389885258124277,-0.22834596877921293,-0.17256762011543536,0.44486614093545,0.3573611527860659,-0.22542017501837933,0.24619978113939922,0.18177175079295332,0.1141351276654066,0.5715873990638538,0.33182671969729055,0.3652070074163632,0.16232588981410906,0.6815109828749585,0.8026566860099636,0.5540722256532163,-0.035910714496593166,-0.06780608522663556,-0.030992671531354196,0.5749480658451446,0.4460684499107191,-0.10611714658966516,0.28932828767930463,0.2970430212305838,0.7373073481339253,0.340506443645861,0.25391835759485387,0.38535759269466524,0.609128681879502,0.6733638303051742,0.5630905294443221,0.03251099645848569,-0.006845926656856804,0.021418509518417103,0.4539197926794967,0.30540903150226584,-0.131257020445381,0.30313321833846,0.22312866468529421,0.06142199050430221,0.6173660947274873,,,,,,,,,,,,,,,,,,,,,,,,,,,,,,,,,,,,,,,,,,,,,,,,,,,,,,,,,,,,,,,,,,,,,,,,,,,,,,,,,,,,,,,,,,,,,,,,,,,,,,,
7:11,0.1110795729801742,-0.04026419227258077,0.5838388931817166,0.21066579842496713,0.10134071252281814,-0.02924304075882645,0.22570525960848845,0.12223818421353003,0.34237551081162093,0.13196890185386642,0.09046423987921687,0.19455734367435915,0.010448822796801904,-0.06717729837404779,0.07263986669623015,-0.0691095482537807,0.033203074177899077,-0.06929534723417513,0.10362865136841042,-0.13803935066469578,0.22262739576758028,0.30580209545517456,0.4600899202587658,0.05290833142442933,0.6605469128530815,0.2311304868802215,0.10652143500149219,0.1767336947556133,0.3510285518012447,0.16665888136783003,0.1809357966837697,0.2516300692856612,0.013235048061614484,0.014962775015943789,0.05447561344363101,0.0790567024661479,-0.14694182341150075,0.16298249325863867,0.06821697353133466,-0.08876445848129065,0.1594057404954064,-0.02056017754965285,0.32933291262319164,0.11932346587882173,0.02099916552481843,-0.07897849178952208,0.4798656383399871,0.017017017667959565,0.19132163805101046,0.07151783604665608,-0.13253907035367726,-0.06232712291473236,0.031144183572911203,0.053878141331863014,-0.1031158297675225,0.11895966852412841,0.026283236849897744,0.23550117008495944,0.351944699780811,0.2740297281381977,0.10763994362834788,0.05601709045552939,0.30597238840386376,0.4305482759065175,-0.10473701960275912,0.07154972107246543,0.28535580277308176,0.0831124001143836,-0.07184487611055766,-0.22736768856311665,-0.10736882213302776,-0.05863000435961568,-0.11918930429225683,-0.26396016606237155,0.18185794061348273,0.23863709514031253,0.11969334383497154,0.3100407089868137,0.237837658666053,0.17812438460527763,0.12411446195734258,0.25426286435783907,-0.05096062690793377,-0.1416966288513289,0.0044330208959660255,0.034395221755256965,0.2946303234058282,-0.05607061034201033,0.2249712179384314,0.20810310996194942,0.1094529681412957,0.2741969614507103,0.07359008248476133,0.5964462489762353,0.1281579123229925,-0.036502580976782606,0.11660153176883781,-0.030579299365989708,-0.18467215006627413,-0.050944244089416155,-0.046090558364971355,0.0003784150503547502,-0.15330944899978197,0.28001545435820707,0.007255902631801914,0.1101967711272781,0.012001217493954703,0.3413809602813328,,,,,,,,,,,,,,,,,,,,,,,,,,,,,,,,,,,,,,,,,,,,,,,,,,,,,,,,,,,,,,,,,,,,,,,,,,,,,,,,,,,,,,,,,,,,,,,,,,,,,,
7:12,0.6377460185878432,0.06082735016763925,0.4563064773448153,0.46216535403132547,0.12268262732534425,0.019151337605595377,0.2332756017547291,0.2076942449335188,0.2983030208436798,0.12246190978845542,0.2289782546824832,0.27325855100956714,0.16953662977204442,0.18455055324101244,0.10106891497457121,0.042096894983581726,-0.019005646332383757,-0.011014111208835038,0.11356998470656907,-0.12471250060060463,0.19528200398875661,0.2562447877249976,0.15796527900047694,0.25424485581882506,0.5768337429838729,0.22797475876089188,0.38763881522206656,0.3221276823260486,0.7849455156081138,0.3926175801046198,0.6404264607212855,0.3216846277418383,0.16180032136368153,0.32909053110761105,0.578428600168992,0.5354594701726535,0.08616073364000161,0.6411831246438636,0.4314792180135052,-0.031159375937731167,0.1434763107614623,0.10499021898771227,0.4581800057244485,0.38173214436752945,0.2123401216901093,0.0941638529494224,0.29163710051386726,0.11063511917916725,0.6139634612298814,0.23610221420664596,0.11550161737111787,0.24891208735732218,0.41789792493751327,0.38596845660702594,0.07207798205691907,0.5179896187900623,0.3834837109444745,0.10423833758399575,0.16481245250201568,0.2347645213064013,0.2625966310461281,0.05961087203596869,0.12653634912776138,0.239600007589652,0.07386872602523592,0.3500569391432519,0.22492543057511588,0.0371394819324203,-0.03799597152059009,-0.018233381128647405,0.04836068049799847,0.04951734187747238,0.2550060511237697,0.1239687223764461,0.13181944333397783,0.21672627238408387,0.2968419121389986,0.2658343825779035,0.18005688610707005,0.15108701370707986,0.1248478260403151,0.4450293278073709,0.002552104455332076,-0.10565458553495038,0.07942709794199086,0.15471793105501602,0.260796775763609,0.03581522528208615,0.4020626039821784,0.32802212559012656,0.1480392194478038,0.33097001984082003,0.09208867907361311,0.3853760323560802,0.10783666781248255,0.09283812000937118,0.3160397386125314,0.01737616565076622,-0.012608849984702417,0.06659956090853895,0.10592930439929761,0.06840141161714017,-0.018632452204368412,0.3672631065644721,0.15276445203448347,0.07072051295203417,0.20029660196863233,0.23048791539156818,0.621886429589275,,,,,,,,,,,,,,,,,,,,,,,,,,,,,,,,,,,,,,,,,,,,,,,,,,,,,,,,,,,,,,,,,,,,,,,,,,,,,,,,,,,,,,,,,,,,,,,,,,,,,
7:13,0.3362880535597834,0.22361419782817382,0.5523981820524919,0.09921289434004965,0.11239011699732179,0.09955240979652187,0.15746086707702003,0.22141555837701307,-0.01106509399812559,0.2079036843534211,0.13092774201636204,0.21320678383054337,0.43830348058877855,0.22771432780727272,0.06109622065887136,0.13394932262523382,0.1269162560928058,0.29929946330380325,0.3772245260306896,0.015173866962819128,0.0836789164343114,0.40336774812973025,0.24149862952598608,0.4170880044663072,0.3109472474596067,0.5959542542002446,0.2233398602276204,0.1730108293644358,0.2594273787787743,0.3129018046141595,0.5923285601777692,0.3470594198514971,0.24635209942316733,0.35904702624766277,0.43473346472959024,0.5038551909334704,0.11731115859951706,0.20703401531170157,0.3602862288870287,0.17605363636296611,0.4227141557721341,0.3182865425002533,0.1848808881527489,0.14132615354636877,0.1996705146288971,0.1728968552168122,0.2875128933341879,0.030966188240394533,0.25979637451856263,0.45485013827279996,0.3895761242064932,0.37475332363741065,0.2578597816370796,0.31097909920937805,0.09747544279800321,0.17378834613932698,0.22468265229399115,0.43098876878916276,0.41949104900846523,0.2756442543269808,0.04632334875387554,-0.04010992695027419,0.440659907518893,0.4163947372508737,0.13100877905899824,0.15297589207465584,0.31070210473463444,0.10925401826774453,0.17416541082284362,0.06404904716748501,0.0692606276281492,0.14960886675876306,0.2328505775322485,0.14508712879784016,0.04658097962287171,0.3449305616791668,0.2316710667477324,0.3871712052374167,0.19159968135254998,0.27686870809953207,0.2128833479264756,0.3009826629615021,0.43990528486415986,0.0875159716673039,-0.05537500899885227,0.1853514241065414,0.300815150733589,0.22257274046533557,0.3536738893358508,0.20417631745004242,0.2133395054830195,0.24725664597398636,0.4229190691071156,0.30135899597504323,0.26228194467549326,0.14888222271876161,0.22463035669780151,0.4575432727954119,0.2977826581294303,0.016114225450944156,0.1162057975904076,0.14335880260764355,0.19906576491128,0.30936977373860813,-0.006194842444874188,0.33040001388878454,0.11303816315755438,0.23201552180887314,0.45748528645171405,0.42946876674288925,,,,,,,,,,,,,,,,,,,,,,,,,,,,,,,,,,,,,,,,,,,,,,,,,,,,,,,,,,,,,,,,,,,,,,,,,,,,,,,,,,,,,,,,,,,,,,,,,,,,
7:14,0.39256485483035597,0.35917758334845096,0.010738991359038046,-0.0122615835545999,-0.04127655814283577,0.2604917292983886,0.4729595926075432,0.01649239473253252,-0.020399378868614492,0.44997069921947563,0.3745698379980579,0.5486707530285027,0.08337381118939145,0.0054712847866110696,-0.08128845335333511,0.47583288828846576,0.34225558007247625,-0.01908147940274606,0.2476189213529159,0.15546261259159966,0.09957562987997011,0.6253147906583431,0.3187230894493303,0.5938097573690259,0.11914831003154527,-0.04280741066705207,0.4922104280612465,0.40564477436102403,0.0902116081861126,0.2197358200916005,0.090064770208942,0.65502059719683,0.5066463815208446,0.43982755288116593,0.01353639842801527,0.04784471939064586,0.2434764552571561,-0.04444749974410247,-0.11833727819057582,0.6778503142462797,0.5990635929491089,0.5934637449777362,0.25870421193243076,0.12320640279656411,0.5793903969057608,0.6093243488518119,-0.0623419148996563,-0.026998085822062246,0.20999774897224788,0.7708354538459052,0.5611398735443264,0.5297143434915061,0.04418239106003377,0.028931294527761903,0.20638230605826333,0.06554642795925815,-0.12196303022082196,-0.09090415701887335,-0.06009875088642107,0.7492683806057017,0.6766387397503075,-0.07470193149963852,-0.13266481995320623,0.47588308632214643,0.5231546404256172,0.5781368188614734,-0.038178611051850206,-0.1557648974889685,-0.0871236339692049,0.4418744128805667,0.37252740615274593,-0.14188588392610949,0.2614582319381513,0.19552308222702855,-0.037636893501174766,0.7059668331896279,0.5538763561297638,0.04671733713131006,0.03910708222543442,0.6309879536376588,0.4841326528402459,0.6314865448340365,0.03262301129260027,-0.0003044971056416521,0.007299943704432271,0.4556025392551357,0.4374088443887295,-0.03477973751162783,0.33614167842786624,0.25441028658580195,0.5979724097316662,0.5093132423485528,0.061061071433998845,0.04304775921836697,0.6162489043915742,0.6026893571508479,0.6000323012463485,0.03289702056776723,-0.008063807424493506,-0.07887434796893292,0.46126949571413106,0.4078517729611335,-0.05611667209889882,0.4123395743940936,0.27800701557332275,-0.052978925685964726,0.6681619841449966,0.5139721211384174,0.21332411558833175,0.27684625470237023,0.3191866014388618,,,,,,,,,,,,,,,,,,,,,,,,,,,,,,,,,,,,,,,,,,,,,,,,,,,,,,,,,,,,,,,,,,,,,,,,,,,,,,,,,,,,,,,,,,,,,,,,,,,
7:15,0.12418591190037008,0.0009557572645997105,-0.0406257631941773,-0.02221570824591075,-0.03326050012364315,0.23070788385886207,0.10236158585404968,0.006790717067813348,-0.10695827664882457,0.5102906607661186,0.5299896996019999,0.2724572677077055,-0.009230808731907007,-0.029466431673083885,-0.09675328439236452,0.5536582758808919,0.4186038122415633,-0.05703935372142447,0.18363902130710896,0.33959758505902254,0.19483828077588108,0.18681691488096233,0.03458467521971045,0.16146034463286782,-0.01694461197826713,0.012268305978350004,0.2214279636381265,0.23992915948849533,0.089234388325528,0.32351038401402465,0.09513091717886962,0.26753139673567755,0.3585542909004081,0.4923932023952064,0.11667121085660145,0.07022962167288033,0.31480924320006376,0.024419442205782956,0.014411184374180677,0.08407564610858966,0.135456447124763,0.16303784679697134,0.24173574607938683,0.09697602645478143,0.23696796750565413,0.19335609667027678,0.03950292619691984,0.2804388744358234,0.07967055253451497,0.20561049679171978,0.34494836328737166,0.2717167329714004,0.268599081334626,0.1443539875922742,0.24325790209089243,0.19061021175780024,0.07271398799205549,-0.13427014822703656,-0.052279216141656024,0.46136972595140047,0.18514972125054718,-0.04910912277696181,-0.2692237812442619,0.5479080422925175,0.6427650105711783,0.2845468140180741,-0.08517817971142012,-0.24020326958611687,-0.1883884920481883,0.5553749299931692,0.4675664115897903,-0.2274251516924901,0.19752574024076197,0.3573618604454803,0.14142276835889836,0.4896901680627707,0.24649949193108056,0.0766910194824972,0.010263775293942717,0.647789873165185,0.7539185269855432,0.4940073797337532,-0.010526785052485077,0.026464190811212436,0.031897627462045434,0.7062494465438884,0.4911821712782732,-0.07525046087369724,0.2713596945046838,0.4180370927714092,0.6382132396302217,0.2065796802483955,0.18249020891542392,0.27624128965056416,0.5686165709582316,0.735762695242502,0.5120264289625855,0.043940980068284764,0.09950404040801089,0.1853924277600639,0.6316722419757027,0.4238474674206138,-0.0016869089416423298,0.2723764057947069,0.3855692338218479,-0.031773525837759525,0.45986953612970854,0.7364863487199327,0.016850610082283772,0.1322986295199186,0.09245318481957703,0.4475001581115297,,,,,,,,,,,,,,,,,,,,,,,,,,,,,,,,,,,,,,,,,,,,,,,,,,,,,,,,,,,,,,,,,,,,,,,,,,,,,,,,,,,,,,,,,,,,,,,,,,
7:16,0.1062083552850766,0.03324116133462961,-0.18844822258415536,-0.09513507713574658,-0.10508760485652414,0.22047039681195693,0.37383127178197023,-0.08565911077268486,-0.08970805746767939,0.4195678328493173,0.43917724774389055,0.521566343384573,-0.16560969650040624,-0.20747448193855775,-0.3229324845351099,0.471434375667246,0.3120187731448691,-0.21454176094722396,0.1285069810503617,0.3851720868784474,0.3263736350844941,0.29010567660653985,0.13723881944751143,0.24304132398133627,-0.0036752249364146892,-0.07680024510280423,0.31717314411468583,0.3197578776190028,0.006340505793178056,0.08748394141938531,-0.05003539705052593,0.2949825008794466,0.2965169198983709,0.500473690165031,-0.001972601365442502,-0.05711812189718108,0.27134061584474223,-0.06597489897328448,-0.01836139087436383,0.10755387739514162,0.17455847018734677,0.28713284558987967,0.42393731710104254,0.43810228329207823,0.3037511481077233,0.18178868886680116,-0.039263792536062644,-0.016817787997690594,0.394047573793791,0.06476115001989943,0.12697651444743255,0.24805604101119044,0.16014058059696193,0.06560516601389638,0.18258421271393954,-0.01889073684851421,-0.05003245398759678,-0.2640780835469917,-0.11992688659128604,0.5494707752546955,0.3158567939342546,-0.07025813068229096,-0.2655161772557086,0.41182359843434735,0.5960357567765728,0.5180450879055537,-0.31638161678957427,-0.290223534139344,-0.282875332973859,0.40593102573996886,0.3487951522814396,-0.30160119218459375,0.21520101367123712,0.4622535086855971,0.08696196313730685,0.5988761491755484,0.5201217029786463,-0.015175114380306541,-0.009531485055077319,0.5797679450266204,0.6954109834379876,0.7611745818625678,-0.1639042765173642,-0.09407872638533273,-0.10407483675074124,0.6299800475576972,0.3906242773328891,-0.17856904006948807,0.23023420152864651,0.4171695505371725,0.7841897544866168,0.5041534883650078,0.09532382020352557,0.2678338043890816,0.5440001712220432,0.6504389985679708,0.7829994700985942,-0.11222841157360833,-0.09657060881512157,0.12278024212508208,0.5537951529925882,0.3858879578309506,-0.09194987533723051,0.2150930862057882,0.39121250496704385,-0.08322570329500632,0.5972759507114439,0.6083019670367349,0.07133767742104165,0.19112370227899494,0.04767300634049437,0.4245226574516653,0.7387032102415104,,,,,,,,,,,,,,,,,,,,,,,,,,,,,,,,,,,,,,,,,,,,,,,,,,,,,,,,,,,,,,,,,,,,,,,,,,,,,,,,,,,,,,,,,,,,,,,,,
7:17,0.3117410537782828,-0.018557903003023582,0.3544598779779998,0.20515133839151622,0.05836462436278059,-0.1113530866197313,-0.01744301252097004,0.24197839172293714,0.14625886754260745,0.21696604208987497,0.26438006508834283,0.2113608185309421,0.12850330228656004,0.11639651828895846,0.10941094674692868,0.21573614145133885,0.06017280048692548,0.1404033176171553,0.4208131169295636,0.27367585117674426,0.3714744727011729,0.21194301387719355,0.1283880926952069,0.19168536179260226,0.2210110046419994,0.1702616841843515,0.3396605683346961,0.32181941928440705,0.3575175187363546,0.29395008370058867,0.35554760585653383,0.24396463394406737,0.31838600722145177,0.3703370435263877,0.502384416949248,0.30277417871562373,0.21911866577469347,0.5290533272937403,0.4840101175201764,-0.0029767233522583255,0.16690343331017066,0.1304813657291267,0.22871525247062666,0.14180795619077852,0.32222418866942437,0.15926402255387637,0.2683567774623975,-0.02859457072086325,0.22404299731683944,0.2661160577706706,0.2748411530815553,0.3089676883246291,0.6810172206172297,0.3235128546124994,0.27257610132605625,0.600180127738135,0.5571346411789677,0.305762985896088,0.2585161482344881,0.12403696100181162,0.07438822778578699,0.06707543980928274,0.26965676155967216,0.27781910433765794,0.14490478266211038,0.26607086662132706,0.19963166190807735,0.16826336714498533,0.12682227253847644,0.16896876713696926,0.24603347732984396,0.25005190629388024,0.3677566790956731,0.3185198218374848,0.09202668700107411,0.03412894510021626,0.04674354844758595,0.4073993191999846,0.3023932695794257,0.15214789278857216,0.15137046613832514,0.2999378748135529,0.12586342133984196,0.09841712454935478,0.2006694963292909,0.36039756237282267,0.22228232711936044,0.173523788782763,0.46046026314910077,0.4437289213676264,0.052911004361810295,0.06089486177352618,0.3012183440647708,0.36049351294925425,0.1387757476826833,0.014047693372299585,0.2424610400811615,0.11585504280387124,0.10428042897917064,0.14659542821345287,0.3400807987944716,0.08075241613389032,0.13589893721750368,0.4459520868196982,0.32867331662208893,-0.010103812608437252,0.2267196863891806,0.28716331181491456,0.49160170059267383,0.5776837280827467,0.4361217942263199,0.1658320984821843,0.19290631430246385,0.20980718032941326,,,,,,,,,,,,,,,,,,,,,,,,,,,,,,,,,,,,,,,,,,,,,,,,,,,,,,,,,,,,,,,,,,,,,,,,,,,,,,,,,,,,,,,,,,,,,,,,
7:18,-0.006042847256924731,-0.0359633189394091,0.12060171644667636,0.0038202266416968943,0.12551497919540852,0.04557243253210852,0.26161629041393164,0.05040213127681988,-0.10937625647003063,-0.056666938029530246,-0.05938722414748466,0.2583856486640747,0.235299525563911,0.023255446774334658,-0.0007900504352446671,-0.10208953926269107,0.1264951747651876,0.22751937298693975,0.1781559051028562,0.08912128943509061,-0.06532856256567095,-0.13969268356571077,-0.1309271446723346,0.0058271187943754205,-0.030082995337018092,0.22032475363695725,-0.14576961142739916,-0.12535930203384116,0.038644602295968875,0.07578192272402708,0.24854354526020656,-0.0029179504844889124,-0.16581148698266132,0.00970691667887402,0.22576430044983922,0.40490147651398656,0.005184645771104528,0.25908866039725087,0.3747602752179329,-0.0685677321406046,-0.003943894100251239,-0.019109099047000123,0.26108565552442115,0.5551479220989068,-0.12722823619940293,-0.05138098094810305,0.09432960835371228,-0.10090205656359504,0.6029301138431286,-0.021056274637870607,-0.012728462645935041,-0.028257879959807535,0.07443286049671768,0.3717043941464031,-0.03366635294447248,0.283696116854876,0.34970927238171395,0.15556143369630057,0.1490052747174378,0.11157634439151358,0.2161617138260388,-0.06909144553152767,0.09746085638551948,-0.11967181680339535,-0.14614343157262347,0.2879452631839302,0.05612433196553817,-0.019315602385025454,0.05981245725073425,-0.11662343377640808,0.08820956867295178,0.13404675783310036,0.22907789317824148,0.2517447788650765,0.13643385388710758,0.12687924390779348,0.3593106825035121,-0.012261062286158003,0.022825392729003722,-0.13742999838176329,-0.14514963081120016,0.3054012278218561,0.20989774397682526,0.010589403414369931,0.00088559211813504,-0.09465546815687224,0.13835992592703814,0.22335930992125122,0.20895480277280595,0.12484983486370721,0.053340072749268524,0.27530180047229735,0.05810948843467883,-0.03291970959913522,-0.10591849493628709,-0.14492014475572135,0.21316731144883597,0.21002116397762022,0.15823365474528397,0.12307443472690656,-0.08914818333562054,0.10938198928783913,0.22473883902863612,0.16572660795045835,0.08502471199176208,0.08613740651913339,-0.06249972761182988,-0.14916625777029396,0.15954999846958878,0.39872585144980927,0.2658826713254328,0.0002075566216802243,-0.11372409462545881,0.1592047972023513,0.24831850928145663,,,,,,,,,,,,,,,,,,,,,,,,,,,,,,,,,,,,,,,,,,,,,,,,,,,,,,,,,,,,,,,,,,,,,,,,,,,,,,,,,,,,,,,,,,,,,,,
7:19,-0.13662664543437958,-0.23629767397697116,-0.05153304000445231,-0.039994952111967054,-0.07345324152680768,-0.06656306734933651,0.09684665682547179,0.026284192374083703,0.12093714125205168,0.004753072594560267,0.12789894717597972,0.11682494322462014,0.15406408516707626,0.19035122415399824,-0.021238901265730695,0.09115245118186112,-0.05919429934007355,0.3287869257349865,0.2454074835156961,0.2555889302041496,0.2753573155660881,-0.15400053268586247,0.0686201740162617,-0.1784947093060756,0.07722819019148132,0.0355033091806954,-0.10463427491314833,0.19076930111828772,-0.016693151489000572,0.08545284860963956,-0.036392791989509954,0.15891858529276723,0.31992924870491296,0.1502317573293562,0.024969206368270554,-0.047407108060473456,0.6470785716641296,0.18751642231374033,0.09483614929866452,-0.20041112026947444,-0.19286476916333328,-0.17192102367034665,0.2703560383050555,0.24676611565530074,-0.01085571520580221,0.07272472208590698,-0.11404665039224039,0.0911532499111331,0.23271245625121123,0.02671013223893892,-0.007098507866491377,-0.11128744415022941,0.21178893820425024,0.03645931608087705,0.6072890456379113,0.2598381456725417,0.10741106098589885,-0.2270127142272616,-0.23448758832819785,0.14195991785935058,0.08080453513815264,-0.07347286731753327,-0.0038857894330069777,0.050958924563561867,0.19573711310723865,0.10702696602603747,0.026608867080041697,-0.027358575659821725,0.01828126167544602,0.18819812944464934,-0.0808084791448741,0.16444498545713668,0.3040503995343132,0.34047426670159175,0.12954996386282097,0.10316829722856087,0.08158650515445955,0.011965954344064509,0.08603441450732616,0.0838788225162961,0.17610281933786218,0.21945832890902822,0.14619153311111327,0.28529151328469254,0.2949498585178055,0.09041442470088908,-0.00648748926450318,0.36018893833250754,0.3307648442656474,0.3607959906480727,0.2274826374633532,0.1434202299775442,0.06292249204445811,0.2558829703204185,0.0006164887221803955,0.16633054582890522,0.2299878522124736,0.1424242505976698,0.3517110141417488,0.30344568562013025,0.09371515665525838,-0.07485991611125545,0.3818084446301622,0.4128368539186854,0.43833082569812565,-0.14258786371088877,0.17894043294394596,0.3258083703927021,0.05349828126611277,0.09190407460105302,-0.11644916694005679,0.2426451793320244,0.4336129195998383,0.4379457118344324,0.1139895924572766,0.12109609809874489,,,,,,,,,,,,,,,,,,,,,,,,,,,,,,,,,,,,,,,,,,,,,,,,,,,,,,,,,,,,,,,,,,,,,,,,,,,,,,,,,,,,,,,,,,,,,,
7:20,0.18247690425560126,-0.14218167959842842,0.0803825145074977,0.12787798610046838,-0.04404217707385582,-0.1502211688677178,-0.0645029452130399,0.04043980032379687,0.08026185042903765,-0.06527396430879918,-0.07389408107562387,-0.059807349032067046,0.14137622402214434,0.2140563617886342,0.10935778422125676,-0.036448451054209165,-0.14485468923057968,0.4237638316553235,0.4114456698129265,0.19935228083577822,-0.11180499442023493,-0.1165575702292222,-0.07669070046830315,-0.07603996995208386,0.09251782202096,0.06448894441882849,-0.06927869884334555,-0.05246600793720008,0.301490880281843,0.1724577686557111,0.28321918350287995,-0.14141226295908224,-0.05837704814102432,0.05677195040498907,0.42065030547637905,0.30402410833947074,0.2866207061151284,0.7666873098859874,0.575451920252118,-0.028221728568042215,-0.11090893539499695,-0.15633007063263332,-0.08304115929030882,0.018912567793275402,-0.04039849089357983,0.020244614389349536,0.03884527871540352,-0.02413985210086552,0.15165130413939076,0.09645726313476694,0.12978282587594359,0.07095243179172218,0.42219712566945256,0.11439843339999729,0.3641936319765331,0.7974886771064342,0.6429072960540587,0.12780279424217036,-0.023161039998278805,0.06474262664285778,0.13452731602273807,-0.0388792858516192,0.30612212045693243,-0.09190614765791193,-0.12033675560270295,0.03722384686461573,0.23147477703186442,0.25986452432503093,0.1601828679064344,0.06604102376044747,-0.004762755866937335,0.4730269657044975,0.36464117815593905,0.26439466494104813,0.0137710090909743,-0.11357514732705778,-0.1103796813439394,0.03232469840757755,0.1368356589924937,-0.11616464779377449,-0.23179487500973825,-0.02031940804527578,0.1469489941616211,0.28226624155734803,0.3325004079525751,-0.040275583551309044,-0.027994306623491172,0.510504008942399,0.4512757305228064,0.39252107384616475,-0.21702065504473086,-0.13167957918364545,0.013241397956427174,0.06008180011012999,-0.13223253483412586,-0.16510416821525029,-0.09183222084275765,0.15298373018707462,0.30780174977401126,0.33183629513315227,0.03292394720408079,-0.1399292423040626,0.5378080116888264,0.49833486515981124,0.37272252536192724,-0.11664587345581606,-0.06508061329999221,-0.1231250566871173,0.2544130247226032,0.44743025552822757,0.13553789031910682,0.09743255064324938,-0.016252527706216612,-0.03407348955631689,0.5703191761202885,0.4184806865562565,0.33469642984137377,,,,,,,,,,,,,,,,,,,,,,,,,,,,,,,,,,,,,,,,,,,,,,,,,,,,,,,,,,,,,,,,,,,,,,,,,,,,,,,,,,,,,,,,,,,,,
7:21,0.10850922485256707,-0.1974560926476357,0.12176926483361065,0.15812110711366525,-0.004696235943206325,-0.20706846001077212,-0.06117908736619839,0.1257453423974902,0.19819085546956275,-0.002140835069793526,-0.06290129200673132,-0.056435860376405654,0.19373422746040259,0.19798829002073143,0.15397651094394343,-0.1245778122243513,-0.1545239762661085,0.3731356737384586,0.31307335790363444,0.2666184355633912,-0.029408034255498684,-0.15837125652622602,0.01569749504952535,-0.08220674020220209,0.1764833615581837,0.2886826303777306,-0.0839879268501526,0.005899440331875868,0.30771435283341925,0.21723446052974676,0.365586928776602,-0.17484190989493129,-0.0322952840829558,0.150270441266223,0.4781130389146974,0.389933298459209,0.2572595315847698,0.6365338533847837,0.7738298535580252,-0.16632578474259468,-0.1771378129080155,-0.19901281037183602,-0.0919446309664137,0.10257820385377527,-0.06966988471861707,-0.06715270656924124,0.2623971760135943,0.0008302690089809959,0.17360955722511928,-0.008079891707953446,0.04730548266075816,0.09458432590867502,0.4139255022475119,0.17595403825474515,0.3110864535942578,0.631433685247086,0.8116106282945703,0.15628881378175158,-0.013086271015640097,-0.14184133076092253,-0.04147779451366822,-0.03263730199588232,0.15564863088740166,-0.14002441010677938,-0.1575651578751202,-0.07605275121827519,0.12486447519014453,0.12254627479591282,0.12676303655654456,-0.018228859206315378,-0.05247800861869284,0.43093265406314035,0.2810149663540622,0.3109444388861814,0.0967050304667085,-0.18459175913571443,-0.13757539119166115,0.16338929823276901,0.23037144371033033,-0.09631259200761058,-0.24552863778848116,-0.059102721611731614,0.2818161826027697,0.32961092149716203,0.4800658334021122,-0.0946902934022121,-0.07537941072970261,0.533053487718527,0.3450580658747594,0.391192149172702,-0.2572934246917173,-0.14050629677897175,0.10167537282016115,0.15863538412686373,-0.15892186679372575,-0.19149632033266098,-0.14222253222211442,0.22562936271344378,0.34317416612000873,0.40710170602592466,-0.07620491949073786,-0.23316521808758991,0.5653313975009134,0.35777629554937557,0.3776966426036719,-0.09349128158120502,-0.12361201743845254,-0.1630012089605742,0.2634772502574827,0.4136751977421808,0.1596519412055475,-0.02666666771912747,-0.04594580208154211,-0.007584847274798846,0.5927934036803377,0.45358354097295256,0.3038294592809353,0.8397093107763038,,,,,,,,,,,,,,,,,,,,,,,,,,,,,,,,,,,,,,,,,,,,,,,,,,,,,,,,,,,,,,,,,,,,,,,,,,,,,,,,,,,,,,,,,,,,
8:09,0.2449162149246998,0.41955314895065826,-0.08517297952039099,0.1205508126242825,0.09115922091103733,0.4108613464770409,0.6032036102325381,0.1137133333069063,0.010599827474453562,0.34327371429724346,0.41854669758774177,0.6742080459477872,-0.150046706689413,-0.07176721252154901,0.006332085478281001,0.3406119769838471,0.22389840013562692,-0.21993766772121215,0.021682531790487874,0.12814908009328205,0.32283239601546027,0.39189360455216343,0.1345726312574609,0.4159881694298304,-0.06799236744087245,-0.15235253743177185,0.48759600582346474,0.31382617886068254,-0.05898850918225783,0.09242242641240239,-0.10287792564478902,0.3924875868980356,0.3628264244279588,0.27912185222316327,-0.131541305424448,-0.1954361746306742,0.09385712429657252,-0.11925840831842659,-0.2444540268819302,0.5166338818426561,0.41924595891019306,0.5076575708680232,0.6090718738473058,0.5063142327365903,0.6357645739007384,0.39015610128192885,-0.11313093310135117,0.1335597713672581,0.47588449145972767,0.4546815704416787,0.2949457172668203,0.3081048801707908,0.20278089482217154,0.07826170448845181,0.08274507062642711,0.06222864157220865,-0.14552092288436783,-0.24036853861319918,-0.22421270181787079,0.705365043921763,0.79288980602434,0.07127236983585097,-0.28516392414693154,0.2899967659714347,0.6010490491253498,0.8130288503328313,-0.12722022367304744,-0.23652837290726117,-0.25032304796657195,0.4173353951902213,0.39920186619863385,-0.28654781173125976,0.24142539586630904,0.26294197013250264,0.038278042095926314,0.5773230791244738,0.760013167342573,0.11751378423943148,0.00869243935388101,0.47464454405028783,0.5358227355655262,0.7748669762017784,-0.18460043598331743,-0.04989156841938816,0.022045533839533477,0.37645770722027316,0.31007935568252604,-0.19030971288160042,0.13104361689382,0.13593524995445952,0.6371406740728016,0.6943887123597781,0.029958787889908654,0.03204122074943004,0.4433894377060924,0.5417129585109943,0.807486997071659,-0.20191222992376198,-0.07779569908463177,0.0143065652482169,0.3674379297803259,0.36586336566749716,-0.16523837294836766,0.20330620751794942,0.2370529798452686,0.17293470712712294,0.8289003836782132,0.46443470194448455,-0.004816034387903423,0.24495925913251415,0.08148098629711986,0.7048590442124086,0.5059029978560585,0.5700925080521981,0.13578983951951834,0.10101530276733359,0.34588045043746257,0.034489295441882714,-0.07579304122160237,,,,,,,,,,,,,,,,,,,,,,,,,,,,,,,,,,,,,,,,,,,,,,,,,,,,,,,,,,,,,,,,,,,,,,,,,,,,,,,,,,,,,,,,,,,
8:10,0.1375219184579861,0.48319828268184795,0.0587091901073036,0.26705546936943936,0.24381671608603808,0.5300623870213219,0.6017536992485526,0.32050904162398136,0.05750993234107507,0.334973951655507,0.4503245252194982,0.6390268464852871,-0.02555916835566278,0.012744857799464892,0.10641261164759358,0.3078637219494727,0.10847815375082005,-0.16274726773752285,0.06723756261589633,0.1704221150222058,0.4854777359058378,0.3223079420439403,0.07261276896809211,0.31761649342256537,-0.018313200583311852,-0.04630470497655187,0.5775580920731404,0.36568195600232567,-0.08094445943300398,0.08605842936007102,-0.11612409705911839,0.39335534783882603,0.2905632967689485,0.2296335518526056,-0.15468449313706534,-0.19927377910931268,0.04346480905431669,-0.2349058163146313,-0.1994608078120459,0.30914093059467657,0.328882892299003,0.3916244561969803,0.7018130477491291,0.5867798164884542,0.5942965366940012,0.3291323206672802,-0.02882222207802512,0.09309683080855713,0.4997475530262863,0.23259182944859663,0.07156774993794253,0.15742411648192695,0.17123054186611517,0.10854754827426105,-0.022057240372914476,-0.15073426661838996,-0.21197368595922308,-0.14274949932167566,-0.136711281830799,0.5790079774849433,0.6235145397077373,0.41598943811487293,-0.2189134942006135,0.33114084852564635,0.5131521107403388,0.7103685195496362,0.04393726029084635,-0.22481542236090746,-0.16829034124014314,0.2834056490763953,0.22332521856417276,-0.20449122617554866,0.29281443079022423,0.29631739358722153,0.014454845195953395,0.4807645435824707,0.780241124405537,0.3959190762094112,0.08019431372700803,0.34678083114059044,0.47575493429758303,0.6704304843104002,-0.11350994409021962,-0.105184967457575,-0.06684793577202901,0.2585981601120169,0.08115310493647908,-0.18389617498921282,0.06494625880695755,-0.03021499402117251,0.5961872615643893,0.7175099312956601,0.18387315039132276,0.07651164119995862,0.30489740204858695,0.3850963092435371,0.7091805048146829,-0.12437578892557909,-0.08595164549638473,-0.08443563608048014,0.18349864213817818,0.12539154460213933,-0.23001391361364712,0.0362175324250159,0.009846638256443394,0.42553162875432743,0.7671900098387907,0.5127412160063751,0.016399190310153418,0.1996513637233583,0.09314360295986321,0.3866550928550469,0.2916347144274762,0.4854841923820998,0.07410589567139363,0.11295232327246109,0.14261170231939332,-0.22821371584205452,-0.2551305410018767,0.7155292885521207,,,,,,,,,,,,,,,,,,,,,,,,,,,,,,,,,,,,,,,,,,,,,,,,,,,,,,,,,,,,,,,,,,,,,,,,,,,,,,,,,,,,,,,,,,
8:11,-0.08722180902323785,0.3478320735573353,0.4553693574918045,0.26776737219691243,0.2424268275881356,0.43875798844730834,0.26101746081613514,0.27620450745006103,0.07704071336390417,0.00039107468729058755,-0.03150342325177226,0.09130210975437333,0.28491845150800127,0.18218595373544666,0.1186424265206051,-0.12304066347873567,-0.10902736885022082,0.16168231483746856,-0.022124387805626408,-0.16803927308023833,-0.04661790161040531,-0.05176481994992338,-0.11293701777942888,-0.0913303302090889,0.024425103700414622,0.6086675836264062,0.08428430093333272,-0.16468512827541731,-0.02525600409418508,0.08271081823969528,0.30823004394840103,-0.04273553161597674,-0.08622772261576099,-0.04712784262889847,0.22092865955634958,0.21413370842233143,-0.08724158803625498,-0.05057369344303528,0.18964278307241209,0.05003854435307629,-0.0698575363651729,-0.11754022156604688,0.028660507702623596,0.21033100730867155,0.045905870469388065,-0.22573824976587423,0.08294301982457336,-0.01223902975554629,0.21358135798364736,-0.02054468087575191,-0.07402868024006176,-0.1588488445253691,0.11761509302193389,0.060748511426482764,-0.23751678207442684,0.0480877630914042,0.11965840586172799,0.35663581274602485,0.24589919126689927,0.16281085562538006,0.2625068996030864,0.34056320681314234,0.11366784476533906,0.002231016208332328,-0.19800397549417825,0.01543395531306112,0.2363137816241186,-0.016370288036353854,0.09804302265028109,-0.2455951474197029,-0.15146752783102735,0.042586087271423954,-0.15413099933723412,-0.12081416466571981,-0.08279248949164661,-0.028510823715714135,0.21053836219657063,0.48803267399174954,0.004597294600696824,-0.1129932742406512,-0.10693377064595366,0.006245679585548762,0.31514211703200035,0.008190489204951207,-0.13969444730300398,-0.2025770553858589,-0.1060866234030712,0.04338796524575217,-0.17761582728033437,-0.28956095346299293,-0.06512928912232549,0.14482101553820093,0.4294832634491841,0.02581839477600311,-0.08586309920645745,-0.15661584370106932,-0.014761454472859637,0.29230344547894466,0.11340575686344177,-0.1702827952509326,-0.2272976824102006,-0.13741035749610114,0.03257274415691554,-0.17437593324403458,-0.3611985578083501,0.7659993635162575,0.06523483446793746,-0.009005557286119598,0.18161739937979554,0.1328071875339862,0.453607662201848,0.013887631709782052,-0.06421464281917848,-0.11193593609543738,0.1172015398630437,0.20219727280390495,-0.2518590536039824,-0.00820266979564324,0.058424267672202025,0.05845160441672601,0.3335286602515672,,,,,,,,,,,,,,,,,,,,,,,,,,,,,,,,,,,,,,,,,,,,,,,,,,,,,,,,,,,,,,,,,,,,,,,,,,,,,,,,,,,,,,,,,
8:12,-0.043895031597860984,0.5698819938544215,0.22519067085953354,0.4506791748131334,0.34171725903671785,0.6967557648834943,0.5081769542558744,0.22169880225316532,0.22420513088869265,0.11108214761090325,0.11908645316354277,0.2850651706352473,-0.08172167722028396,0.04089895333782222,0.17244716599377813,-0.03125980311711539,-0.07650401386899437,-0.12263754027303912,-0.13290657645519852,-0.05222061177990937,0.06615240158078353,-0.01571978343756735,-0.11688236267039927,-0.0887204082055118,0.03511655593169627,0.1292839361239605,0.19607680585470777,-0.07568349913340017,-0.04277988592955903,-0.08978038184656692,-0.07530943279146847,-0.043675170199486676,-0.14413880011126526,-0.1465970421946311,-0.11628126089230927,-0.1428516458089959,-0.15814669870784043,-0.1236158384009573,-0.05892998066228289,0.13508540974525438,-0.08314848120342139,-0.06393787610943819,0.21133293890696822,0.32591069820504426,0.15187066847897676,-0.18588199743929523,0.02776173992619289,-0.029588291036339726,0.27750500646504755,-0.1866212641752082,-0.2909860671201558,-0.23354986064886937,-0.037871505774803964,-0.07941533713080798,-0.3328604069720421,-0.08399001043081471,-0.061976303413248994,0.007928692844366677,-0.025803738428292877,0.2832191742303712,0.41798080830261347,0.3815222206957117,-0.027253674625765577,-0.05199330936131471,-0.050304567901439265,0.23678624628517225,0.10326344534694608,-0.06176461960278052,-0.10536142537376665,-0.14591050254033505,-0.05602709163437564,-0.11448603561219373,-0.11593535709576382,-0.07554977303654539,-0.06471657644793287,0.039403664108650975,0.447222199257407,0.3354293217512277,-0.01690033832122247,-0.09385274367819058,-0.05858248521337844,0.15490532113661204,-0.1263242802016484,-0.1251145284248895,-0.1326026685264022,-0.1573588664719578,-0.14276772162364504,-0.15919727234713862,-0.21213110862111748,-0.21901675568122417,0.04838732058153916,0.359678435724287,0.12735116177887204,0.00860813243475945,-0.09470965251619319,-0.10333533954018312,0.14820927775608106,-0.13907714097499363,-0.17514025327411872,-0.13837870722823487,-0.1922405371772226,-0.12014262561498004,-0.15988346378906831,-0.19917019202943154,-0.20935122449119578,0.8261520545267318,0.2574289051079017,-0.027383206739301467,0.06266249142488897,0.12223929439417569,0.015641191098547672,-0.040833728758302316,-0.1417164810688463,0.030611916394645194,-0.03499649945950808,0.16838666465161645,-0.15987462226735344,-0.08913167855923158,-0.07600435113172234,0.2811160865477635,0.6152397569923036,0.7279127474408424,,,,,,,,,,,,,,,,,,,,,,,,,,,,,,,,,,,,,,,,,,,,,,,,,,,,,,,,,,,,,,,,,,,,,,,,,,,,,,,,,,,,,,,,
8:13,0.07412804316908371,0.6525676513761701,0.21840934528390757,0.5324538992236578,0.32991182817387166,0.698397627346864,0.3698556452752875,0.30112952406918,0.34547147885000423,0.2640156705481993,0.36746026156122635,0.33234125690851757,-0.0884505408318423,0.09339746019608619,0.1659862569586748,0.13017877269990027,0.008641107660894235,-0.1133010473544801,-0.08781254216987672,0.05915605544325719,0.43942804987354966,0.12563471436206286,0.00542902253140633,0.05477801452093567,0.0689620272245813,0.09382173169844728,0.38902654484185223,0.22541480815131215,-0.01021497649921618,-0.0321683896476666,-0.05753623398646933,0.09737996638120511,0.15567608203101987,0.10658227690210781,-0.05608904525546223,-0.10311398273055032,0.05433404155505037,-0.13559306048845873,-0.1056210250186846,0.21856443839463502,0.04732785444832795,0.13235026150717857,0.2847269337349515,0.1872191572556287,0.42527785249660444,0.0009684759229057654,0.039752377000586085,0.052619729218504364,0.11680118381534957,-0.01653843059398639,-0.18277319249471105,-0.06096382279376689,0.2275759057931074,0.17032391722788454,-0.06325492781600357,-0.09181001957457988,-0.08949387072191323,-0.02909531332372424,-0.021669212944313912,0.21767302392471155,0.22985718481222867,0.28251453375146857,-0.05795613885408948,0.07683850481743851,0.19579767845448695,0.26599113549230513,0.04129802336479257,-0.08752371835264008,-0.11375878995952497,-0.017307968206942102,0.056721300759850275,-0.13510701962699048,-0.07250562954325783,-0.04885111917227602,-0.04598192144584512,0.025240979453603905,0.31911070267706915,0.4399007756475098,-0.0015491486562208062,0.0762911689139878,0.1936886413339769,0.18524303439710355,-0.10786695550782628,-0.11118415018273195,-0.1320814199960444,0.04839825881104392,-0.001349969607892959,-0.12876906104645403,-0.16302556182248645,-0.10769027141841364,0.19533025721907146,0.2953934328591997,0.2654435043264627,0.1079143996824096,0.09528994550152797,0.10587615423999064,0.25191045287863845,-0.11323658035195337,-0.11347831874268481,-0.1600760342487259,0.00544993960794198,0.054078349857382656,-0.11114818855271116,-0.14343798027799973,-0.06237295239548503,0.7713263724656525,0.4598564027164002,0.21659532131516115,-0.015668745358666678,0.05806918011291382,0.03243339896818714,-0.02435237943209151,0.02226014676536535,0.10247574073208449,0.10406340760851189,-0.0512557978390408,-0.05810737998964687,-0.16150252183304845,-0.11886948653106205,0.34852610768066733,0.6092353872973734,0.5127254168476022,0.8055566860468653,,,,,,,,,,,,,,,,,,,,,,,,,,,,,,,,,,,,,,,,,,,,,,,,,,,,,,,,,,,,,,,,,,,,,,,,,,,,,,,,,,,,,,,
8:14,0.23702887226523905,0.5121078582667953,0.17576942457456265,0.21950325223627168,0.14679891099144252,0.4573061384887215,0.7182001471369639,0.18449446422971372,0.20467045064527947,0.3514042745006937,0.3386133422750065,0.675120669179719,0.01618131160441567,0.03782843045924541,0.1378254022334599,0.24145286081364953,0.19528698971163008,-0.10189806962369045,0.06037818343037694,0.06641623589167471,0.23490021139840583,0.4576758962945201,0.31496174845007896,0.4183998482063409,0.15367340755085504,0.1104859807872289,0.401232164172422,0.30458674684495524,-0.02316841262138935,0.1034450141871931,0.022634338357168465,0.3795148116128973,0.3116799051369444,0.22847523128193845,-0.09331571055139395,-0.09569799518696838,0.024433387859963837,-0.152805129667413,-0.14865739571136188,0.5375052849214312,0.4510610508907309,0.4654180722322931,0.5417213551891437,0.48797305573259864,0.5713727271430225,0.3787677032212002,0.026887161365401414,0.03950846436665422,0.48761282667279054,0.5181330966724095,0.3212936302875287,0.32366637151276006,0.06797079066688975,0.03796521578489847,0.052730479842424655,0.0073405914568273065,-0.09929454172197442,-0.13299489056100725,-0.1528172136041636,0.6656361865821384,0.7462431078665701,0.02820437700457234,-0.2144736639518018,0.29087692988952074,0.3967388161125715,0.6833537308532417,-0.015860425714845406,-0.2394621597633339,-0.20218380285475282,0.2723677835477227,0.25105912712573053,-0.21695032465520064,0.19282008905793774,0.16596836204727816,0.03664654731486247,0.55463254971414,0.7472337481555789,0.24349757764295477,0.06799216034285539,0.401028485873555,0.35397233736634487,0.6803140316738696,0.0030616217730029534,0.021363148636408008,0.10682503179181688,0.19111213002125704,0.24998531809934893,-0.05899554349413953,0.11405581998731368,0.05262255492252781,0.5027628257461654,0.7391086259651248,0.08862610431909841,0.12023257462001374,0.34362331795813716,0.3728872740807057,0.6644710182808229,-0.05146810638089346,0.009751303935131147,-7.203915174047163e-05,0.16451309898310182,0.21447171425073264,-0.0603643196555083,0.19690258530549337,0.1263040619215873,0.33860283406498237,0.6931315867925161,0.3722301747093249,0.22474939515608933,0.3295595984067901,0.3023967389586898,0.7352241181507796,0.310380494082775,0.378786362941478,0.1681094580001507,0.18974910913027856,0.25887108820595656,0.08388357395559341,0.07673593903133243,0.8807966479227,0.6414457277740071,0.25288361194312375,0.3609448922233527,0.3710664623802933,,,,,,,,,,,,,,,,,,,,,,,,,,,,,,,,,,,,,,,,,,,,,,,,,,,,,,,,,,,,,,,,,,,,,,,,,,,,,,,,,,,,,,
8:15,0.22539964071849547,0.4438168138357161,0.05092433092073353,0.21837582496919333,0.12411535153478008,0.5198824652422088,0.5778530621590698,0.21104085729742272,0.00738328865569303,0.5144781603955685,0.47841303963732623,0.5950714141712284,-0.0705926494792505,0.02172697852412065,0.08966409407808788,0.46085416870479307,0.2841309389695572,-0.10588073801560206,0.22911836856395265,0.33790034762646853,0.3349295301753532,0.41945347778302244,0.14305833498523374,0.37479664067269103,0.009571339440437514,-0.11051892813760775,0.42515581800406194,0.25621635207883164,-0.027519409711093113,0.08971775942079817,-0.09949333800159754,0.31408885677263726,0.2645260415289479,0.32394793998703875,-0.163538752118298,-0.19185664741163053,0.06724116193712246,-0.14953716101818593,-0.15592563611798724,0.315690132379277,0.4111053295099967,0.43539153288388965,0.6289090877758935,0.5057045924424306,0.5004280658169356,0.2554375114478034,0.11960900273087122,0.23702042410891966,0.4223733933260227,0.26074933835748043,0.24061043779385854,0.3053145462234129,0.14198119567775566,0.08986054977875253,0.016579485265260565,-0.0513427017863173,-0.11266735767028332,-0.16719379763771536,-0.16990414311271165,0.6211867125491484,0.44624325177013713,0.0997425672275154,-0.16280178913198998,0.5474707110259515,0.6408989727630059,0.6034305761961833,0.07301214383526163,-0.17203548919841608,-0.21320539522379342,0.5035887013749576,0.3860624389691397,-0.20137491412785544,0.38190807907269986,0.424408033649086,0.06143757205992546,0.6410985432647631,0.7621163255480343,0.2988661398802448,0.11210398541774971,0.5920774987587417,0.6695084872176152,0.7625090019072037,-0.10655398603562716,0.10475388332218019,0.052646339482472077,0.48300237231661886,0.3452495504378929,-0.08275091982341971,0.29338848964850933,0.33088572086532103,0.7005412509702738,0.6876336731023279,0.17824824722288798,0.21066707075610072,0.4558383687805371,0.581342006551727,0.7544132469781271,-0.07387066571496638,0.03519326097641,0.11763916324083953,0.3526262066686766,0.281788443769558,-0.019756226214644068,0.25526245281102306,0.2724531399152532,0.3243085510697273,0.704100704016199,0.5619303733721713,0.039250528958802114,0.19160975066801,0.20009725321939772,0.44529964085945023,0.5846273806192253,0.6513690734160972,0.13859808417229022,0.07076496510616793,0.27444556885514065,-0.10074167765915222,-0.13291942285706615,0.7964623693957412,0.7422070841447903,0.09352693315828385,0.3329573783414242,0.42069299982404423,0.6979121354553924,,,,,,,,,,,,,,,,,,,,,,,,,,,,,,,,,,,,,,,,,,,,,,,,,,,,,,,,,,,,,,,,,,,,,,,,,,,,,,,,,,,,,
8:16,0.16441905661359288,0.49336458034259334,0.08491233877966002,0.1508022639470903,0.06698310458749873,0.5474938486862091,0.7156022332316017,0.015019505477926286,0.057377379391192626,0.3507296449333271,0.3589456729966593,0.6657399231603645,-0.22756696032491,-0.20692285411185887,-0.1117408993092794,0.3673181774440743,0.260550335452859,-0.3127174007118274,0.10102674546883827,0.1760544446339744,0.24591723916840558,0.4671489372429235,0.23971855180225232,0.32600907640734256,0.07850043082526892,-0.10917215660098803,0.3777741479758307,0.20014612687890637,-0.10675302040531515,-0.12827315749471038,-0.1972628031523924,0.28315417142177657,0.15677201839821883,0.206903140084169,-0.2528608603726444,-0.2839613053927993,-0.057170648134284484,-0.22093474780378541,-0.27988709276930124,0.35287359387307726,0.3734584125862529,0.42929509250271564,0.6173698741567398,0.5641735905871756,0.4313174837611088,0.2090493487221143,-0.06732778445200471,-0.03274294411826771,0.5131919716283074,0.1653511313376094,0.12563067860589006,0.21211915661268255,-0.022917855241565567,-0.06406451513612131,-0.08862624389905456,-0.1483862763867748,-0.27664643335609695,-0.25164048880445694,-0.20046736703716167,0.6531528364425403,0.5457526729548653,0.025025000423399647,-0.26269607842282816,0.4063411579700364,0.471613410696071,0.6798034790914207,-0.13696187735232443,-0.3039970294873721,-0.359664381874673,0.3548432913388637,0.31381926007814553,-0.3435059328771357,0.24463789496066027,0.2990904500554808,8.738383938720442e-05,0.6378118172078547,0.8151175960602625,0.1301720010360478,-0.02178226926931492,0.4288346476381934,0.5227836796311598,0.8116891476434382,-0.26124862050384234,-0.13732779590362904,-0.07874306106826504,0.3968504357200979,0.29681009763959326,-0.26900024797751426,0.15285200547192387,0.1881862027462476,0.6972953919600222,0.8347774095180475,0.01641492034138851,0.19210883762592093,0.3355327367284269,0.44442124030290103,0.8204740202507166,-0.23510648902524137,-0.21379227468607048,-0.008096983468477394,0.32253867284702403,0.28488670435043756,-0.22104206328498052,0.15933024283704822,0.16880390093629805,0.36646744382435265,0.6551789219342404,0.4322974994031587,0.11929761734447981,0.2344761206024672,0.1202824796682257,0.42129633895362334,0.4152593379789489,0.6898335210946887,0.11346639358220885,0.17799370497017702,0.20424759610528112,-0.11603188372393314,-0.1576087672598422,0.768862058805498,0.7676314063154366,0.14879201583560572,0.4694860712506529,0.44071696916567815,0.7000844803885389,0.8797089233681283,,,,,,,,,,,,,,,,,,,,,,,,,,,,,,,,,,,,,,,,,,,,,,,,,,,,,,,,,,,,,,,,,,,,,,,,,,,,,,,,,,,,
8:17,0.006024046414157214,0.55913600093722,0.27283184443177244,0.48514520333012773,0.346927891218708,0.6494834455500306,0.4190554837537475,0.24928916728499073,0.309459056671059,0.1341161669531428,0.2384702282457896,0.3412978938242174,-0.12249389314436493,0.05740378042243312,0.14905403844985055,0.06339261892324477,-0.06392478513829325,-0.11358571065828281,0.0032742869023810045,0.009755899324321348,0.26163795670833667,0.03570564951553515,-0.0780750672979762,-0.04509252941433328,0.038929750442130547,0.04846171845958606,0.24191468762809823,0.08537588709574519,-0.00978760828329015,-0.016202058374486076,-0.06602254468454144,0.020942001472900384,0.0048329705896479795,-0.05092652627839673,-0.030190992616498564,-0.14125812463545856,-0.035523466766596,0.016996307342921103,-0.08252960536434645,0.1810843169347371,-0.035292717063087856,-0.00012635502678257256,0.2609313303888767,0.2613255643880218,0.27148586651487844,-0.09597811845810832,-0.044844858533950684,-0.01813580986628804,0.2429888925846156,-0.0912452572840821,-0.22983880260385967,-0.18047168071548683,0.24844852599746797,0.03981823687228803,-0.15589969019922378,0.09851750963390982,-0.03479032257612616,0.054358454461797705,0.03771055495283879,0.33767547150757043,0.4035351122948363,0.22159924558608735,0.07072641772980275,-0.00011643433748204774,0.09190470464124718,0.38007353916811454,0.07355312512802285,0.029211690940616698,-0.05711183546856818,-0.016762423450507425,0.08646811914118847,-0.04702634056595375,0.008401252642583798,-0.03553190350278938,-0.04191100867416378,0.01547932478004669,0.379251397309628,0.33880908892715444,0.03736199799814272,-0.0392292531122825,0.04167532183516665,0.21649473977970565,-0.14809294830580305,-0.10323988401595584,-0.0986908894456068,-0.0032671809830871756,-0.05735398582408291,-0.12502260855410519,-0.05725894947658999,-0.09900269010975637,0.08733726383431886,0.3159155699492553,0.1578935305951783,0.0629979096895877,-0.00786138897039748,-0.04336445747552266,0.2228530647452565,-0.16746333411293676,-0.16393710402555217,-0.1546245320990567,-0.008165938966127457,-0.01639538297810352,-0.14475450830892603,-0.033735065521629616,-0.06866446653257649,0.760385241828499,0.3741263258022186,0.09207213353712801,0.09702879681188051,0.16390879451724572,0.05529098903952161,0.024699604931262727,-0.06252475710177718,0.08857401623169385,0.2424086483222197,0.10023718108074207,-0.055536695461267854,0.07226488671405941,0.016582364875137524,0.3942495439000968,0.5511662966149157,0.5575143461212895,0.8479323445221423,0.8761140879971592,0.41452140499993895,0.3796388736407949,0.48988449414327273,,,,,,,,,,,,,,,,,,,,,,,,,,,,,,,,,,,,,,,,,,,,,,,,,,,,,,,,,,,,,,,,,,,,,,,,,,,,,,,,,,,
8:18,-0.028549850678956417,0.33669063455312914,0.21879328822557645,0.3094496665299864,0.31201553726756476,0.49682083115235726,0.6163062839170393,0.17842065559461434,0.13546226157643498,0.05380362797234487,0.12360335212220729,0.4989894594421973,-0.04117033067478499,-0.04297456922731057,0.04315606478940141,-0.05228698729524818,-0.004057066859425223,-0.1483445939306671,-0.040934347653534604,-0.08706589572530639,0.15881325660659548,-0.0046252644366926235,-0.08545816946391095,-0.033909374951926176,0.06265106603926304,0.027738503787583465,0.09328049964043161,-0.00935331471602423,-0.011139413815139804,-0.02701711952389928,-0.03417098520114997,0.12221203426576466,-0.12503513830254,-0.13073100102892218,-0.11250656657158303,-0.07802713777226544,-0.18077655926492897,-0.058494869102371214,-0.11355567617233873,0.023490213067878258,0.002535148078239648,-0.018978739614811817,0.5608849547812332,0.7147898282141263,0.08048732679209668,-0.14285303278705241,0.03067998324028434,-0.04978264440707113,0.7162205726503984,-0.13927833540623905,-0.2659351695661657,-0.24315037676103696,-0.028848861322707236,0.07070166646313841,-0.3235549818096448,0.011124255596032267,-0.10101151078152529,-0.021618614684761308,0.04320923758934988,0.3904033614073947,0.5064319633410567,0.14110948711903754,-0.020831625303055008,0.020656793487101074,-0.032736154641421475,0.5072580122744482,0.04783080323977541,-0.1163635048762485,-0.16165546707818465,-0.15653085784003748,-0.0128885848472858,-0.19943733367775246,0.07202185379090734,0.02286373683905445,0.05155755123671104,0.23642046767607175,0.694255690615221,0.18184331271162535,0.050368392491984354,-0.0653336230099887,0.02056910955128629,0.5100388990544669,-0.14242812832185966,-0.1632552642351026,-0.16285507184899928,-0.0871871223513059,-0.00490901946395472,-0.17796013268950822,0.00800136864208531,-0.09973148348405268,0.21364289781604898,0.6023584874106908,0.01223864392254855,0.05763115666789645,-0.07920238851818848,-0.09689962172510885,0.42493842042461627,-0.15040991792856215,-0.21072270004119348,-0.17489051061329897,-0.13924092643389904,-0.024846965625778424,-0.22771536075214505,-0.0290978277029885,-0.15769852103038146,0.5315466713693446,0.26632851698723553,0.05974093939139908,0.2384986265689444,0.3853591159813915,0.09673054415790645,0.0871762936481207,-0.07392113460938893,0.28624365033484184,0.11660777504569901,0.5832950366909998,0.04511351480985393,0.02933080884259524,0.009606615596719818,0.4469141495167828,0.6240090816008568,0.4348047216398079,0.7390634855497342,0.5268551717819411,0.4973658000860074,0.46797231303713344,0.6585146263622224,0.6902769526190489,,,,,,,,,,,,,,,,,,,,,,,,,,,,,,,,,,,,,,,,,,,,,,,,,,,,,,,,,,,,,,,,,,,,,,,,,,,,,,,,,,
8:19,-0.05704293835633787,0.01916926865296096,0.10549049072778288,0.10347771585833035,0.03707652626662318,0.08405482596227884,0.3737546903719224,0.13595084754523956,0.26772296006762236,-0.031555252393119564,0.11675304303071339,0.3005240956865862,0.1459765019210429,0.19687477709470946,0.12849048218540607,0.07380381147546222,-0.0341980167403004,0.23595565350517694,0.2547649623693409,0.2761218524583542,0.23819729209796098,0.009225178074564905,0.25780320947012764,-0.03603277195430947,0.1844226229859126,0.06187515037955405,-0.05340288010681855,0.17753677699245246,-0.0895369872064925,-0.01739022613779112,-0.09871499253072591,-0.08845326322372342,0.10065491000770993,0.08301310125860116,-0.04386954501190034,-0.1348958278989963,0.3424167716410805,0.10528975081384677,0.009869424790436943,-0.0425736793898465,-0.050300719595961524,-0.007009847577299795,0.4067853226682988,0.42054257625379804,0.08138742939162832,0.1904478454104848,-0.14100430413242135,0.12089764019347218,0.3798788995826442,-0.022070540752717915,0.02110489032838344,0.02467256283973121,0.13559866308936128,0.024826460698304104,0.4963397655842577,0.09255825212716218,0.013373952929651671,-0.2437293090788331,-0.2825093214289954,0.14107367022257156,0.1278696716401907,-0.053416213141907906,-0.16408260732942165,-0.05138364230879325,0.2137188245405147,0.2751350456662556,0.06043305349416888,-0.05716723194288466,0.013299919461069946,0.22639711172681737,-0.03257763749457182,0.24607054579726623,0.4247720302590783,0.4567771138969439,0.2053603389982852,0.1578894895665084,0.30321007423186175,0.07072343677008738,0.029883573215845734,0.0360031344002507,0.10522189075432437,0.3059533769694069,0.13987073850045104,0.28232724183874724,0.35565718963144183,-0.005056216509518514,-0.05868523571553784,0.35570954940813776,0.23626398355300732,0.16024272627884556,0.22203209264306425,0.4194309415546362,0.03471747439689181,0.2319996334451021,-0.08847999301722737,0.09418090040329317,0.3170821510400646,0.08591701987576782,0.3349539224178666,0.2938226907990458,-0.019612229474935152,-0.12212800851447182,0.3554547560948566,0.24035374367547832,0.2848510964114846,0.020709291206257134,0.24669632446915563,0.14489440659094396,-0.008511690368230657,0.1065598398429785,-0.12750426024974543,0.09047223042965682,0.2309429798231201,0.3603661297418101,0.09763797134233591,0.2076090739680865,0.7294885363688047,0.27132105119933425,0.28725649946730436,0.4288056629287096,0.3222849382225992,-0.22084275371412543,0.017222023685126653,0.09435354553511156,0.4096926247071854,0.4740630604357733,0.45354937079059715,0.11117431834002595,0.24102740219076446,,,,,,,,,,,,,,,,,,,,,,,,,,,,,,,,,,,,,,,,,,,,,,,,,,,,,,,,,,,,,,,,,,,,,,,,,,,,,,,,,
8:20,0.030349375529920283,0.09528440901633582,0.2177676361515557,0.21042656432628556,0.13296822636904618,0.13250721302206697,0.01584842350592487,0.1747972329114557,0.07754548440302855,-0.07239362058280753,-0.07967874124907437,-0.029199277852235896,0.16906041106505873,0.22069144248268954,0.14245416766650937,-0.1429254913334148,-0.2102383202188395,0.3906568144628741,0.24442203085421862,0.054626950296630186,-0.06423385224006334,-0.16055423738705707,-0.18823928926317535,-0.12911141019706726,-0.0021369264475978025,0.30647044444192606,0.0016463299520664094,-0.1296726483788484,0.16948978354897262,0.177725914161612,0.3081437013313073,-0.16903465754659566,-0.09665241039429619,-0.010089607937877729,0.39687667242508523,0.274359747141664,0.17681748061634095,0.5520450345484974,0.49921066392966895,0.04766399188352486,-0.140548769700614,-0.1953711223964293,-0.11489987500375544,0.03398236167093073,0.03027541760588906,-0.1320827641571426,0.08258879644137142,-0.008725179668214685,0.10817177849246971,0.03644639467495442,-0.01667594647104461,-0.08785716835628969,0.4504177888279256,0.11387935677377188,0.14383170637542578,0.6635623994814451,0.5548252551681041,0.23082524719022093,0.08587578883256419,0.1598283386147479,0.25738653916682774,0.1562808394257105,0.33737407827861093,-0.1148070827680968,-0.1729592157507754,0.020342586414454387,0.25323711790049164,0.1789508539602971,0.1383788918706002,-0.12642676632392796,-0.05378879922804023,0.3550613869751574,0.12198404111972007,0.0715184656573289,-0.04546397711732638,-0.16369330162943616,-0.029055573083663726,0.2346599563821985,0.10348328157977972,-0.18004985105871055,-0.22660751975455523,-0.07772709575389873,0.18699602470843565,0.1488589778521169,0.0866021042452528,-0.17648773887597363,-0.10364472533648005,0.367424944824397,0.14465002768032983,0.08118679306823245,-0.24918222950948415,-0.1208958197066072,0.18018504711584593,0.030517695350442495,-0.15593137937888824,-0.22240636733045432,-0.12297414997906043,0.18738466666100212,0.23534353809780573,0.14171289117765853,-0.1279733368480231,-0.20019138643618933,0.3836299679902969,0.20036983265828462,0.0414537174046051,0.36818770695580844,0.02018863992095147,-0.10686829944191877,0.23910340825736562,0.3137069211514515,0.3103082006806677,0.06185239836487987,-0.08621944414213409,-0.1259531579222915,0.5110229813613822,0.3393337723425609,0.09871024857449426,0.7763194143050979,0.647726926874466,0.060827626493497496,-0.013616751384566222,0.5449318527177379,0.36063291691254645,0.24276076739603666,0.16666130411286695,-0.07765013142033592,-0.06965106947190436,0.46645801879400134,0.21875145887089573,0.023195848422797278,,,,,,,,,,,,,,,,,,,,,,,,,,,,,,,,,,,,,,,,,,,,,,,,,,,,,,,,,,,,,,,,,,,,,,,,,,,,,,,,
8:21,0.05218419419207487,0.13018132874593166,0.07789067858244315,0.3047350775859494,0.23122897364625075,0.14183143962041161,0.021619374168970328,0.15134467883405342,0.21233551237269982,0.11114446303246464,-0.009612361695027454,-0.01617112556645209,-0.03331335476924305,0.1444214725289657,0.3619953719056159,-0.11188074128280003,-0.12287606693997807,0.26445881228973966,0.2311248300536165,0.3099686017433678,-0.062419065743885956,-0.1284629277376622,-0.1153437353821685,-0.05428328023089491,0.07548950104732681,0.020170428899209652,-0.02743088171821429,-0.06409802585004576,0.22122318220155646,0.14269901263448723,0.1074345593203048,-0.18928526758320166,-0.12722273727575514,0.020056934048936003,0.20548403183509298,0.13125161487587414,0.13320223483230983,0.5132433889174287,0.5836630053266526,0.02415658869342669,-0.10553957394470785,-0.15356104174281238,-0.14318356110092903,-0.03225236054449661,0.006897769556330124,-0.08840542199843186,0.3629745517975346,0.022117885653719,-0.018050879208662572,-0.06485353241061563,-0.07554083944531227,0.0496360527915711,0.2734587567126455,0.045051322529580495,0.11635021842156668,0.49363095761893083,0.6736772354471613,0.09245875694421243,-0.02274080386593779,0.047104213041936946,0.07226218675722386,0.04836367794462529,0.31184148573790454,-0.10081340518523525,-0.0714987812817924,-0.015832596446322816,0.1758894707572739,0.19519695451122496,0.06280951438969143,-0.012472364157036727,0.05009129176350122,0.3432898003365138,0.1783557286554773,0.1871748986049926,0.09145399729824734,-0.15796557239448084,-0.01897227557090435,0.1383287465234899,0.26837722998562685,-0.07950271935189675,-0.21595986108759238,-0.10169025045918506,0.0028162892994445087,0.19562072739466058,0.3723608517364153,-0.12200220808253344,-0.0721679422582341,0.36739267120805813,0.19247753578428756,0.3075756370706409,-0.27505725121517344,-0.1372862413843535,-0.037571799933371695,0.12854737198767896,-0.13178591139959417,-0.19758027400262618,-0.18466632434885857,-0.0254748084553224,0.1506022260075678,0.42912428113102524,-0.11386253420412189,-0.21788422059305526,0.40428021936564945,0.2264738750732217,0.30587645106524003,0.272037966189427,-0.04268128001865975,-0.19256143615130814,0.19001012908871634,0.259689400657789,0.09931971786121899,-0.06967041935376475,-0.18531343277563178,-0.11419954962255294,0.4833715093356466,0.3239004662202092,0.13138468831754305,0.7124415794761996,0.7839034336038744,0.01017321718191918,-0.07590488954739537,0.167287240864249,0.2919236877307516,0.2580137763991288,0.14226761389238995,-0.004867464244155872,-0.03186607719506811,0.4043873330152183,0.19011651988419895,0.18385537446906003,0.7267377306413464,,,,,,,,,,,,,,,,,,,,,,,,,,,,,,,,,,,,,,,,,,,,,,,,,,,,,,,,,,,,,,,,,,,,,,,,,,,,,,,
9:10,-0.031931787948489145,0.39434462007524906,0.21091089823952563,0.4370618594757199,0.34168911074077307,0.4747953673424142,0.21356171293070336,0.38816674712423915,0.17624660447569696,0.09492940470248643,0.09737878621659808,0.0829552709914797,0.04637537494095901,0.1774080817305564,0.2909725586618551,-0.004717743042338923,-0.028815776191430675,0.03277848633791064,-0.046290370229354026,-0.02801987067336586,0.0766075083752813,-0.0009128695978505298,-0.0790209987782327,-0.059485664825895596,0.06029033305213894,0.15135454453762345,0.2841479620937745,-0.0333240380491017,-0.008158962272748689,0.005368075680884554,-0.030226889737193206,-0.021713810155786523,-0.07042432867995645,-0.08686292256001275,-0.08759107047729454,-0.09437523258953204,-0.12702572252738514,-0.12442101966220373,0.0012987821779441762,0.0460297661141481,-0.003458482220684737,-0.07126530772036216,0.018009149320025373,-0.013072234245811668,0.16209813895073139,-0.1015866748953117,0.08535263942011549,-0.023190099097975193,-0.06029990509592794,-0.10885065972672375,-0.15887500877009123,-0.1561117746643214,-0.022032515913424356,-0.03237178902260106,-0.23353915665092076,-0.13140535128086053,-0.03507240826496435,0.1847578273544411,0.0797317424465616,0.085674706449571,0.1570565223743529,0.7142575843689999,0.12497746304465732,0.09480720190850447,-0.054202921335725324,-0.025620845159577025,0.3820247245349372,0.08327346875730539,0.03507374719601427,-0.11238345406392986,-0.07128516948826313,0.04897030690649016,-0.14654765423935484,-0.11436149584075651,0.04594116717167561,-0.04367587011973374,0.15476505652768677,0.5627871889580706,0.20992986007828257,-0.05738474388993479,-0.01949310481614144,-0.05572147587907759,0.01658193382083895,0.07083163245576,0.02616953666454427,-0.13294946407945238,-0.10056579069491134,-0.004709625589675447,-0.18929852728751184,-0.190006288798356,-0.0834065334571634,0.06743643357531595,0.2665496452089832,0.16028792813143392,-0.1256846093079546,-0.15919440768891274,-0.08462390670698842,0.007539713485838843,-0.019172129613790053,-0.05501173011412736,-0.2241578841482876,-0.1703652423279112,-0.08002505363134228,-0.2454393155971098,-0.2923646713377047,0.6334823947263523,0.10245360252086874,0.040381728573342525,0.10726348931057136,0.0003835446113753927,0.06015441686497832,-0.1589894819413085,-0.14473215360566513,-0.15731860004344367,-0.056730913372781966,-0.09502015109581491,-0.297916963130699,-0.17449133198610428,-0.16079888689418811,-0.04379950969001657,0.4545914671785043,0.7167285304873502,0.7670911368021303,0.5482653069766633,0.024697590971467478,0.11738982299450904,0.15461632161640998,0.4921645065738741,0.31990302040732577,-0.22402350580663655,0.26253306290531236,0.09766578072113928,,,,,,,,,,,,,,,,,,,,,,,,,,,,,,,,,,,,,,,,,,,,,,,,,,,,,,,,,,,,,,,,,,,,,,,,,,,,,,
9:11,0.15646124762694458,0.4672859725023049,-0.12380612934108597,0.21287780608578574,0.14885730708204536,0.5047316433138268,0.3537365653286745,0.18670733914243107,-0.004067243159984728,0.45797106856421754,0.5001264176261974,0.39597605797484975,-0.2371892180597049,-0.12937955851030805,-0.03308253022685255,0.3704067713729677,0.2097833726424083,-0.2566276179234462,0.011501289565147442,0.20360742844879723,0.38685806354936514,0.35845100273089336,0.09653284690222715,0.31625055252376716,-0.022217786520374122,-0.041485740209192,0.6554488688468803,0.29890660255271156,-0.056273012556817915,0.11690951640200327,-0.15110829268172316,0.34334649388717303,0.3284445618730825,0.28643125555460514,-0.14488556714850703,-0.18551947490071052,0.046394582216939664,-0.2353032715050335,-0.12449917703233561,0.36531675555507453,0.3138475603433652,0.38824766503936625,0.3277206026637958,0.11490647150740385,0.577200884562425,0.2143149748156434,0.01498044238438686,0.21379020405187005,-0.0048103315616079435,0.18280244911555113,0.07596357533382246,0.15827781934058335,0.18469617004180217,0.08106913173820861,-0.0887055909023106,-0.14403113727395214,-0.11547199930426894,-0.09468082037384676,-0.12281739482329676,0.4380306676108916,0.43412173784827884,0.5905580185081454,-0.21154169893418537,0.4068583354945263,0.5497192642169507,0.3816947194463173,0.017767941153764816,-0.1895117073503603,-0.2390197911029285,0.28490127504476764,0.2854124038674236,-0.2642255414292837,0.021603193139800827,0.1278236380389841,-0.017249074674285308,0.4032970388386529,0.4285587930708249,0.36343561117341355,0.0432877624162822,0.5063140718261345,0.5576554086310582,0.37048181050827994,-0.24341306978990965,-0.15484538119113767,-0.13564657750391618,0.3909694275526026,0.19793096427561208,-0.27889335368057755,-0.0047483729704513155,0.10243147374557832,0.5273314480935879,0.37359188137708976,0.14865841450322367,0.06608987377147364,0.46145274740872,0.5322487844666186,0.4443874872114131,-0.23925523888326405,-0.23312568258601368,-0.16259129537523528,0.30684836103006735,0.23959386799782012,-0.2901727093895483,-0.012552326621732496,0.08613667771588654,0.32605645045836085,0.6721134726889187,0.48535989517621103,-0.04238051273522382,-0.014109095920249634,-0.018660442769109963,0.28806029340953226,0.3837209369396281,0.3512538494046266,-0.020264901141272575,-0.2553884686827694,-0.04864441371818125,-0.29731043415934205,-0.3154531081868269,0.4281479924760985,0.7053295465021712,0.37553286852400725,0.5113204744303284,0.5137672482523786,0.28287700672110494,0.47515776985976904,0.43809785957829206,0.3565972796938176,0.16184075970426587,-0.08881334386399299,-0.003813060214190111,-0.13702851483167933,0.664126426744051,,,,,,,,,,,,,,,,,,,,,,,,,,,,,,,,,,,,,,,,,,,,,,,,,,,,,,,,,,,,,,,,,,,,,,,,,,,,,
9:12,0.20870789122305883,0.3488116349002316,-0.27119855581543384,0.055664746230006425,-0.03993792515074007,0.34433059711301384,0.28271788049186564,0.03635955912108496,-0.09532638589788944,0.4314419952471228,0.4518771651492956,0.36445228720930944,-0.2768296920362927,-0.20998858924866223,-0.15254943404403562,0.4282047539384169,0.2489126385795636,-0.33096030403914106,-0.04246956125284378,0.2464556321952701,0.32666061102108473,0.3929137386022634,0.11915628054679978,0.38213703991954057,-0.1053541233637673,-0.12006720341874,0.6386963446340463,0.3033207952183822,-0.06188036077800622,0.0471188782750711,-0.1674241907105934,0.27219332070479985,0.31205794989590957,0.38072226976050916,-0.12398174466902062,-0.1722205648493601,0.047217505038781506,-0.2218304555262232,-0.11606143716657176,0.3870788506152585,0.33203753512732254,0.48332721188159616,0.29809817228978636,0.11549179867187591,0.583297653407415,0.28876490472305355,-0.02013816193812114,0.2548505624823149,-0.020551262755148892,0.20776155895642112,0.13604192208709534,0.28590755054369643,0.19052904163495624,0.07599168473198376,-0.043254051185742375,-0.16709502993065634,-0.1091027633730997,-0.1939219774228169,-0.2089188129830316,0.4269604854591179,0.41058724622984205,0.4003974537319772,-0.34509697702522873,0.36337917170348605,0.6610979523686855,0.41714217420122784,-0.16555757963478013,-0.24051742144113913,-0.25128148633739894,0.40962954914814004,0.395711581904055,-0.2850534379840141,0.03963317782374715,0.2280277563616864,-0.0457617582555475,0.45879573881892105,0.39755001739572315,0.18061791679223685,-0.08231887459725279,0.5933072545084432,0.6666279427986087,0.4377345279446397,-0.25385733714368736,-0.167931626593565,-0.13665061796427563,0.4866829443705543,0.29192078502233476,-0.3043544733823088,-0.0026154005730684884,0.17710332422029681,0.631976671002283,0.36503539191719214,0.12188567872322352,0.02214922204726523,0.57441498673177,0.7053930726126995,0.552121324093591,-0.2234842789529461,-0.1973758382894367,-0.038140559610400505,0.4343637875425025,0.3872521445081489,-0.23462036127975824,0.0190715649877038,0.22965596464822885,0.09102434596737825,0.7206789128408109,0.48806041850826415,-0.18321917953417677,-0.06338307881085735,-0.09165224034310332,0.3504643969222114,0.5259762580960513,0.49468569099944587,-0.07908146387175759,-0.28237862084355847,0.015039958701741109,-0.2949372132255193,-0.30624321520529224,0.49734647444572944,0.6136310502613814,0.13646122777177763,0.2681163656858955,0.3238004323812821,0.2717617176335157,0.5232336387432498,0.4489958335046771,0.1514347164865202,-0.010780802093151258,-0.005020461771718077,-0.13938498548393286,-0.22181292886073656,0.3989394319674494,0.9130655372473385,,,,,,,,,,,,,,,,,,,,,,,,,,,,,,,,,,,,,,,,,,,,,,,,,,,,,,,,,,,,,,,,,,,,,,,,,,,,
9:13,0.226634033149521,0.38759030682576884,-0.10203515107189029,-0.01054296664929924,-0.01425725064473401,0.36380867789966126,0.5854472301145197,-0.05059685462571324,-0.13258500504653756,0.25875717380146485,0.26694341167523844,0.5843972795472848,-0.17480999239003883,-0.16904616715873766,-0.04740475855396729,0.3545746133363444,0.23576683766624038,-0.24114800865055247,0.017173850131509814,0.13435616862087843,0.10868790984909607,0.3893401027924368,0.105455190604829,0.4090077186393835,-0.14449651971307714,-0.18313458066442517,0.38996178749289656,0.16346039927169775,-0.12745994045074088,-0.10089714684812215,-0.15198375572067338,0.3552641410704609,0.27210435038010655,0.2260219190741658,-0.17116746177832445,-0.20509583493785047,0.06849113982490629,-0.15281301810868606,-0.23376570367066635,0.5044242939543281,0.4028793087513033,0.5213967693547078,0.4848224447575789,0.46353455395416604,0.5086523705663649,0.3686011581348807,-0.2084085031213372,-0.05502377980464946,0.44170800338013116,0.4035916462689113,0.31941979303476287,0.34419819569579735,0.022219801399323114,-0.06858483759241073,0.04352082483481276,-0.04907886817562536,-0.19550428190548927,-0.22350737114817593,-0.2433449289766894,0.6625555865619627,0.751986615005471,-0.0005851648461749954,-0.29098575588140285,0.22309646693699886,0.5360214710871375,0.7928917489876661,-0.1798995199592338,-0.20422557893541893,-0.2041639367693182,0.49717325047357874,0.4245216276639615,-0.2380019173476183,0.27355896716878686,0.34244209269358533,-0.014544101712824508,0.5856693852092848,0.7387576844361006,-0.033156376748070274,-0.1252533980660411,0.3904659484938322,0.4275260619400266,0.7371764904690299,-0.1975746581231271,-0.09488706984380639,0.01695483641024058,0.3801661628590895,0.29308187065328023,-0.21944523981111366,0.139583326510521,0.17903995994312924,0.6388908482876994,0.7017663605464047,-0.028397723197759454,-0.06160713959281324,0.3896291382500744,0.4931895925515034,0.7930714522844865,-0.1899665094648736,-0.08809201850847152,0.1099787795286802,0.41188783038210225,0.41331457106448233,-0.14360737466764856,0.24729874795605514,0.32776717440560954,0.1290336220499037,0.6935870692654116,0.3138856981327361,-0.11376207579632207,0.17424618805232442,0.04331183982298269,0.6370849462934592,0.42692565509784275,0.5504954224468104,0.008980767918690824,0.17270866194528076,0.3027578371279987,-0.007306602845994729,-0.12804744951588268,0.9096780859106335,0.6439008482075265,0.006985100615124488,0.2439049859174215,0.19025307663490146,0.7655405448909559,0.7226548097828146,0.7776217380270052,0.27183261926142627,0.4117946316822752,0.3972985118210041,-0.04226295680320315,-0.060604622680404195,-0.051091391901909824,0.38874597685505075,0.49949016070686325,,,,,,,,,,,,,,,,,,,,,,,,,,,,,,,,,,,,,,,,,,,,,,,,,,,,,,,,,,,,,,,,,,,,,,,,,,,
9:14,0.051529782840299666,0.018427768537652447,0.43580592091565035,0.12988373347735707,0.047788059469922956,-0.0204002088673163,-0.06259095127174112,0.2507773807302013,0.0037710137176534984,0.18972937649445523,0.12233550435791372,0.07394128552563752,0.034678265110216114,-0.03451299325189508,0.10518271893710808,0.0075301271546432385,-0.00817327992842106,0.010894726857196385,0.14842895777688878,-0.01978433349321484,0.49469400835440314,0.31422753426662997,0.13399019397620074,0.11224367055952912,0.2045633909099253,0.039262502124951686,0.31087186345047746,0.17920041005559093,0.16389103897114424,0.044672982694677114,0.05403253691665303,0.3737456108296611,0.16318708205313864,0.10357150423708505,-0.03623134034088386,-0.018121631701643694,-0.07832538766384399,-0.061910148074815534,-0.018833627221242523,-0.08604565500878765,0.29873008583305555,0.14833777294983205,0.43291136630037846,0.1062336143122044,0.2849107554215215,-0.026939936581213048,0.5390283474688133,0.03437737241159638,0.04774395203680328,0.1588727894871535,-0.04365298057012362,0.062066910542968354,0.22528537238240676,0.24216059728427655,-0.07393252284674434,-0.03825752058278701,-0.051604324923563025,0.18305565941845864,0.18975799435417182,0.1872419328833874,-0.11815958196861728,0.17940380658916083,0.24471134809320497,0.6719452479393403,0.08381216891555736,0.029805738861758073,0.332077957847506,-0.05607483899376601,-0.11248335767943674,-0.07655837625777047,0.023839331943649303,-0.11476486809044786,0.07131468838540149,-0.10274953263858617,-0.025082640846908637,0.1873301331797767,0.12244612411021749,0.5374841290680248,0.3023446438338576,0.21797101542316308,0.35515403990708416,0.2722209964282771,-0.040326349143418656,-0.06900455093163758,-0.08478721888834052,0.1257271331176307,0.23588172655560574,-0.09753503704322436,0.16582867862881212,0.16178327142645724,0.2393474712945943,0.16171312201704938,0.2708652367484423,0.43459445741143177,0.11978939940836772,0.04574326689650937,0.22826660937881077,0.046119806862875416,-0.09762015137291351,-0.036873383064997066,-0.027631282574592093,-0.01652650874728908,-0.133259046043546,0.14891207809582502,-0.11167545523141306,0.19313146227101013,0.1946232855103351,0.5739193458526262,0.597634552702875,0.28165842945539876,0.45145424858121175,0.04572628085700259,0.10922575060170092,0.11940178552753147,0.4841779649632495,-0.025594626021671393,-0.06220431634208781,-0.06625230413136099,-0.04282783158406988,-0.002148814908366817,0.2691452834305035,0.21814446083029657,0.09477212892822741,0.2282990108502951,0.06959221831231754,0.2709639724087742,0.21389354733439123,0.16336598938070343,0.16463963410588509,-0.12633480515258402,0.06971575119194806,0.008416127027086016,0.28592769059406636,0.23442700181753134,0.07347761264572543,-0.12417985197443167,,,,,,,,,,,,,,,,,,,,,,,,,,,,,,,,,,,,,,,,,,,,,,,,,,,,,,,,,,,,,,,,,,,,,,,,,,
9:15,0.003163791855507868,0.5922047092046454,0.40492133026312377,0.5563352984850485,0.40836046619897287,0.6790998174911959,0.2600533713756017,0.29561719612511456,0.32193063028011404,0.18040452034885907,0.14654159635812206,0.09095296035203426,0.039040063743416495,0.23125875483118713,0.41004807665000736,0.05883929756260503,-0.02269315089903458,0.08432508352863953,0.04773563120062224,0.12025303023512021,0.06007832895216136,-0.0013233797432566868,-0.09808959213802267,-0.07897257442328254,0.1095868203259435,0.09861557337617403,0.09780297466400438,-0.04066000130805241,0.05634745459951677,-0.029711608405983483,-0.01616826822971226,-0.09680032496687983,-0.10364346222144283,-0.0640128195967715,-0.03429499663603914,-0.052625894313506894,-0.01934019870531215,-0.003958253038570304,0.036383984272074066,0.1059238441358253,-0.06782190613031072,-0.09056980874931526,-0.0037443790313250796,-0.016607552751061894,0.09972627642956294,-0.12210765184534172,0.16720864382286615,-0.0021803525693433377,-0.042470648000579175,-0.14743170962635782,-0.19080855418129025,-0.09228661142495923,0.04567800025272574,0.002015327105679959,-0.13250953051497547,-0.06044094963270905,0.02309161770573863,0.12815235642011252,0.0758288911193279,0.1420405425840504,0.059575242295251185,0.19206322846628238,0.16350762255511211,0.04040863088034482,0.005574752337195858,0.04142191636664184,0.2725658427238445,0.13309185041389565,0.09356803686767455,0.02042734247836937,0.054105886940221004,0.1396713381574336,0.008197111120574264,-0.007681241561327953,0.0031499896033168103,-0.08096897821785438,0.1792327980217164,0.39070492541994206,0.06668284916840199,-0.07272160575729361,-0.06269946143066994,-0.06263107768875739,0.0028088812145710663,0.04252315524807155,0.05113745207737924,-0.08280497830797427,-0.06448749738473938,0.055260698156724936,-0.0743218190249711,-0.06759104357477694,-0.0781934640768015,0.10071359530301978,0.21795455560942895,0.12335094872916161,-0.09628535813777347,-0.12355381126695344,-0.07909165135299637,0.005649367320372204,0.03232487892167378,0.06976058110356848,-0.1303432552880964,-0.10788125608152871,0.06753993132465447,-0.08147755498818897,-0.06322486577452133,0.8721231335598256,0.1015957699320347,-0.004537926868576467,0.03258669812534124,0.02552615379130884,0.09343883216639629,-0.18237759984345203,-0.16032621893022414,-0.1484943481227071,0.08029868803996297,-0.00710480348974566,-0.16989069062919882,-0.041874366581837845,-0.004600866137413696,0.09676485331749392,0.3743860783414606,0.5448411130871862,0.8049196089059548,0.8387171035045069,0.21156150223280853,0.2785603220027623,0.2879541106658598,0.8403220437115775,0.47701965913666017,0.057471020496079266,0.34344505017361043,0.4660642499909168,0.5881397788391199,0.27093965949329374,0.04997220149706957,0.03200728457653964,0.17973098362091394,,,,,,,,,,,,,,,,,,,,,,,,,,,,,,,,,,,,,,,,,,,,,,,,,,,,,,,,,,,,,,,,,,,,,,,,,
9:16,-0.030324734695572307,-0.0002540815050417497,0.557650670898431,0.07005437921817347,-0.03466512056901878,-0.029520290171225136,-0.12168514361300228,0.3644770463822421,-0.057396724742636435,-0.003039095698973967,-0.09944808135228142,-0.14580164746632454,0.7647747652934882,0.5279418820139805,0.3188282322767997,0.18801530044083498,-0.09475753316706842,0.5356420561604831,0.37238791210738226,0.2358452257897128,0.11499972873435707,-0.03367066255305845,-0.08903879595889706,-0.0758494753328305,-0.04559148817183619,0.27060613298447406,-0.029910709795587357,0.018250514028167974,0.03139063386330634,-0.0059544373651679704,0.21692497042833336,0.059751482802012826,0.07177696702958229,0.09097820172280412,0.22560091752399544,0.22269147162478783,0.25813630078666727,0.0353167621207595,0.2142007105136991,-0.12257178157871071,-0.057014159097826436,-0.07962583199996912,0.004742952732600347,0.030115469018898552,0.04632449822918289,0.22455088505029325,0.1996870887696886,-0.08351990624639173,0.03127570965240193,0.1833483854490971,0.12421202534503126,0.12435330982738367,0.17692503854805816,0.11625573841073175,0.264551580732724,-0.040132095335065544,0.09232523069749242,0.4322675721978028,0.25097603575661215,-0.04722044554882811,-0.1614821483864146,0.003076620178461332,0.2200405708392275,0.12878898015336745,-0.05537065211993812,-0.06185927149630264,0.4538008296990586,0.3203138585921237,0.6794540848252756,0.26633795507932573,0.026406936040025013,0.5930419005131402,0.3718335614113035,0.30045634045062697,-0.11437760127777964,-0.13802070529736893,-0.07599814199145226,0.5526822094930638,0.04120373578596127,-0.12361383828874503,-0.11105141382577469,-0.0872215053428814,0.7491892603619532,0.4728632507322213,0.27428437781701276,-0.05657116072134886,-0.08426449153055836,0.5012709748667701,0.2585273698602451,0.005350900193382793,-0.06783243838087985,-0.08456028209843765,0.7510759931032489,0.07181374342537257,-0.08120722084385912,-0.1389780055044132,-0.06575835375386209,0.8038869288336332,0.689652044206966,0.29506456097553085,-0.05704882396907221,-0.10520791451318404,0.5291212966904599,0.29114929851649013,0.10727759296001559,0.23443523012808562,-0.020643080084618355,0.23121096535057378,0.06883586768469561,0.025219450789077086,0.351339902308661,0.023772436737803094,-0.013154086228473968,-0.11456166737789922,0.21349387290640987,0.07537983943363703,0.11911839966039346,0.013338710308623852,0.09685389921668555,-0.06962184022554255,0.17142417863571507,0.2671576663105262,0.07107265818419255,0.14612214470043938,0.06386646786894871,0.08835638159607276,-0.0469195386484054,0.11162505357765794,0.01064956552212474,0.16952099174397328,0.11427864276744079,0.06249298087693782,0.16382996542878844,-0.0665082946716366,-0.11708467758325226,-0.07269396110006751,0.30360853125130705,0.30709488092227644,,,,,,,,,,,,,,,,,,,,,,,,,,,,,,,,,,,,,,,,,,,,,,,,,,,,,,,,,,,,,,,,,,,,,,,,
9:17,0.20147705739633504,0.38935564587925253,-0.16615903651249228,-0.13875346209134556,0.017052305999919904,0.4163238853715494,0.2554807441505236,-0.1366590543936903,-0.2823680209466958,0.5939275091165662,0.5060559909867169,0.3220072270322339,-0.2183983771570567,-0.2670153093318134,-0.13562010223786047,0.7007690766467048,0.5462504213928343,-0.19385894930223302,0.28901712806573726,0.47768878995436004,-0.0191618687240396,0.37729078764337026,0.09816056508545719,0.40289206251603565,-0.14271069052432286,-0.18843854868160798,0.24718461688391752,0.14963813912750418,-0.13973927743079056,0.06276733832422486,-0.16612334610928836,0.3448031351585482,0.3396822302527775,0.35794491442361104,-0.11792817090780527,-0.1190237342908309,0.1482590398061258,-0.1328501478669065,-0.10519481147785838,0.41753662458029983,0.3667781517279618,0.42991965279029015,-0.0009791022500515764,-0.11629578045445661,0.28519126932552785,0.32350031297619253,-0.0960381633576897,0.014913295756973581,-0.16231445566685135,0.28852312903346056,0.41337185263961446,0.35288876641667294,0.028435458679116652,-0.09969497304460372,0.019624927754088944,0.023314181956290658,-0.0038741891246342544,-0.2050777008628713,-0.15830053695997054,0.4115372553646817,0.23655342080401448,-0.13830992500798298,-0.28935152951805776,0.4081363109272678,0.6480529326446484,0.3765623451543415,-0.19646632656348037,-0.2238655749558994,-0.1798412182832009,0.7743819870352747,0.7245219918318276,-0.18303177136315907,0.32143351085112426,0.44550954121678904,0.01304127594878948,0.5110739349033785,0.33905544272368593,-0.19226353812662372,-0.20161329079376566,0.5410826273192778,0.5052926410541024,0.37023834336018224,-0.2028546927379238,-0.16898187517650534,-0.10864954754488754,0.7403482737408444,0.4233665798685511,-0.19547696607564571,0.28718454880623606,0.4473708394363575,0.5336040817838474,0.2861986137804056,-0.1014608809753755,-0.08225792655683796,0.5036459147682133,0.6182208643211855,0.4327846749874857,-0.15643928512796387,-0.1200642134661301,0.05029344088963868,0.7034208506236139,0.4761414040902391,-0.12377463210356625,0.314565452418691,0.5295428593492058,0.1127793541756938,0.3941116939884174,0.35678712635416165,-0.26466814883771594,-0.11238892737426258,0.0033062962718652376,0.38561761923128746,0.559743258415824,0.4080681605746554,0.030783002892705327,-0.14791675905177562,0.0857509637143079,-0.13720726020655816,-0.19378261163868188,0.4413463285860114,0.2654579562577958,-0.12244344467180664,0.00962831609436973,0.10121588321934712,0.24786223265260166,0.4475406468318234,0.41467661964261093,0.11747976498009488,-0.04961821146610133,0.020190261918292478,-0.14737990555296024,-0.07075923657255785,-0.09731502836181592,0.37592638054500616,0.4823940497510354,0.5635569144388778,-0.12359983190437415,0.08537269783250492,-0.04570730792990964,,,,,,,,,,,,,,,,,,,,,,,,,,,,,,,,,,,,,,,,,,,,,,,,,,,,,,,,,,,,,,,,,,,,,,,
9:18,0.22435122242156874,0.3541830182728579,-0.10660200353161077,-0.06283040614749627,-0.03443026671349467,0.26987874360615977,0.16283010885792484,-0.13173422903860532,-0.19920534601510367,0.4399997631612652,0.3506807545433664,0.27504899726877635,-0.24794640729772977,-0.24422141138296907,-0.003989716818425131,0.5077120636408259,0.6236766847511914,-0.27356474624666943,0.06795542667487411,0.323965080212306,0.025515263194568955,0.3312609314593137,0.0527172545670371,0.3446097770024249,-0.1662946061403451,-0.24902309659259603,0.272842713450243,0.06408429601991096,-0.0735397029954563,-0.046999131379031264,-0.1734464494657553,0.21183117172382512,0.2360366786583914,0.24184581482503653,-0.12489613986964786,-0.049005681987524835,-0.04068299964567041,-0.09330089039674219,-0.08190107631341256,0.4463995599755649,0.3809971938491931,0.4610841045135008,0.0589467060181526,-0.08604906474992094,0.39488461783002493,0.2908415532950518,0.07489190701569816,0.03151943489320584,-0.15611607422492518,0.3682953485644906,0.4165637321334608,0.4061730673487706,0.11369012791826232,0.1807893405909233,-0.04894137541036881,0.09829926747224906,0.09950333062306851,-0.18157946124047483,-0.19569781322957583,0.316984493691944,0.2636965324481288,-0.09964746212857953,-0.2764411350127127,0.32311295428707615,0.500293098185179,0.36921710237138644,-0.17425582479046284,-0.22367434372211867,-0.21478207435593416,0.621923426123558,0.8713831564345327,-0.23925805253430554,0.11653458103679706,0.2746705338413015,0.03964965439586722,0.3327275874197775,0.2550103249996732,-0.06222694224165908,-0.07676719264707466,0.39181564092389515,0.42697517580017247,0.35749353355248215,-0.21266671321002875,-0.09638973706106806,0.04880712556100807,0.5696306619856681,0.62166553017168,-0.2255453615139333,0.11721623500953861,0.37826831435817654,0.371188168572062,0.20068745737426547,-0.03206437578552504,0.0507436739455171,0.34877429127730775,0.4649081328174297,0.42285332833878037,-0.16230805750440838,-0.08958524542983068,0.25750250261224084,0.5472739631526404,0.6395465596923692,-0.1105924651740229,0.21071472907300526,0.4581714324348838,0.08025043060905614,0.39097550455711944,0.2844664312599315,-0.14882483133895386,-0.008242774153456024,0.01740519574504881,0.3434806879004871,0.4723065841478958,0.2894743324910428,0.17508277409956047,0.04536213426204472,0.029557496005202126,-0.0352572752681742,-0.05844502596819351,0.4898961564525507,0.21605617777564842,-0.08906254418877668,0.02597982398614222,0.13038108663741224,0.330082153416275,0.4271805771933092,0.36262883629344334,0.1307495366326581,0.001472627708762916,0.0017808892619623755,-0.051648081330461906,0.07385807977047396,-0.05518424731164383,0.32831405769838984,0.4477169096435226,0.5742278933856092,0.007244772490704602,0.10349117698949195,-0.007978787383742145,0.7689108946009546,,,,,,,,,,,,,,,,,,,,,,,,,,,,,,,,,,,,,,,,,,,,,,,,,,,,,,,,,,,,,,,,,,,,,,
9:19,0.009004694166785948,0.0700752766233048,0.29398104050768503,0.1342221180015213,0.09589221280555754,0.019072933454262614,-0.11788818475789094,0.31335789242325895,0.021375823544889812,-0.02210853277450556,-0.08454440302783486,-0.13048895160846405,0.5191318995639294,0.4583557941454678,0.33486959827656454,0.15025030181730675,-0.1161719644508268,0.5774486153127867,0.4886095680576492,0.4230304310589501,0.06316572018004818,-0.051592582105575276,-0.09537704388227239,-0.02038370057799954,-0.015560983962871752,0.03227857310146553,-0.03190619287462434,0.06693395336708002,0.06675704311945042,0.002732647688097178,0.07879180797155731,-0.0362786252045215,0.0005263957070012083,0.09559823913702818,0.16669793528495683,0.14184574378723766,0.3393304671460153,0.2568933277537262,0.324481910275756,-0.07018764556332027,-0.044259977030714964,-0.0851852417059608,-0.14141965599547549,-0.10983740111959481,-0.002275280808500166,0.23372580778587,0.15665202203297854,-0.11839235816062202,-0.10694762641957123,0.04408659598534724,-0.0013905462771034752,0.09524501146650369,0.20211248486465117,0.07581673616894062,0.3407365245695152,0.0976314642991138,0.2359075086966269,0.1972316464037715,0.05755442891308658,-0.06774076929282213,-0.23381117548335345,0.016326527307249896,0.316549181279122,0.005181845622522564,0.00943812494040438,-0.08087445901516138,0.40952066823404937,0.32631862148271373,0.5440928217031273,0.27642055038822333,0.08875593333865497,0.7050539005787148,0.5030177067732985,0.4330955045628989,-0.01188143134533585,-0.1411761965055712,-0.0822031710856454,0.30276336408659094,0.1252975278051363,-0.16534071370965073,-0.1728249171222905,-0.15101375057182545,0.4672551806550084,0.3998952255390842,0.2795867538106313,-0.09095365212312143,-0.14816480681920802,0.5973042713747526,0.3265238596682606,0.15802272786031646,-0.17305194003064267,-0.15369966944309246,0.37912475864454676,0.07264906549507466,-0.1928281054459273,-0.19959988080592952,-0.17205844567154177,0.515295270769752,0.5604441007583966,0.38093387739670886,-0.1165830241923482,-0.24177579666213578,0.5900991095654425,0.28282483851864576,0.21100948518129245,0.20776799989169664,-0.07014842930479111,0.020570096984049352,-0.047670354930871545,-0.032408629818905646,0.14844570183905953,-0.12831856776152709,-0.2279737686003273,-0.15126874652768235,0.22858021030538062,0.11567854700940432,0.15003266810846294,0.25720270722234184,0.2714922979347373,-0.16913641988011416,0.09240682847114581,0.055483132768400674,0.11082926002990523,0.17066584561572898,-0.10003358588951354,0.00383383238174017,-0.07279882731885622,0.2287851787126433,0.02168520404461443,0.2659278064612834,0.28629474933305626,0.42514399985425205,0.12228022793281836,-0.1400328070920679,-0.17965419219303136,-0.14135334800794463,0.16586234811637462,0.4343749622292439,0.7662075665111203,0.010412998877127615,-0.03780956419756364,,,,,,,,,,,,,,,,,,,,,,,,,,,,,,,,,,,,,,,,,,,,,,,,,,,,,,,,,,,,,,,,,,,,,
9:20,0.19117867517039142,0.21074399598742705,-0.03532441044936576,-0.11007498561756911,-0.1264816711167961,0.16623810760479152,0.23439487620449664,-0.013502689369143782,-0.2991013458509001,0.37198310984371097,0.32094377235251476,0.23970636802136083,0.029329575997893674,-0.07240143854425722,-0.11477895830697984,0.43345709020643985,0.03714239280713539,-0.0001291510846989241,0.40305964241134806,0.38747386535175715,0.27430005964069865,0.27925470646791684,-0.03797932571092089,0.27477446813486717,-0.15330656427019676,-0.05438024359588345,0.40596647895057114,0.224386719565554,-0.02468535489375697,0.07499137711412064,-0.030113975728543504,0.4994953664236763,0.40428483754630085,0.24586064571125466,0.07474772798420748,-0.017726469658017902,0.27057097872974367,-0.00114495988381716,0.13369044856145834,0.20205297945551098,0.22959034003655904,0.320073188531167,0.391890544314932,0.3282065800775497,0.37735182176478044,0.2858641598061864,0.0069229643806543815,0.10729547320263039,0.25261983587861253,0.28490760563534134,0.2389692522232639,0.24830376017646372,0.2961160016129891,0.03875942029568003,0.10287303303143402,0.10907988469569628,0.12587593123592486,-0.09019477815857892,-0.23596933284183383,0.3265099976037378,0.3243491760347031,0.13279897317367265,-0.17218985511620674,0.3579005762074794,0.4351029713934668,0.4131859203286145,-0.008836415032749876,-0.1273169556349046,0.004768838522037999,0.5209783487458599,0.3016964036878752,0.03281141634358077,0.6134303577511193,0.5638122475002202,-0.281955660595106,0.3328451452965175,0.42255905088224166,0.12186340840183878,-0.12324246817990814,0.3149962784408549,0.26483205183054376,0.3405283956045014,-0.019257374847183203,-0.06225079341171783,-0.06738579327547492,0.3930301879929174,-0.05229408905349228,-0.07710536907642633,0.46161119759075037,0.3427579784436972,0.4577128840522641,0.3914205405242788,0.08633211183382919,-0.25851452706146577,0.30590574841614004,0.39388577443202866,0.4290163839548859,-0.0031536145184831543,-0.013562110117901862,-0.0891295130574331,0.37601104772172456,0.04629324330059661,-0.03627325755967731,0.4870004979188991,0.411231512558369,0.030840582242677387,0.49996001271198653,0.3676723876217863,-0.14984532913202425,0.09257694258772471,0.07721131512521855,0.342945944810676,0.2645267389024616,0.3054308892809558,0.1959922517044179,0.06126225022058366,0.22597903510192985,-0.050116414445194345,-0.07344595344770476,0.37735356450411717,0.5676246609074973,0.0623703813759709,0.17198091123984482,0.1592898838104516,0.24752147395785368,0.38963566078785516,0.36373720873516374,0.14802989631863614,0.16038799822069796,0.1415487933882809,-0.044299429153550944,-0.05621084042209684,0.1422521376280557,0.5362724744507026,0.5062658273112073,0.475861241364015,0.16780803890649465,0.06156222749662332,0.24559332370650286,0.5233165123154223,0.37363068039332703,0.23040782307961422,,,,,,,,,,,,,,,,,,,,,,,,,,,,,,,,,,,,,,,,,,,,,,,,,,,,,,,,,,,,,,,,,,,,
9:21,0.23775513457990635,0.1749551089030407,-0.10347879083865041,-0.19006052707263216,-0.16651753438609632,0.1449531640440561,0.17501227958727594,-0.11987089043236869,-0.3435055922392374,0.4033293909885137,0.3245616966486437,0.24878389509847004,0.061386591993279636,-0.07049516834339234,-0.14673000988000062,0.5039101924561431,0.19741375188914145,0.1177473086192129,0.39893475308527854,0.5623056908877759,0.2034075679581033,0.22924750650238357,-0.04943511794390628,0.31624095805541264,-0.20989817963902324,-0.01250612299844785,0.2563651767363612,0.19426939388508632,-0.0029289631086222945,0.03405803489707429,0.07347677760107801,0.3676858639917883,0.4095460479323058,0.44637135405564143,0.2136373481480741,0.15158212239961927,0.44696694719861374,0.14231359174433653,0.28875455990857124,0.2000721931938563,0.20591759008836724,0.3540752916047144,0.24854297858830024,0.2985077030326951,0.31312864330735607,0.28783568846249163,0.036634271898093713,0.027726057257524712,0.23913258793884776,0.2795604803177967,0.33360790439878707,0.3893585870862246,0.35214784956806505,0.15035541129748195,0.2964755320669193,0.2331571713109161,0.31157779199728364,-0.1762138244142204,-0.2312460428007555,0.27091312324100414,0.17585990231918425,-0.22901816331436237,-0.2051849477134599,0.2495515997062473,0.4988910412474505,0.39074893522490073,-0.17472588869776612,-0.1749914549396704,0.0002961941605376647,0.6097485208459049,0.46424401003809623,0.0807210160621405,0.6111750696185597,0.7316203870788208,-0.1666038425997717,0.3455903722371005,0.3643602322231496,-0.08991021569246749,-0.2513468394004594,0.33751385078395846,0.33964911981453416,0.4215677665975589,0.043716442365502796,-0.04741274338468737,-0.07451180562526243,0.5292013526096971,0.1696088267315958,0.06401148445501079,0.4577147774851132,0.5339086599332665,0.5042463369059796,0.319329884442793,0.10429098243374658,-0.17619463274581393,0.3540572897246817,0.4829678953205067,0.5234159428532197,0.10433719937282986,0.15414933049134638,0.1793253185880452,0.5271943297163307,0.2556964897628231,0.22256125521914122,0.5102404759048272,0.6500205263580202,-0.006253882763662974,0.44247020011101346,0.31216856372125373,-0.269485900775476,0.10599255925103646,0.1272582385419794,0.3176488291710005,0.4457574430565244,0.4933475991198028,0.29689905986458665,0.2608721863766054,0.40767425738530644,0.15955986442479736,0.16989410574554423,0.4407693414395088,0.347755241466832,-0.12663729363263196,-0.028885737185703343,0.11322701429513003,0.2776287309018222,0.45048974825808497,0.37814996954162805,0.08811098511650606,0.09640385354240759,0.32791125364869483,0.04602207353858266,0.15332067506278343,-0.2632419615545723,0.20538416604856138,0.32581680658014306,0.5437206055759325,-0.012858846259752385,0.02841937073131565,0.2063194791939657,0.665020512912277,0.5527307741770398,0.28280580581154247,0.7596068876344855,,,,,,,,,,,,,,,,,,,,,,,,,,,,,,,,,,,,,,,,,,,,,,,,,,,,,,,,,,,,,,,,,,,
10:11,0.0879332395554645,0.07402773706143725,0.23789771022809722,-0.07504399537746506,-0.07270780046528398,0.13074280068108401,0.05431830040523034,-0.0007474771004259279,-0.1657191287299635,0.47584819291523706,0.3542521144923065,0.1824684020137368,-0.06666886406574596,-0.22571483998999728,-0.13613975001410153,0.31638063731293925,0.24355902334915244,-0.1531741874962912,0.14497266934783729,0.07848160752818298,0.40479021327926934,0.45580165431839736,0.19915445855106712,0.25965263778756237,0.15116388966774105,-0.03292914032420599,0.31500380288347896,0.24206958388943703,0.08939522784780679,0.12196631569637414,-0.01913790097014602,0.6024998718274621,0.33784505368965423,0.2750781678426775,-0.15185195111628902,-0.052084661314708854,0.03920423330751989,-0.23812394455668523,-0.18795966095528072,0.0926002459375206,0.39737149096693525,0.3114439432184429,0.44582450992689887,0.06947090830660232,0.2950506915758887,0.10388268351203342,0.44568902375723773,0.21330310446270834,-0.002999263017996301,0.2900886598621987,0.09162992248654164,0.15354434477551557,0.06042228834436802,0.1459521285069961,-0.09028194370057692,-0.15549882248374106,-0.22361045360881496,0.023068576975038745,0.1346056168546517,0.45456578718965235,0.0507669860385598,-0.05889366342851448,0.00898669922694937,0.859578746671459,0.41804316528476354,0.15948807954704722,0.07688762210136829,-0.21937411240280655,-0.23209177435502507,0.21387770052289315,0.223005574461367,-0.36919464761971155,0.054154671744656935,-0.05595188508599646,-0.0717619712632398,0.5411918418039361,0.2649486109197782,0.22948746595099362,0.04384483293192068,0.6157749723091529,0.6982913518456333,0.44242574454231043,-0.12973641878254488,-0.23524931632809687,-0.2601660916823347,0.47255843861432995,0.47050330129994183,-0.2867866468042798,0.26877679918269887,0.3325208607974986,0.6416520662544328,0.307563549797103,0.1651172151963123,0.2965169349745833,0.5629908673871946,0.5678480315864537,0.4434075010285923,-0.008655193801443356,-0.19983560494484653,-0.12897540596397894,0.34656969416872097,0.31839486107915776,-0.2557239250563801,0.31982074539861,0.1545972052989316,0.07050060704333576,0.38073955020801753,0.8270720541791318,0.44315257932627244,0.1757088770968395,0.37987448094688686,0.4050103937735751,0.5445943664003677,0.4132233630507818,0.18861237714461263,-0.16514321265996015,0.12636150331888302,-0.28150185425028434,-0.2939996894899763,0.2462709614309045,0.3045316632994278,0.02442008333069821,-0.08245520681966963,0.10211769562343158,0.21504629316150728,0.44028948435432796,0.3297687507600522,-0.03269626848580811,0.018604761997990184,-0.14087622216850224,-0.22484174799550152,-0.2923472652031312,0.023753814750847705,0.3822945234586081,0.3589624894484154,0.16728776685465238,0.7324360853803915,-0.04963173045785469,0.14736415241924686,0.3179340092879575,0.264447834243416,-0.10141659508678719,0.33922812701152893,0.24132777063366603,,,,,,,,,,,,,,,,,,,,,,,,,,,,,,,,,,,,,,,,,,,,,,,,,,,,,,,,,,,,,,,,,,
10:12,0.037591308331234065,0.0391494212852622,-0.15337860955235796,-0.04907471967255378,-0.06340993736146441,0.19014776401840028,0.021522954406718267,-0.16800512609466803,-0.025820352445944474,0.3199266791411663,0.3005134924137996,0.1411997844452739,-0.16032542807173233,-0.18845771685273505,-0.10695644168824914,0.3651246194416538,0.2698671699111557,-0.2322720950913092,-0.08180497740169723,0.08388268164479862,0.054487782008439685,0.21643552231779212,0.060281377854823036,0.18451952666853294,-0.07885032785168503,-0.17918003295365864,0.1548151346359172,0.23038220636104736,-0.034964994878445545,0.053293348534027375,-0.1147324376468773,0.25382487436251333,0.2051532235008263,0.3547901645492982,-0.14929643301600767,-0.11058343038906378,0.08625228187181784,-0.21404437417985261,-0.2361026128449455,0.12330866593333074,0.18624145692593935,0.20978666381927327,0.13291173015188906,-0.04313709987927278,0.1317784017129149,0.20834072662238626,0.02852041655319805,0.23376924893655562,-0.09858333322227306,0.12722496689067067,0.11687441253220433,0.18261888650854924,-0.07101809093390392,-0.040283729570678016,-0.016602481901031214,-0.1993507689365807,-0.25851717757198084,-0.2124407043195436,-0.07604895044312768,0.3773287886892146,0.07396424122838033,-0.16906938748051475,-0.2682941470190352,0.41802530402294896,0.5289707932946361,0.1760401496274683,-0.2139132273087159,-0.2820963125507761,-0.2520997466363523,0.3401262069339384,0.28924127358257384,-0.3531948230805987,-0.03681512096810393,0.04580218985732335,0.05283397403111447,0.4750113788075217,0.19098229048454823,-0.18244205217964599,-0.12198714300443385,0.5492482810288776,0.7093318206668144,0.3594731565954839,-0.19871466107074667,-0.24113588930424623,-0.19782093958929178,0.4580591132197482,0.3693026305197997,-0.2790258376979987,0.01780533655756346,0.166613130046481,0.5871216585860883,0.16191585198035507,-0.04796855172915924,0.15074099765875862,0.5226543374134596,0.6935489528834382,0.38608839284874846,-0.1117533887665782,-0.14397770120793144,0.04849397043520438,0.422574637535859,0.36733178651892984,-0.19359639923809763,0.03940705035862327,0.1688860485718038,-0.06895240081227783,0.3245039575967426,0.5479777778024271,-0.12785222411119665,-0.09739242856643322,-0.06501856082118204,0.3465876929756454,0.6870039722572445,0.5345555008017386,-0.20838014074246403,-0.2581817099512255,0.19193287914609516,-0.3018531325453398,-0.3537722098029277,0.3244507966756701,0.20942236559667016,-0.22344883266663784,-0.16547820748896055,-0.01477865334455638,0.15089922395944366,0.42850951256690084,0.32973360650156697,-0.15405088163019295,-0.15403123380281122,0.05066777718252446,-0.3620730612272118,-0.3443212675133412,-0.17916775623554082,0.312212590121396,0.5381949778906276,0.3453500025438296,0.020272643508316507,-0.16113993915402852,-0.12591303239019253,0.44950032499916465,0.3244653502898793,-0.2028346845903014,0.1660193575946693,0.28794968698490947,0.5204733512949268,,,,,,,,,,,,,,,,,,,,,,,,,,,,,,,,,,,,,,,,,,,,,,,,,,,,,,,,,,,,,,,,,
10:13,0.32459591822929984,0.3499420508990239,-0.10516123992158581,-0.025117213043615996,0.036040091106293665,0.277990797843983,0.47824458920780133,0.031946133925068794,-0.09969098183820184,0.3718963361627701,0.4572881489836376,0.686408605807578,-0.12195943566340745,-0.17449898661075866,-0.10638003272250524,0.5009272219351871,0.3896317941640326,-0.2326419303368523,0.08643395331175818,0.21476295007733207,0.36761125531341493,0.5796222582416706,0.261088345486489,0.616881559529067,-0.03200484156434072,-0.17018996090892707,0.6027945700003017,0.4775678365778157,-0.060724507858873615,0.03804998722796975,-0.073784729507047,0.5870269315401173,0.5065373466345007,0.5202478413515712,-0.10380398843213709,-0.11491887126297902,0.1676327226401292,-0.18126819624401846,-0.2582986119330148,0.5002148248732029,0.6158936590415368,0.6978558325722554,0.5558985400144189,0.3748385769765007,0.6546928124141693,0.5713630975420049,-0.12384191478870459,-0.049468545345757495,0.3578237052802193,0.5367969103600048,0.42153728470621354,0.5046767331742906,0.12703299697972595,0.11502320815794033,0.15315091229942163,-0.12441399929440189,-0.26558631853180475,-0.19196187169878826,-0.06021184245715824,0.6652187445404812,0.5762269375642658,0.044845143745092464,-0.2133320066677842,0.44401235173923226,0.7070674618736568,0.7943623373965438,-0.17203598247154767,-0.2594589257339597,-0.23113992938741496,0.47927528096160343,0.48039315588762066,-0.30142458101950004,0.2586459087429252,0.34202356587143856,0.10282954955025245,0.7321839786986502,0.7111402895614195,0.038351813974730295,-0.013286553797778622,0.5901792751620749,0.7341617363137132,0.8810231475377314,-0.19312327064123408,-0.2273390386758141,-0.15015342660833766,0.6052890495599504,0.49709383526557593,-0.25693730039367557,0.17366324488077095,0.23560102977908887,0.8085026413714781,0.689032760704487,0.060141979734340816,0.17414262731042499,0.5857743998776022,0.6614534850357692,0.9218806248013565,-0.15052818601189133,-0.13188052043349752,0.028366625992641267,0.5765004068552213,0.5455668870157572,-0.24606790755667904,0.19395851623021923,0.2672698229170376,0.005667529464345261,0.7820718391423357,0.5917015447703435,0.017378642988023565,0.21928437303193582,0.21099682833961583,0.67706723948634,0.5607055345654149,0.7088112049133065,0.1555285196712613,0.07750997405436473,0.2382511669023762,-0.1512121947980611,-0.26499755996065644,0.7987105073574841,0.6831185478644192,-0.09574177007886314,0.049908048919619176,0.16101942945305261,0.6295191246174365,0.7143439941014921,0.7323826863790316,0.11996205349970326,0.26515609922477595,0.26663012617389137,-0.19022247841171933,-0.23978842965646882,-0.09777557604082344,0.4560345276177096,0.5891400623120326,0.8141436656554525,0.16723879951785184,-0.11348975276606497,-0.04462466522919813,0.5203313682047777,0.47992646543567086,-0.12374216223755811,0.4483085826416238,0.5287981117626767,0.45883999140128995,0.5633751101618865,,,,,,,,,,,,,,,,,,,,,,,,,,,,,,,,,,,,,,,,,,,,,,,,,,,,,,,,,,,,,,,,
10:14,-0.00445829923704866,-0.022774875342341575,0.6405327657252992,0.09307127903959925,0.14714457528640465,0.004059871337813676,-0.06555017107572146,0.35156646850875556,-0.032380213252608946,0.03601836546021747,-0.05523275460395403,-0.05814979755012239,0.6196535541022548,0.36089495321286585,0.18654532403633553,0.016843010448028963,0.035615146524780206,0.47740567232146985,0.355328445437475,-0.059783069414446846,0.044657540716254183,0.10689439504362012,0.07559142629041989,0.03409559477749719,0.21649407244534677,0.4869165055351911,-0.05977628224156862,-0.011491546812847055,0.11407439438097278,0.20013916500661894,0.4029447692365184,0.23490261185428354,0.06645126266204157,0.08709361693181103,0.21394691639192964,0.3354255422604265,0.05901162071543,0.028278062164786955,0.16210953411241782,-0.16276723765565612,0.17100336398083169,-0.06458258812978472,0.07196170515090834,0.004775206365183112,-0.09799434928637424,-0.0005871952724364215,0.3355407654420813,-0.007467827501433673,0.07995327401654137,0.20759472745496285,0.14408761078610394,0.0064038704773794215,0.046218432259638925,0.19584790211644856,0.00959641829640554,0.017245357788394304,0.028241311319548355,0.5376019285767965,0.4942053307868207,0.04273748293927859,-0.23116352101422058,0.09880690078403602,0.4705920321019354,0.4293671831168796,-0.1627617917061495,-0.19102275764124335,0.5920533502364022,0.19664340900149155,0.3390323745521271,-0.08829698337851447,-0.1372310460286655,0.2661674658745427,0.1093352100828034,-0.06204969694781818,0.0787351428647505,0.11778048788200997,-0.0005170704373608791,0.5341153576055901,0.2640175205828409,0.03264683734825714,0.05865643077535421,0.035068938882938015,0.5777749987003911,0.2578919144718471,0.0006906824061359411,-0.04443187938130443,0.14734408213624353,0.34447530089023637,0.2592577653551018,0.028176100577085157,-0.02352234020882965,-0.015293746934105587,0.537579787575791,0.341059343967118,-0.0355074957260108,-0.15230170246206642,-0.09123714490407898,0.6354989734303741,0.40869441627587233,-0.01485846154466361,-0.16290760088543693,-0.10200035280043372,0.25638732838936684,0.17614017821277572,-0.23856085198278365,0.3020871802041675,-0.21368979408342698,0.27612148319432583,0.49692329049557443,0.22063690990131207,0.7501411087736619,0.04305566383028618,0.010760363614650202,-0.13721723408792433,0.2446408073720172,0.166450966820399,-0.0958127299642253,-0.0006135425002710018,0.014107461010646255,-0.2394168706675325,-0.01028498657986712,0.47089775650237475,0.007203229127483265,-0.04872158157466504,-0.006089598457548022,0.025739777176199283,-0.06802153458134602,-0.0526988520935953,0.06488124899253322,-0.1885026250372267,0.18030007268046078,-0.0909700045102389,0.254391286939097,-0.08621906253106602,-0.2455492231878267,-0.27786143204046404,0.6346485726891675,0.09838732001466029,0.5770963770164291,-0.22625461850409664,-0.2168042261909449,0.27724731547332115,-0.044733932681812694,-0.16008811124502434,0.4622630509792775,-0.08982543708651775,-0.08405440380771696,,,,,,,,,,,,,,,,,,,,,,,,,,,,,,,,,,,,,,,,,,,,,,,,,,,,,,,,,,,,,,,
10:15,0.08497701982427278,-0.0528742344396238,0.2370661618424063,0.28995888102333905,0.42754158650597274,0.015398630774793854,-0.07520594428103132,0.6939580978957812,0.045642426262703255,0.10010771761154405,0.12900355121763105,0.00491212185792948,0.6418583242624459,0.6916796505526467,0.6315163612327717,0.11665448960070296,0.02400560250562356,0.7232358871353546,0.4675940527097315,0.23731696520389145,0.0866768940911412,-0.10941641933063309,-0.059195418070293306,0.1100366888020261,0.051804479276324755,0.14130830640656117,-0.014635903010638102,0.13810972271471836,0.10772185100378008,0.4357768992433811,0.27315865747327395,0.0733692849709728,0.11901397540077295,0.14226615700640582,0.16961613462970734,0.2242445315800747,0.2541020268798743,0.20687303598378715,0.1910253634970568,-0.10406624241485568,0.15651262710110223,-0.07424285565994536,0.025145418351932895,-0.06838300250717799,0.0027214487065077507,0.2593264562332559,0.18276000627861125,0.2114732649138896,-0.006888050028430646,0.2060615974439856,0.23593202840767988,0.0761488074500033,0.1680726439043536,0.2350063556435056,0.3116066171121252,0.16530980693136252,0.182925128984973,0.378308056878875,0.25870399428767166,-0.05413493996759472,-0.17325628630382736,0.38882381778525965,0.4373652831750978,0.18801741053868493,0.1335569179258505,-0.04573307490976257,0.847511630422964,0.44418131834526287,0.5362241058800753,0.2424256227149563,0.005252023943025637,0.6321757683760592,0.4511929866999396,0.285929574493425,0.4212721684008463,0.04222534504987442,0.01601583369397372,0.4839149525092395,0.42650165028706155,0.029474733181927927,0.022874431511974838,-0.07238800865602135,0.5447761374071105,0.6040437964806277,0.34940463340208316,-0.07176754514247381,-0.02166002548585059,0.6864941882664276,0.35139208956886453,0.10113928044941357,-0.1651987595695219,-0.16766605641140434,0.3464749169013506,0.1887530606206125,-0.11575244705893215,-0.1444088302228806,-0.2283611446190306,0.5257145600533776,0.6956769481942789,0.22483385975499176,-0.22069155838295867,-0.2527873216662967,0.5168280907010545,0.15914415634202236,-0.03889169177290386,0.06262904015519459,-0.14582627432833783,0.09537210852877952,0.04104641465372862,0.06269473848495005,0.3046869431706078,-0.057298898756989305,-0.02115070497500521,-0.27925991752642704,0.03311214310915714,0.07741984375964145,0.10867493006107827,0.19193776468931248,0.0940308022292194,-0.086430211870069,0.004445975546659511,0.04367741410886736,-0.14443522915233878,-0.15008086888525132,-0.01590058397395361,0.10123660182628139,-0.1925347388687208,-0.16112127752608638,-0.125071806603594,0.20874014697335222,0.13400058930515196,0.06417786579106602,0.12018319569785663,-0.12310075713768308,-0.1727914826825147,-0.12219748397897456,0.14136777501713083,0.05277116870387871,0.490687335138922,-0.11473743617653631,-0.15005203289967461,0.4520653559362512,-0.02208145211193174,-0.04910018400424554,-0.004785551951203901,-0.11983437166492775,-0.10611042471280407,0.5076178721777502,,,,,,,,,,,,,,,,,,,,,,,,,,,,,,,,,,,,,,,,,,,,,,,,,,,,,,,,,,,,,,
10:16,-0.12622008191155115,-0.1300873754689492,0.23061661355871382,-0.01822012707959038,0.07578646531091283,-0.11229153075631537,-0.1489845927369658,0.2040745604838639,-0.13998899939708154,0.007668768533603944,-0.07271458082589156,-0.10263334182178295,0.14780131480985056,0.10288686865626231,0.5481121743062816,-0.06545897506799432,-0.1660506788291717,0.15498225451443406,0.027307839608598464,0.023284170487106466,0.04893891711407411,-0.08096666990790502,-0.13624000661046218,-0.03493030457569275,-0.1362459583920586,-0.10071854086201917,-0.0183468017386679,-0.0656676945215113,-0.03659379535487765,-0.014340978420060385,-0.07762075952020579,0.0010854119815138857,-0.09467882102818881,-0.13952031505532203,-0.11594254285093998,-0.1110296043353193,-0.023454080404706673,-0.004076344451733864,0.07000182600756269,-0.059450977786438444,0.04315334704775327,0.015224727288653112,0.2262893383865622,0.054456213511110595,0.10397705270720055,0.18592672267466642,0.26031424542891884,-0.033866926119418904,-0.013341806224032613,0.15467611100766548,0.08977225908187857,0.1432634596434814,-0.033756591121001406,-0.10228914407093413,0.17136413551213261,-0.05163650796287971,0.039426329030459915,0.12705090032399127,0.01111979443591532,0.20323720544326113,0.15793303622211255,0.1285040115366834,0.18905898748025582,0.17239527710242716,0.14808303433725886,0.1944344152181547,0.2574784390434817,0.1556068568012495,0.1868070167012946,0.2439047575890832,0.030720256511455164,0.19120894907302055,0.2730961353953241,0.14611048521129918,0.05034017352943819,-0.011673462931083421,0.028107795663233254,0.22005744188582613,0.12364230358315347,-0.04336524827152204,-0.005704798052492533,-0.01708539054759846,0.11184788838437563,0.10109284715073896,0.3673024682992406,-0.10026698831056464,-0.11942190418534193,0.1331490821920351,0.021922814550340602,-0.06088383234389845,0.0628592311135753,0.05328649936648807,0.10581401399957621,0.059359749743330324,0.0032036385285701594,-0.01807187833969427,0.05210857991983695,0.13434511123909296,0.29787124826459044,0.5492530687536986,-0.03331280316305196,-0.08428930182004882,0.1676385991119318,0.1805937693928131,0.14026066240884627,0.0892701754683379,0.06766608023830285,0.23611351392911867,0.07527908275525229,0.05530551493587704,0.16626725135606027,0.06962645227701736,0.011453274634656107,-0.12956083042082805,0.04919896708334901,0.0498259807535863,0.17817235682163632,0.08250737338642433,0.039541832621103196,0.16618354930102808,0.2514858552515828,-0.050774794205213594,-0.03549243444476746,-0.039644833108300706,0.2085931408153786,0.1527442609568608,0.02620305485895384,-0.0725895506226388,-0.05297959754920983,0.24893465928171474,0.025342505476461955,0.14748966203169933,0.06900626133473348,0.025946988511685684,0.022180301832629677,0.23507915021522652,0.1679931575834416,0.08151021156685706,0.413478955911159,0.06423444812564565,0.13851865621455603,0.3434925214524082,0.21124011950176036,0.17059313028666478,0.10770476376505096,0.011835101040019594,0.19313003270244727,0.1620097252733155,0.46110768110942246,,,,,,,,,,,,,,,,,,,,,,,,,,,,,,,,,,,,,,,,,,,,,,,,,,,,,,,,,,,,,
10:17,0.07586817271395041,0.12264248347505959,-0.21668157360989407,-0.26973268354750046,-0.09559278622018923,0.2243754585882148,0.10153787555313327,-0.24090251237788915,-0.31774933106389763,0.4297977388887432,0.3993098025579855,0.22121605293044472,-0.1296731100375957,-0.2338008420222498,-0.2222712654179104,0.6282893940456961,0.4582993059157551,-0.1303968301497961,0.157998952493093,0.40948812903924287,0.043671550357650926,0.2591684227670236,0.04995054131883325,0.27616719248389116,-0.1692309024488118,-0.21482175021018404,0.18419885640109496,0.188048180350503,-0.13633313610243963,0.02408158502161134,-0.1735610476378471,0.43241291868682485,0.42405840144594326,0.40745221161192297,-0.11510543094745024,-0.10126526235824525,0.36978225452814334,-0.16945138001232707,-0.18133585831681837,0.2596224370733204,0.22093509414106283,0.32203231906382945,0.003799743224753219,-0.12251311534246823,0.1864010200251412,0.32034598108755363,-0.16321478151992216,-0.013163511134409433,-0.15850758677646823,0.23944992703501528,0.30689288828192296,0.27507009568770097,-0.035617628706225396,-0.10669523002689055,0.18537294084196357,-0.10890795151300085,-0.1755043840917409,-0.14172440165968692,-0.0009968682349115639,0.401648361412172,0.20560566217944434,-0.17964445502024287,-0.20995090973910158,0.3459848790918477,0.601252012345743,0.321534200778976,-0.24585953809825084,-0.11295353063844066,-0.037675576473826924,0.62707796022961,0.5192879034085915,-0.16576205807886363,0.15033571089138084,0.33082628428010435,0.02627868418150715,0.48259341268666683,0.21165735170508737,-0.2663598437338421,-0.27013541410539277,0.5296256591275164,0.5657346711658694,0.3665491502577546,-0.140684086425836,-0.20251391352068904,-0.16459694007194034,0.7212514728139262,0.4445048600999272,-0.20317970066361946,0.23413007158204896,0.4186918847820799,0.6127165280705378,0.18701913569809975,0.01107985401689444,-0.02241026511330232,0.5943055481166705,0.6767535788619974,0.45267952959827173,-0.05556690720462964,-0.07425987786048795,0.09108077306400378,0.7498855984959497,0.569662173212952,-0.11787354303187901,0.32379104992618046,0.5561687515292606,-0.10219236799531108,0.36455278503899063,0.4855608012437919,-0.22268978248618412,-0.14161027455358124,-0.08583548065070107,0.44595236170480956,0.6797128435288586,0.5538091012854565,-0.0835935325107799,-0.18127816348931314,0.33692176457954864,-0.21820310544929308,-0.3071680111863938,0.3863011870059794,0.20869871996755038,-0.25681847872722396,-0.17025282456445529,-0.04600211310308072,0.13055385776629394,0.3203530206364884,0.28425133558843657,-0.10334953579871636,-0.16540581614548056,0.04392495284526924,-0.2964197285653687,-0.2835294742606164,-0.22283672751535472,0.34598540248045007,0.5018490166248998,0.5099175456933672,-0.14651135263314524,-0.15456940584815557,-0.018039105093358394,0.8208499535567696,0.586347024700892,-0.06834515858331595,0.4666794247395725,0.6240624272748938,0.43013005126798265,0.6352436585026112,0.5938209326793858,-0.2100157709895391,-0.18126967391044757,0.06410464609502158,,,,,,,,,,,,,,,,,,,,,,,,,,,,,,,,,,,,,,,,,,,,,,,,,,,,,,,,,,,,
10:18,0.19869514953765707,0.23267083787009646,-0.13951292279800098,-0.13905769876371776,-0.03971565176834966,0.15300049885513767,0.08029325056205139,-0.15887437032879917,-0.20830028967135938,0.2656265526311323,0.2811227436817861,0.30573207585068973,-0.196986422921142,-0.2578270952858418,-0.17739302801006696,0.35546901162490707,0.6125971071572055,-0.1503299106718336,-0.026117101731375433,0.14584492458403153,0.17719748708968397,0.4089987780639657,0.13208665240009834,0.4080428949128162,-0.07935690417279775,-0.23307128227613785,0.3452181588301142,0.18240408186527288,-0.03933497992624012,-0.030733981392172594,-0.11428271136353858,0.42276539922539363,0.3725983876412162,0.36423881384102696,-0.13939033039008136,0.033154729647262106,0.15913544837470164,-0.09862657587857454,-0.2306763606749953,0.46771413022695135,0.49563467749607626,0.531852834706056,0.12369577511582533,-0.1330125680114698,0.430792896618863,0.3448944556539589,0.032984927208543666,0.009388516257154065,-0.15525622170098927,0.4688193909984216,0.3423888700832812,0.36086360164262943,0.08226886933042031,0.3453385297386864,0.11211853409866722,0.013326130963587023,-0.14563662182408763,-0.15042883498204926,0.010019980871293748,0.4109846941065124,0.2624559101570972,-0.09728913753247953,-0.11766289581910346,0.39757592190557123,0.46304683872969343,0.33251454740895037,-0.15133104153630925,-0.22739831964042814,-0.24606887816360157,0.29474494393515394,0.643270923385711,-0.30631483384324404,-0.1210400361379994,0.002865316320205962,0.12405578945180014,0.4703893629620224,0.22934510410590997,-0.11610052877234571,-0.06987159411695171,0.46714536397109846,0.6137255318916606,0.4805977593343624,-0.23128901950836664,-0.24737279140312726,-0.1978578762547164,0.5191099445246514,0.8235492915860321,-0.21707962378084208,0.044737020892059706,0.31844632907710463,0.5136409487268649,0.1911275941442481,0.003591094306773003,0.21166248080348626,0.47195492960944363,0.5465015527273775,0.5173710957459952,-0.11922378699525847,-0.1503476944777129,0.11386782931887995,0.5064576830863232,0.789242402372257,-0.15376233547040236,0.1390321162455597,0.28722429053294746,-0.04905875628933803,0.4272336010914702,0.4701645926702817,0.054011708282826705,0.04583247736274871,0.11046455733640623,0.4814244974061894,0.5275679509441612,0.4108366645450812,0.12297364245985724,0.06840951782496665,0.18543808550199084,-0.03257656417612053,-0.17667652051837832,0.44142656807787384,0.15731167995348294,-0.1221899961239998,-0.13239645616081028,0.037014398692252974,0.2536228022038046,0.3139341429023921,0.2769144188427221,-0.02716556325494931,-0.04751420240373598,-0.0606319850125359,-0.03231614511013314,-0.11697599834802985,-0.13439521773618637,0.30238312495378844,0.42155298807719893,0.4490162651029161,0.1987426776795256,-0.14012937607161802,-0.12624471567957268,0.49415665002695686,0.7150923393626644,-0.1743295992892645,0.1389851652098903,0.35831817494876556,0.5025071282414649,0.47066606294033403,0.6035868764445534,-0.028178636775975676,-0.17434714286069505,-0.010611332053599912,0.6166164035455447,,,,,,,,,,,,,,,,,,,,,,,,,,,,,,,,,,,,,,,,,,,,,,,,,,,,,,,,,,,
10:19,0.02682376516780431,-0.01507043271517622,0.04541728508383705,0.1788130060614815,0.11097781542109778,0.05055677819655367,-0.05203897027934756,0.4004698311205456,0.09415147694357469,0.045953741510648474,0.038921645863164725,-0.07565653671303273,0.6021155497486075,0.6363817656927648,0.3268474958069238,0.2479386099226568,-0.018132956752506035,0.7694081050808467,0.5478796423298603,0.4034211192601708,-0.016307866060772874,-0.13384448804443935,-0.02281029623299964,-0.03500396470766172,0.005584035560048265,0.032646241633747,-0.09783784982416789,0.12700091921115927,0.002486301583408285,0.10839926731970072,0.0803411986487866,-0.05264969109735333,0.06716342485940263,0.12475046537183054,0.11184160291322194,0.15961857396838688,0.519945048653453,0.25865469555376963,0.22851560139150892,-0.057618200271048324,-0.05507516865095828,-0.12516918197982935,-0.23357250879957642,-0.19388651639367405,-0.059914019512597054,0.308841532037513,-0.14334612563163532,-0.11070834177387441,-0.139094494639598,0.10884369003599871,0.12380362534672344,0.025194192281830376,0.04156482887268768,0.054029171440557425,0.5620105429519484,0.13023686388934813,0.13307472863604786,0.1346998999664483,-0.01053989826104903,-0.0654178051976591,-0.2148983265393218,0.1847128145252185,0.3387508545467981,-0.03274301882659265,0.07222841581493798,-0.1561670903543435,0.5380108441183442,0.42103081180062346,0.5618072321538952,0.3234846933736483,-0.05944882322027694,0.7486906762615949,0.49578752473824694,0.4248541012217141,0.15352993714842847,-0.0465865851144876,-0.13706705343489192,0.25839892476108084,0.18297380231869348,-0.07157156922174245,-0.13253523310634494,-0.1874961498687308,0.5616213770799587,0.6583951755242268,0.36224950923738314,-0.07676627633281069,-0.14617179372156394,0.8227750178476955,0.39478882911484486,0.20970402046659523,-0.13036555555158444,-0.20675059509483726,0.3450993710114211,0.07411225918997968,-0.13229719236951595,-0.11209614177266433,-0.23606890309038825,0.5847366873256856,0.7534521936791585,0.32182936015558766,-0.11471912699573163,-0.22293593768625322,0.7770079813296236,0.31340665081493313,0.2462820583821902,-0.0066889829119189115,-0.11735228255079208,-0.011545103636569983,-0.15829274209454186,-0.1259429196720702,0.01953131491266808,-0.036272754813108585,-0.09945085939507861,-0.13827312129690345,-0.09860391574407477,0.07558981985781571,0.3527801764942129,0.32304184209447434,0.19994613363549468,-0.1666894742605422,-0.042400032118884046,-0.10082600090402848,-0.10077922854292731,-0.08845329737076356,-0.13011644905421918,-0.03315257016001221,-0.2017282498530393,-0.1074633689066317,-0.17009957274185256,0.3461641334505874,0.18459517904652886,0.17648124999908338,0.06062685386363174,-0.14804649826966365,-0.13710352929357505,-0.13786706659905415,-0.1466135779673856,0.07693057264483787,0.5146052145701346,-0.08491868440901124,-0.2195066483295265,0.6792488348769518,0.02357210045904732,0.07770872623562185,-0.2194220671020409,-0.0944221070463168,-0.14971940080433535,0.21369797843461857,0.6911530207405091,0.3112991466363901,-0.03492324691758108,-0.19592716232640056,,,,,,,,,,,,,,,,,,,,,,,,,,,,,,,,,,,,,,,,,,,,,,,,,,,,,,,,,,
10:20,0.1799489369856934,0.11983638782288622,-0.11840551680600182,-0.20776151536035992,-0.17268583655857447,0.081926570932744,0.10119944881318681,-0.08235520126700469,-0.3034586374431947,0.400059963021,0.39062923051020854,0.1906947234323203,0.06177953652528509,-0.060026193977190355,-0.21233822873117142,0.5759710673646115,0.17658085108784052,0.07805239465254117,0.49365387577961084,0.4233705720319276,0.26572053273858226,0.2793913357358211,0.04992812026368795,0.29362843053444854,-0.1424229033285784,-0.20554679082091554,0.2604915977394711,0.29238324863839704,-0.07634056056366093,0.10530762966700793,-0.10213052349768004,0.5680661457980541,0.496923198391373,0.27615706943231444,-0.00504784987060195,-0.03014617063648265,0.401314501843623,0.008987583698696976,-0.06207439418854099,0.23381227368648377,0.259858120411678,0.34474266167591655,0.24339407564931934,0.06238793740828848,0.2834213427492012,0.39508264023167183,-0.1334225613469994,0.14549696723153277,0.03367097469060349,0.3599036684506662,0.27791748676224914,0.20531027064247945,0.2256408279099673,0.041753701883897716,0.2323052266160114,0.10915081278311572,-0.04942327239621679,-0.00686859809684258,-0.036352707834311083,0.29163550808651245,0.22368043911426144,-0.1276377966414891,-0.05850935486923979,0.3506538404255652,0.4934160510208737,0.3670728117365759,-0.020900621194170438,0.07290028419688387,0.1743126804871482,0.6049163191082136,0.3372554203458963,0.10919328201834592,0.5504731035405417,0.42123642482289425,-0.2172617577949954,0.35704897242306793,0.22936201643896217,-0.0859982006298867,-0.23432242414203605,0.4130129232925151,0.33535054583762186,0.25922452334691287,0.02707790611604505,-0.034027345731780366,-0.127880829599886,0.5394959470195211,0.1291032638168712,0.011062908752293462,0.6006710618323702,0.4638558804658258,0.4801353563177471,0.23725358314759212,0.08406521412085223,-0.3049037664538923,0.49690235772441504,0.515858268017506,0.3476419121923025,0.0797453695637882,0.03976590516470761,-0.17697350838975678,0.5833066815072911,0.2961103057548209,0.03489016558287062,0.6613691996671085,0.5978728850924978,-0.21130609916891988,0.407188603925387,0.4146595243812318,-0.16737062180274462,-0.01643682099680528,-0.011033385067558622,0.43240296365070785,0.3440130880530409,0.24965063973815346,0.08007625627797989,-0.080942196274485,0.33582174954446914,-0.018431230589895608,-0.16616560082093712,0.32311382769708646,0.2603312531412569,-0.29412757913690757,-0.20381959654700654,-0.026790681873621425,0.13886632455889714,0.25071298235668327,0.15463101160202314,-0.03494760077574636,-0.0981750286634625,0.10999585279151376,-0.18069172942113326,-0.2084353941770362,-0.2696035380069493,0.24681010075260562,0.31642488869102475,0.3762570336943446,-0.010286363756687684,-0.150664787916227,0.20324565317846205,0.6254636287004157,0.3576931982463803,0.1924422907846779,0.7427238661143849,0.6861104456873084,0.40039389705006156,0.3087736474761838,0.4163207605127241,-0.09349639014123522,0.058542365438232734,0.12289694434352931,0.6860694067290705,0.30021056035496013,0.19440813037871585,,,,,,,,,,,,,,,,,,,,,,,,,,,,,,,,,,,,,,,,,,,,,,,,,,,,,,,,,
10:21,0.29940190811483336,0.0604365209395807,-0.18393226659899373,-0.06522645178933763,-0.13830498060300556,0.06666164470800018,0.025758394453001876,-0.05104573986842143,-0.2122260308103559,0.4114610591033839,0.4334084511461182,0.18542384043697288,-0.007856359511010004,-0.05988895163152378,-0.18551162594731913,0.5949353969704881,0.2795787927395272,0.10628184113224633,0.4105102867931151,0.5202806864321112,0.3231512560193947,0.26027533737813263,0.05545881005861284,0.2878824181920457,-0.033357675398860455,-0.2262662245434127,0.38200937688895487,0.36130218104475764,0.13101041842093755,0.09482626879515078,-0.012806785653375586,0.5035143353549095,0.49273073998330685,0.4793150172374394,0.11359279184547763,0.09484463039021876,0.5066708472556154,0.2314417201351344,0.14128501483741338,0.12513747116464008,0.22639721823274472,0.3054826195235095,0.17881146892267705,-0.013684837292942275,0.3139731225521081,0.3657539197755367,-0.008270913397368487,0.046530536560018654,-0.020019245134449165,0.26914318885691113,0.2234113601852951,0.255934164570058,0.3230245747608968,0.16624067598237746,0.33234724064357435,0.25840131010949374,0.1550575636977198,-0.1074961192744308,-0.07892869666803731,0.22921145597784856,0.10821117339296121,0.03505339196285552,-0.06638208080982433,0.38330512654333865,0.5077512785519744,0.28517160504645345,0.014192822947423519,-0.0023519532422361746,0.04433984535341499,0.5644521291525568,0.42011113460356214,0.11222242733486217,0.43617111072416065,0.4719815717238272,-0.04572629151463531,0.3530175959494829,0.1529880472523609,-0.02857667691105731,-0.14992997521800344,0.42428926445951953,0.4681749076977543,0.34975072897764686,-0.08063391695949974,-0.0772811701187392,-0.09345191605669154,0.6262504910995447,0.336345325901514,0.08289451617406102,0.5462541971498622,0.656370820503739,0.49599425796347696,0.14643859436895723,0.09728644284923482,0.01620343872863586,0.4448288407592377,0.5280252385911832,0.4093258417684836,0.03552194076684571,0.05093293966394098,0.09083756318001901,0.6115804556055308,0.3648478082317427,0.14345209850190377,0.5868369023064491,0.6944450583956351,-0.22691566669443422,0.3884651075453202,0.49689071616140096,-0.044400926211178235,0.17791942844945935,-0.07198344468380168,0.3144163397499193,0.4917154344866923,0.43964343245310994,0.22796970186202584,0.02905047522744225,0.4208219621614413,0.19873340139133835,0.05617941311836397,0.24471343915679258,0.23919413054560082,-0.29021491098104407,-0.16504872118761685,-0.007705799526727535,0.005127140839613454,0.24140128638654693,0.1742912000418815,-0.0718999957468797,-0.11111777828994064,0.11591547662177455,-0.013918195684157378,-0.02384057749392783,-0.11919301776928441,0.35760197774675523,0.45778050296574024,0.31932292659957234,0.10167880818086497,-0.16064569474816243,0.0954571048984431,0.5817280048214353,0.41766944410665857,0.19872525688065712,0.6217846318812428,0.6956149786288708,0.42248683746549365,0.42169547369532845,0.46881435565686036,-0.10749247713023126,0.02163810850892261,0.08567175273300115,0.7115376369724166,0.4995627515069943,0.23802467180087344,0.785754078202058,,,,,,,,,,,,,,,,,,,,,,,,,,,,,,,,,,,,,,,,,,,,,,,,,,,,,,,,
11:12,0.3889706972492369,-0.04198090380078189,0.5704943404035764,0.2956156649445838,0.14459323782950567,-0.06459840169979059,-0.13867861870323578,0.2621830033366666,0.08357675013882625,0.2167786774760069,0.10621779305098289,-0.055006974887625085,0.25117226945735405,0.20060213334849084,0.25672533914935586,-0.0037081870214752395,-0.00267104794914841,0.15881076686324153,0.18839096401567929,-0.052825206076988374,0.17779337957685187,0.2604992011710942,0.07214526787370099,0.19260557216017685,0.4642867479217645,0.1943057532660543,0.226404266969739,0.17058369835745402,0.6481038330305389,0.3511284140652599,0.5175682302062864,0.34868936179043286,0.09631985768432773,0.25279700904016317,0.37457219656176327,0.4360341810714013,0.018099868227458862,0.3641069121003113,0.36071017418093526,-0.15739324091601611,0.21941543384976775,0.034033337455947214,0.22357134082066826,0.003532928494777539,0.06637619163544065,-0.03428512355403655,0.6851757746403705,0.11921641703323316,0.12907451442979798,0.18807284828661947,0.06649534979505245,0.2239009711432822,0.22840525960081182,0.3334088507141516,-0.028210462564692118,0.20979435215678433,0.2689935179289075,0.25628083071476865,0.32103093469226696,0.1249124885868982,-0.21761443690933105,0.01789667858199926,0.40410088829998947,0.5799328578905752,0.025826934161924577,-0.08879943076298998,0.44731936663972904,0.10318051818408307,0.04724058595193036,-0.06488288532415876,0.018832107156130807,0.07453186399607056,0.1609432432472917,-0.014237571302775082,0.10203511100889393,0.1703199816281114,0.025450750588376835,0.3962192636367877,0.3297944730758235,0.2128556617679708,0.2066717281184812,0.16171827520669033,0.08887221288083019,-0.035251398718189816,-0.0013570157951884607,0.11645327367083791,0.29339491546169527,0.06426645744466873,0.32906770311151406,0.3106462064037027,0.06621901057019249,-0.0013445464553244043,0.20119448521664457,0.4929992999983557,0.11319961172791379,0.03208287257500379,0.01531390415877005,0.17501475071809433,0.057011443842609755,0.13454429017007033,-0.038822341594178446,-0.045507203219822066,0.02428713163322195,0.25941540359986254,-0.020917855987636503,0.1630432440309263,-0.05958847105396543,0.3792083677704427,0.6777905854087253,0.6281242048218191,0.6455533740954287,0.0662583993096264,0.06409333697575102,-0.013943545539161275,0.500743945731805,0.11497238803865727,-0.12413103523159194,0.13033712546458864,0.16437010822076836,-0.16319888270506636,-0.010064537024126134,0.1629827060069865,-0.03220340649433589,0.0020754326518846377,-0.012493010125597635,0.08532979719505107,-0.021266174778479766,-0.01192518982246455,0.07583703425022152,-0.21825180119437207,0.153462071911103,0.17854469241769266,0.11650314214972186,-0.05204659318736056,-0.1694770592856815,-0.24047125407886327,0.7451463152866498,0.13886281490642433,0.2904064516452014,-0.1514621241335476,-0.06239151582714451,0.20449878050296721,0.020012562068226544,-0.021005003057861536,0.5549783107478473,-0.02978577286906941,0.00458773053984135,0.6732973814213487,0.2906519783942998,0.1940659298591564,-0.17324070456398347,0.074027736002612,-0.04612621715789803,-0.08924821870273864,0.05712253456948175,,,,,,,,,,,,,,,,,,,,,,,,,,,,,,,,,,,,,,,,,,,,,,,,,,,,,,,
11:13,0.02537266583225531,-0.08274263213444245,0.16325026911536802,-0.05847574367610591,-2.8293828718510277e-05,-0.14010664537794232,-0.02763156559673122,0.23630713822475288,-0.13899220852973695,0.14484857038070426,-0.028516682188688816,0.017922822948534707,0.3103632620409838,0.0993524150755927,0.13002890456983984,-0.11901951751469884,-0.1829286730159665,0.2017981675108742,0.00651246517174733,0.20154525663533793,0.21635531770944927,-0.05206355495762059,-0.057656024279231964,0.12635093475805984,-0.08507705775114273,0.5205071531775081,0.10356563234064188,0.03617569487793138,0.08934483437581206,0.15057597339463813,0.3994765229859689,-0.01307999230309561,0.05672933129382922,0.27344860271793003,0.4095436775426884,0.38466444669056893,0.04492053171594237,0.052649187673226655,0.5960414144790236,-0.12519340874075222,-0.0066842359722056495,0.06578428192876667,0.10907826663682307,0.3520747030915978,0.12507190052528602,-0.0986469640206292,0.5380860451219311,0.0866953278429322,0.251871296663335,0.009812933628047065,-0.026638376965549777,0.18006348814159223,0.3285947319225326,0.2547330460309883,-0.02986358193243114,0.04157367032216443,0.5471670821901023,0.28299483719035673,0.19627745612493727,-0.13984775816360545,-0.06358337733461711,-0.0005009379690589534,0.034297695646999006,-0.0442773857767462,-0.01203612561448025,0.00925206162483664,0.003207744255407674,-0.009708598514234308,0.21129356851964085,-0.0985844721358885,-0.05314388943699928,0.17190123100625457,0.09447591484982823,0.28507285880539046,-0.025433261008540806,-0.07454135715733232,0.07867509764968399,0.3155924678401409,-0.027154120133662772,0.029443482205632886,-0.020948070753664855,0.051588829590820756,0.3948078776275524,0.05744787693323688,-0.030159633454284147,-0.07180469532597167,-0.1037472435285328,0.16736682598018227,-0.02523991436105531,0.06566679064921008,0.01331596127450098,0.009242284830642055,0.4156747251291503,-0.046997074596521686,0.10945069301184791,0.00017036922757117555,0.08127196150411295,0.37585824721787914,0.2776633152041093,0.1527240923863414,-0.11982082356345576,-0.11236776637674502,0.28222158853739704,-0.010195579633516689,0.10647340565534132,0.1262097967378872,0.07416219438276524,-0.026132958516318482,0.05942004534572364,0.16169744953806484,0.4605931319704087,-0.07285208641624323,-0.0451968464535254,0.03807091941737743,0.3389028338268976,0.3574403478194097,-0.09178235871714764,0.09591618307486764,0.4338618217616664,-0.033084370518184573,0.042586805665758565,0.3484823595485187,0.060484259696010116,0.11372848208278655,0.12169918770478226,0.028526635156724083,-0.10475082939407772,0.01918875942152798,0.04447695912285655,-0.03124328754761392,0.2640132142112219,0.3291404006793027,-0.005818695683296599,-0.04003936685589942,-0.014999685955845003,-0.0708819571932766,0.15359538741184015,0.09422265507887974,0.33845291905725633,-0.09989992927796591,-0.010490360182075243,0.21285493887114942,0.11905114757075834,0.31356828053150915,0.013469815667509624,-0.17285015301189985,-0.03473210468044043,0.24387666907174402,0.13674577172497104,0.17683109940635178,-0.17289691247995212,-0.1390849767645344,-0.041227762311124655,-0.1032438798313452,-0.078378124712616,0.2729707530207948,,,,,,,,,,,,,,,,,,,,,,,,,,,,,,,,,,,,,,,,,,,,,,,,,,,,,,
11:14,0.16866440509719616,0.22296688551857372,0.05653848965006858,-0.14944881982938613,-0.05060725813251341,0.17387708411208583,0.22947370668513575,-0.15459040874117463,-0.2482849029703224,0.38529983640382875,0.20387246053880134,0.2313572683770346,-0.15032328874671722,-0.2715628195677609,-0.12310017571211662,0.27956211365319317,0.25827210981540644,-0.1699527260921522,0.0794577491001156,0.04542157680521365,0.10861848247342179,0.48010870169816133,0.17472072440674044,0.3801447729171755,0.059420771743003906,-0.14590611137966825,0.29181962959936153,0.1354931544280852,0.008218442528783444,-0.015198836467855177,-0.09997851368924102,0.7353477887774278,0.4211665177109533,0.199006820822173,-0.24602930947304397,-0.14212373068969275,0.07206409461932083,-0.26441037478603424,-0.2539597575817271,0.29887180850286876,0.48408589891626114,0.40140890965996134,0.2906217518273334,0.052422771466522806,0.2614345975143445,0.16306380707400292,0.2803758821074754,0.06730853640748471,0.02596941816293459,0.42094884645012204,0.22094369983916864,0.2098823321321214,-0.18385100182239175,-0.09397159683774009,-0.1814193426406637,-0.17611135374776846,-0.2459908175235476,-0.030308932924977775,0.07411404828522282,0.4429082761146173,0.2833743648002878,-0.09367692039497383,0.016103967817302563,0.6115684816706239,0.2863902590163662,0.22618621779281237,0.023496585723025574,-0.15728069971562417,-0.20560683926516138,0.18697968893966865,0.20332378243067248,-0.3628846571947391,0.011633941192447492,-0.07134139569671596,-0.1097976767207315,0.5691552362538521,0.40398550051238497,-0.03536754031624048,-0.0600329437482235,0.4981246780658112,0.4641156025923539,0.4417969161463784,-0.24046320427432705,-0.29480515067522683,-0.27926354109355134,0.39327555792132685,0.4145539929208895,-0.34453979402465557,0.24806162101797413,0.34666382214262553,0.5059422922260103,0.37343878328895347,-0.07115865354316242,0.06362066772545981,0.4681681138172424,0.44059432781337926,0.41217490781898114,-0.14586124439326625,-0.3106020571875531,-0.17832329945042574,0.3330492675326071,0.3356230779098475,-0.3183982281473057,0.3473137125139199,0.22906728886737943,0.043927852379187345,0.3014024568871077,0.46926511766488566,0.2852410853897572,0.14011632572483876,0.27086619504157167,0.5665182067786945,0.34430069973462823,0.2575368254787154,0.008914829943463664,-0.10279341822424774,0.13420487895389346,-0.25268216982340547,-0.31943045748031673,0.3489613213934998,0.24684165067459365,-0.0019150632117575746,-0.014006077459079898,-0.022844407902126385,0.3257577878472205,0.3479833532642994,0.32677035598998005,-0.06945719015187111,0.07945226116430396,-0.19338561606818452,-0.22940683168097803,-0.24453484574945228,-0.009731226484182435,0.33158923281016073,0.30495763422310007,0.4099147353673623,0.397380630538071,-0.10079588607848065,-0.05225236396185697,0.4510512342907782,0.3748395701598886,-0.2231749470918571,0.4515131174257361,0.33940980359141076,0.7655968192526948,0.42691752570722297,0.5037902120071819,0.2400414649402949,-0.11531993741550063,0.0623971371098865,0.5501444673770085,0.5475117306547129,-0.29212216049154976,0.4930579508765963,0.43632046599226504,0.33679173088526543,-0.0875629292390953,,,,,,,,,,,,,,,,,,,,,,,,,,,,,,,,,,,,,,,,,,,,,,,,,,,,,
11:15,0.023281816942172417,0.026726010254030513,-0.1194655784762867,-0.22309230754427198,-0.13789223385220037,0.06674177094212609,0.0025971780410591616,-0.19225469226445,-0.2695171935187189,0.35242736303179706,0.280746354129565,0.06648595359362566,-0.1965184784685227,-0.2821139918336198,-0.2459842181836076,0.22780767595799076,0.13565211918723652,-0.19664458254250045,-0.014536738103897173,0.09524245258025181,0.2868773619235802,0.23114453184338124,0.048249680275986875,0.18927568142652176,-0.062214800813028014,-0.0789625236045323,0.21460649022469944,0.14860564103148075,-0.03355676087982454,0.08647231445218236,-0.09896622022446247,0.5429190327273375,0.4373892365754701,0.230745747075395,-0.15616471092147907,-0.116334148020394,0.2037607628111414,-0.2447853044591489,-0.1784365905467803,0.08024858247287651,0.20787290251002194,0.24326119537352536,0.31024690401950783,0.058485466407615205,0.19056530177446643,0.012097348299483867,0.2505380434049856,0.4108133738856329,-0.05534212194847232,0.1845609530194088,0.03674434125946374,0.05477399834483036,0.06212323698673612,0.04161781454026949,-0.07242939115351076,-0.12789645466929656,-0.14728926240137166,-0.09489258675129428,0.012395612388682557,0.24543726820530393,0.10982957944251334,-0.12042270466479332,-0.12183166751896335,0.47285056520089846,0.40018031491756684,0.10160025718085858,-0.15350483892599814,-0.1909927508280596,-0.20159310978864767,0.1718495378893458,0.1360063814993297,-0.380871509258562,-0.04577752154386863,-0.038836363470456235,-0.1342059131565168,0.3759961205817271,0.18388441060533148,-0.08749323641796558,-0.1844835857670181,0.5233772171988997,0.5702292567486192,0.2646354202980754,-0.214825255349437,-0.29091504027092446,-0.30717538408206474,0.4109987761442492,0.29777837874776814,-0.3484116840236783,0.17576189703942044,0.33280607263790074,0.5235524125934904,0.1835451100072857,-0.004000773030324326,-0.03266965688978983,0.5416410429880837,0.6106534153924151,0.3316135861798931,-0.13469444302783395,-0.2403198130703154,-0.18481492442152261,0.3768941099207627,0.3296468459016014,-0.26464069861036366,0.2818819377069214,0.31284319370931596,-0.0663403912933923,0.3335933795057972,0.5272349213806147,0.023187692965420385,-0.04872263055544138,0.06437547664589394,0.36084392559204764,0.5484156327191461,0.3330105177519179,-0.08910862744979187,-0.2775743903900343,0.30966732721622997,-0.3394120870231227,-0.3307707562943911,0.3032696782894983,0.1820350093985186,-0.11818410858579968,-0.14511093074002765,0.040748562021597,0.1455120364829986,0.3192891954937836,0.16703643915966174,-0.1304688140315969,-0.1457478607832063,-0.08292996806141552,-0.31583205107015955,-0.3266486385620578,-0.1414331702767542,0.40037842303851484,0.4629977476021933,0.28318723293926984,0.23172246731469254,-0.16868158994945798,-0.09204142196514153,0.4709256010654477,0.346313198890867,-0.28182966242878105,0.44971764606537784,0.42585050957851456,0.7360823630147343,0.583482375675623,0.40176377115255923,0.02293121259104708,-0.160512528090159,-0.014580931053252533,0.6657230256773901,0.5191042652633001,-0.2861856331019226,0.5983470674617452,0.5302130356017313,0.12506910330200038,0.0069407919321252684,0.8001514690093167,,,,,,,,,,,,,,,,,,,,,,,,,,,,,,,,,,,,,,,,,,,,,,,,,,,,
11:16,0.09444192591834774,0.11384791813611678,0.10747960104019919,-0.20400950866080855,-0.10306897388073312,0.19985750499071406,0.08704493078424404,-0.16221599030633155,-0.2843099472276386,0.4613604500699254,0.3180933263063116,0.20219694271018648,-0.09233325404255623,-0.2837371590717518,-0.23881325148345664,0.4328072510002482,0.39561238080353694,-0.1367505913457687,0.13716906358947703,0.18258734917911187,0.1608581441375954,0.4825790293108895,0.1885906250468506,0.33885182332040165,0.048136571560612705,-0.0290766771359568,0.2548779709953239,0.15315007193626573,-0.00213841945928276,0.05395851753561539,-0.025075740581416213,0.5304594723955401,0.3329548125561371,0.40663652063779965,-0.126107120033162,-0.026710345357092893,0.14018389984737784,-0.2455610204206926,-0.1942338878071844,0.21389470768759533,0.41990879244691237,0.37992723554598085,0.21671304220709067,-0.04018166895174243,0.21988097356572792,0.16074466048297967,0.25445862998912266,0.11607028620121566,-0.08505244428030762,0.28356541472638735,0.2287873116830025,0.2828520766038201,-0.06305660343007317,0.03208544933198384,-0.02555454564440599,-0.21410723406770266,-0.26065006370741584,0.01881871556890974,0.18800165921744083,0.5106963100797882,0.07568809152128818,-0.17062311327903062,-0.03822289623768222,0.756106365574232,0.4903033101473816,0.17419274580829544,-0.05249185016939723,-0.20315910525380565,-0.1969621567530235,0.31544634594528637,0.3190319360288098,-0.3404094585996063,-0.00667730279304242,0.048354831713240294,-0.00815275137526225,0.6516229714008619,0.2784890407748083,0.003261301541098675,-0.10777121218595281,0.6895378333782551,0.7606388921273687,0.4910234254578885,-0.12907178936170763,-0.2732344887952246,-0.32388525113526595,0.6249178414224974,0.6053430666141904,-0.28954518612816865,0.2190774371535506,0.38025360796472013,0.7248119794041301,0.2876494889186061,0.14178267782739276,0.2505135275216977,0.6736944582277073,0.6948622248558152,0.5010094544533894,0.010347778532433998,-0.1827006418110226,-0.0446937245900711,0.5430618309058072,0.5157091019149976,-0.20893325082832342,0.26917643859198115,0.2446352463622922,0.04004901352584432,0.34787186900136136,0.7250325092057016,0.24982770719363137,0.050098257549387425,0.3371414559851684,0.4556042882332724,0.6897402543473184,0.5693353332212112,0.07360271945148841,-0.159873074435434,0.13736782796591726,-0.2881952509197446,-0.3363941032819675,0.27303732371802614,0.20796538889723296,-0.009000091483258775,-0.14549211365696163,-0.015286150353871946,0.1673422062533759,0.44498162936132274,0.37510651010644624,-0.13096842045430324,-0.07710537568303268,-0.12498857268491693,-0.24810176971378733,-0.34253078402015724,-0.0669039855160448,0.3695867287623887,0.44363390539518793,0.29161317458377,0.46566038408157673,-0.1323716436052262,0.017997115540663345,0.4972819660304986,0.3639166962905541,-0.18765028180384832,0.2678771779914933,0.3331865372918983,0.8777616590522188,0.6879800834770634,0.5690036850042681,0.32886397046515725,-0.10034005740057611,-0.015260627305062082,0.6704988765751881,0.6493997847647164,-0.22964136681009972,0.37647977271323085,0.46807855148635114,0.3621304330187347,-0.03632251003820585,0.7604288961118777,0.7460576455524572,,,,,,,,,,,,,,,,,,,,,,,,,,,,,,,,,,,,,,,,,,,,,,,,,,,
11:17,0.1279259422414522,0.04267773832965555,0.19852037945090395,0.09987395467270622,-0.05513182259111381,-0.043926036941457816,0.007956562192995726,0.28240731315443734,0.02377373794257541,0.2583025475085854,0.3144943947067171,0.2601204992235475,-0.015787824549936925,-0.06473451730557525,-0.0706785321327559,0.12317141194494859,-0.032765161489467426,-0.11844570216207882,0.04235902184673925,0.08185072535740673,0.8300898730798274,0.30769916280240833,0.15927590876154288,0.20697849878986474,0.0772621933376636,0.07820658185097286,0.5286618328461666,0.4237162654302101,0.10336874372307768,0.044283224146511764,0.06261233091149494,0.39962120988962896,0.3820432058021811,0.31054297780918605,0.0645724498938168,0.0007726729659914272,0.06804653170472295,-0.10323976303543639,0.008742786610613963,-0.03199916892975592,0.2718830427744594,0.3151428054305709,0.5968277609492393,0.3133550363958104,0.5606666111315205,0.0879419868055844,0.37682616939243546,0.06080586208495116,0.20039248862220943,0.19405050603671112,-0.0563060898930207,0.1273021304969531,0.5060967549743546,0.39447992617718985,0.07024643469086497,-0.027295443451782638,0.0033478231968408012,0.06602113783955153,0.0776889910873422,0.14573985425898506,0.01284577514731142,0.19521523821743214,0.02780372514799831,0.49526246782643274,0.2997743165474376,0.27836537693777413,0.04558858981257685,-0.13887701180528506,-0.12102726483161153,0.030411439514277105,0.10851218714735972,-0.18921543684947179,0.09496903787360587,0.06073380405858522,-0.07752584722958414,0.14851007744383476,0.18795645487954943,0.5557309644642607,0.16482484501201147,0.2779345279675076,0.483042538461672,0.4194721525397446,-0.02138608670071771,-0.09241343366438239,-0.14976193866376364,0.2543627115471913,0.1932886275960415,-0.1493967430154516,0.10533641934021562,0.1783872874250651,0.41625615570856284,0.26043730882084154,0.40417432099882117,0.31228474701472175,0.2802641239723719,0.23598019716654572,0.49415464739963005,0.035801089751020594,-0.0624612072399732,-0.09256069987543758,0.13984154616246222,0.12847360642089967,-0.12655540141712057,0.12826942800420907,0.07402914447282177,0.07761169359679383,0.5210640152410622,0.6317777550820644,0.35770266047683524,0.25227042603394795,0.3352612324425231,0.10603808183074093,0.23362560339526584,0.3414937865291267,0.5099354100208193,-0.03465640778307469,0.07175009731366601,-0.11383517389451729,-0.01979525208791693,0.24284946145885283,0.43890114302807676,0.12942715759257928,0.07805605686294108,0.40463662404368356,0.20695857376664367,0.3730522939315443,0.29087220717759954,0.2519716559717456,0.15824753330196434,0.0015011746150672277,0.01957488585606952,-0.05053434825888016,0.13483170253163512,0.35871731018249553,0.2994108782463478,0.06487841128678981,0.7960989751443546,0.10262751220107783,0.2728054365058468,-0.007902718866842256,0.11072319017065041,0.10408095469609085,0.2825810339206679,0.22146442295859578,0.638261985150357,0.08133747350446566,0.3655891383225902,0.3243630617402396,-0.008356190282386657,0.11366779298236858,0.0040430684616457645,0.2544610083725246,-0.17186036056367243,0.17606385778672343,0.27048160048959524,0.45828592273855484,0.3577323249862305,0.25199816119902557,0.31611774017553923,0.3769554072257334,,,,,,,,,,,,,,,,,,,,,,,,,,,,,,,,,,,,,,,,,,,,,,,,,,
11:18,-0.023019772271339667,-0.08917353174575748,0.507828330792005,-0.11492632508464062,-0.06649757773409382,-0.12424307600425351,-0.18197189033167416,0.08629293976834887,-0.21439494693033812,-0.0028728395797634507,-0.16852700054130632,-0.17648439893162798,0.43356412368209746,0.0978019715497602,-0.003960995077240318,-0.11584548533760411,0.005066251565123782,0.41462094899309904,0.2716046123586303,-0.030360845808918766,-0.018657796926327342,0.07225008876642183,0.000458330061449223,0.009555212780409609,0.0818695925544275,0.5459126765948842,-0.11257436051995541,-0.17591083268377436,0.10370872129012919,0.09835147732920277,0.43657972154649527,0.07768829719751842,-0.046650851515692204,0.08291048646378439,0.330197672072705,0.46408017519481665,0.014821166643326831,0.160135579319189,0.4038555532922885,-0.11159749436697737,0.12242912308368985,-0.023832228647869852,0.0028628627082547204,0.0231651761569411,-0.0913832444123109,-0.12707077849178086,0.4417863160867687,0.012913783160739148,0.04079178210494346,0.1727951211984579,0.11652883945688851,0.058004966760703595,0.19559848276765232,0.3101887977247751,-0.004994846391801976,0.22423349870486478,0.32106038211747606,0.3821370931309303,0.287780182152373,-0.010857265233672229,-0.22897207758602184,-0.10876840061682656,0.26639634773645965,0.3375868461322515,-0.2143759556661265,-0.24709059481100915,0.3081079764199323,-0.0502799402947898,0.11983950752805717,-0.14578614772045415,-0.03217825139214826,0.17309396557896553,0.07854696608875089,-0.00893502760152058,-0.08814289016045018,0.04342804972181277,-0.0917437113874179,0.3106604863186184,0.03239378401291587,-0.007051795907153068,0.005358588459786498,-0.024711252089706433,0.4555014329488133,0.061757949527312186,-0.1023040729923492,-0.08120800817381421,0.18112786443071136,0.28390097327225844,0.18171836028927907,0.09711954201195096,-0.022796490739098063,-0.07159275475321744,0.38414681250048954,0.15763851502180118,-0.037137487083900134,-0.09226807237728656,-0.07123934180459947,0.536807703024803,0.31030523795495,0.06494333685442,-0.14816998260270675,-0.03846987071846354,0.33112919056269996,0.18958734103204003,-0.109110810059149,0.22341759097004216,-0.19807512842332545,0.1793236439421484,0.4081684436495622,0.228042166593892,0.7154962503136181,-0.0031056499040310027,0.030962936109637816,-0.11853603175762534,0.38166060216479003,0.37116319782263857,-0.08697026701082676,0.26327325921062067,0.3251431931761798,-0.24778147458754865,-0.16113926687032434,0.4672601016160787,-0.06586367374723218,-0.09116324620650994,-0.0336678410777657,-0.08005354956090953,-0.1500624796420522,-0.08850673601726394,-0.016760426065950393,-0.20731177418668809,0.4241954470584051,0.16240922540031086,0.08828295796764617,-0.14117691257883963,-0.22951515251172563,-0.2644134632873581,0.5662744806039681,0.020532160142901608,0.4161073720133744,-0.1557206098087922,-0.03005828497355598,0.22366963121537697,-0.00403479078288063,0.06861128220317132,0.3863667172554108,-0.1181355522100939,-0.1333719558500953,0.8107613409052171,0.2863209127733893,0.10506186824217208,-0.20771210025800377,0.13258923415876553,0.04904835812956375,-0.11309303603384181,-0.00822889368453266,0.6013862726413577,0.4822741687836486,0.1756615467555713,0.04149538824032063,0.2992760709248178,0.33983555971481627,,,,,,,,,,,,,,,,,,,,,,,,,,,,,,,,,,,,,,,,,,,,,,,,,
11:19,-0.11766753375938235,-0.07976838868273715,0.07452440440314421,-0.14778067101057685,0.07057430589760998,-0.0029293888395431297,-0.16758495931224515,-0.029325118996301202,-0.23882199439265087,0.09619825868215515,0.08945748578327518,-0.06861733783062078,0.02405720805145216,-0.08900233493066034,0.029314796726839006,0.08231491319842313,0.1562816146032771,0.05757649469960385,0.046272544326544346,0.02100832141561455,0.17732327639605033,0.05794167125635899,-0.062480061629055283,0.02917341672859659,-0.037423453951674235,-0.18671276498893663,0.008509894265536076,0.025343728960747828,-0.028555724051873534,0.07184429384862019,-0.13914401317163705,0.4431326044191207,0.27201945063478467,0.06361414455302766,-0.24690271888535478,-0.13081052452595646,0.2068592193261518,-0.13168135772718959,-0.23489740140761123,-0.061806631549994565,0.1562601087214232,0.04136648523275244,0.22705746200335697,-0.09866584614105886,-0.0031549049156882436,0.06479316714571147,0.3080864250960041,0.34231385321235086,-0.15623679976373395,0.14762755534766214,-0.018000191790728655,-0.06835699328821135,-0.04495749155935052,0.06906285429493972,0.004957391467155112,-0.07737446006181706,-0.19741175700193186,0.044836132756186156,0.18687921074102107,0.1749956610592167,-0.027162681639047465,-0.029494583030015814,0.16089053558566044,0.43607428269821824,0.20416731326699908,-0.023165442400098442,0.18535556565439668,-0.012520174706943346,-0.010171777144502582,0.06823294759418709,0.10044858321853137,-0.1428692144125732,-0.06853917013506504,-0.1665756106525392,0.08825901479381854,0.24182319111051945,0.05271736482044541,-0.0023021573945901197,0.03108872596734388,0.26491858005978675,0.42709845691132464,0.14248765795067617,-0.0796543210139683,-0.15842951340333736,-0.12959586551776342,0.19969973852166528,0.3527039803201225,-0.10573082682215972,0.1489428976916232,0.21495237425142816,0.26577696561713976,0.0022424450456595434,0.038372360611888666,0.19935463279929097,0.22597280054346452,0.2930002193350252,0.12144989440625227,0.041009384033186075,-0.032655339179378004,0.06867841751354468,0.15906252480378572,0.24076079694574146,-0.12484392601080051,0.22445988145252396,0.13694184102841384,0.011662512159871158,0.04118885989301933,0.501922917665001,0.171383446901861,-0.016697083960987742,0.08974320618588717,0.1985583513658024,0.3993646000290497,0.13648709378990564,-0.07173260182267521,-0.1598778814442427,0.37886577891455536,-0.20417288187264393,-0.29633245718341555,0.12476160976343048,0.10604599741258106,-0.1196477957525943,-0.1471916543826006,-0.04175483425417196,7.458186459960901e-06,0.19380084565670982,0.06525422627019498,-0.14421483193879897,-0.09283553706766456,0.006202411573767851,-0.20137113557507313,-0.21377930786398305,-0.030924739319928247,0.19464510682295535,0.18896756828182887,0.1251426617373849,0.38521765133532193,-0.07112225135411718,0.15603830115372885,0.27825619021876774,0.25490095213928654,0.03194869470594002,0.24227891023466142,0.21938665814141425,0.6891239198421996,0.45700389500961325,0.2783217980184261,0.29759135146858134,0.1500342832381714,0.23406573967942138,0.5199449070996633,0.5532758409015086,-0.019514424925610084,0.41526481414292926,0.46177694394705526,0.3071274503625062,-0.1795708978433706,0.7131723625710381,0.770191069062855,0.6717553062425058,0.22950322111943885,0.20453200351512565,,,,,,,,,,,,,,,,,,,,,,,,,,,,,,,,,,,,,,,,,,,,,,,,
11:20,-0.04779967195286639,-0.13472915386285955,0.025949134778597064,-0.08615109489235681,0.10261526916405206,-0.13341979964351666,-0.2157363545470381,0.045591524997075326,-0.22508293667096133,0.09120808635301746,-0.04022842279681244,-0.12489315573019653,-0.029769318508131918,-0.0721131794086136,0.24389915544754465,-0.014138068735362249,-0.050370174520831125,0.29176183730411154,0.35720666881500274,0.38625781321106,0.0018602663902741756,-0.100841096198954,-0.15133483808849962,-0.0035252894642966892,-0.09665889983261662,-0.11737489968297934,-0.10133649047881658,-0.11959616457553124,0.06305557470934092,0.052880341619303814,-0.009565102810737013,-0.09350672305972088,-0.14218539452867582,0.01641015598521654,0.09735847490281971,0.06421229624927466,0.0797665239227778,0.42893872020645124,0.47209197022727156,-0.1295952042599201,0.022069991457548916,-0.06369460006005735,-0.032763157098815686,-0.051793981035955484,-0.08697202439120201,-0.016974394313781664,0.4313259890044667,0.007028513390416358,-0.10395195681548182,-0.07854428154014001,-0.03662917111198828,0.055226169411371984,0.22591794576005084,0.030293533551087343,0.10641574950009935,0.4205794754090809,0.5505710837440347,0.11595823229830132,0.07985111488613893,0.0074512178469364225,-0.12428660007988984,-0.014078670548485167,0.3701318922583017,0.1086456272636738,0.02009817380155266,-0.023193607747105622,0.2164744767340297,0.1707514270051668,0.08819972219575563,0.11996410144686935,0.14586102573904194,0.33684037931628696,0.33577204955713214,0.30190570700410274,0.09658286725402512,-0.04788500805620182,-0.0763678761060493,-0.027629443396253298,0.10562959454400721,-0.056128664731775545,-0.05801834036530621,-0.05542267726824677,-0.05364644075276106,-0.019733858162494587,0.10539870577477982,0.048405871553147586,0.010142368578574971,0.282668260645974,0.28840154288362346,0.3789726521905424,-0.10978022826048732,-0.1512271030200373,-0.0887545936602742,0.07908752334783807,-0.06818162784884897,-0.12211566243056218,-0.08482942676836193,0.022372967994438525,0.1309917212230379,0.4377604291392773,0.04138631205933345,-0.12590131906487956,0.3307019837299033,0.31953605517407146,0.3562617174077478,0.007489672385188935,-0.15561232526890054,-0.012600159448407632,0.17062290454052262,0.17282010408620688,0.17548961190491405,-0.20493899586254488,-0.09077308045777176,-0.05994024971276697,0.47232233022201703,0.3629551331911061,0.1121871762786702,0.6062416451242233,0.5496839707330938,-0.15984224128172955,-0.11795192143643805,-0.09432301649333827,-0.06891734503406399,-0.07913362512593419,-0.16426843147013045,-0.050275753338758424,-0.1037305672249851,0.030539229652357423,-0.011564898258618617,0.11902506773710667,0.48837208015446504,0.6773889917489219,-0.06396313136629103,-0.18106212747171602,-0.19310448956462684,-0.10295592368872444,0.22754955540120927,0.1300125250389225,0.13816202454011192,0.10322380400961041,0.12923557647519152,0.4953570948248127,0.1267386041206419,0.3519831359560863,-0.009677920401584324,-0.16235261700041415,-0.06506177634580376,0.10654456275757623,0.28567231532474474,0.4318527791585381,-0.03510072422545802,0.052910165273233986,0.2704814570768531,0.06915773888760159,0.31352770789795203,0.3295510256721359,0.3171866708421274,-0.0560110520110303,-0.13735234590147716,-0.03866014306557945,0.10588420330034237,0.3722294566221354,0.11437549101440656,,,,,,,,,,,,,,,,,,,,,,,,,,,,,,,,,,,,,,,,,,,,,,,
11:21,0.10513359464435804,-0.13545712234868845,0.15192148393765065,0.061225766564371766,0.07991013694640672,-0.17661107944677693,-0.2513998352787766,0.15968214048414717,-0.11040819679811928,-0.1373848529224523,-0.10510753814325115,-0.1685136931167687,0.25715759423427753,0.17399801897239278,0.10692533817692564,-0.1633381558715904,-0.172668308934049,0.5242962727162559,0.3562754434723961,0.11488172592950527,0.028917937630983163,-0.11614036856807895,-0.1327153430273623,0.004358478857027757,0.030938548904483967,0.2953022979788959,0.014030182732805662,-0.05167188397255477,0.21965138216925287,0.1879272403768723,0.3993713928704851,-0.045308359693752256,-0.020746470643580355,0.12880712396947963,0.4483655751416498,0.4407993116645974,0.2515821104622432,0.6055290422237262,0.6213706299018353,-0.14761578585446003,0.006772081147073088,-0.0859873599061528,-0.04073756232424816,-0.022989780371679758,-0.04402499910610111,-0.02783749931706482,0.1891165755790308,0.028387668303252473,0.046437514582534624,0.05791100890224686,0.05060982797514288,0.028702501797704782,0.439634423882722,0.3046935619796191,0.2650483139907588,0.5832961911784407,0.587708029325687,0.2659965056731366,0.14814962272995205,-0.11531824959406099,-0.134578449924344,0.18752642020045138,0.3953211157907206,0.0181752764526028,-0.13833748701519985,-0.12271973095294893,0.35699607588348037,0.14835780437664237,0.14405968620533496,-0.11783978295709821,-0.10900114294181655,0.4355163832869101,0.27313170423058775,0.17925916427069943,0.05596923005969304,-0.11916662094405299,-0.16293181219229008,0.17810765211871252,0.12506711800253187,-0.15646587401745163,-0.12265252364877657,-0.1039276311443138,0.23665371618855888,0.08404408714022242,0.06372283486419303,-0.11872886803196385,-0.03703312071554564,0.4812929774007862,0.2901548285059246,0.2319764429572864,-0.18638750310707405,-0.1944689116863896,0.135216341459442,0.08399409812520373,-0.1782566892595969,-0.1928439215803229,-0.1478420510483936,0.28588186706085994,0.31955503300860716,0.22208101162025912,-0.11892846111658519,-0.18931939330089528,0.47019573235894846,0.2539641317654288,0.09215164896451293,0.05296142486876375,-0.17393111212835413,-0.05627885268147732,0.19507901285968202,0.32402459950754414,0.37082923358482617,-0.17644960094958567,-0.11660011538717845,-0.17351431671388987,0.44553918250832925,0.4217426466270309,0.09162565949205315,0.6981089094003543,0.597267074660756,-0.2554842620666149,-0.1487285673022726,0.2335064597311534,-0.04263972102581939,-0.09348322154317507,-0.20484082896416214,-0.21596770873541782,-0.25575980000445736,-0.03354001908505737,-0.058375433941411314,-0.003721765005072246,0.684436173238772,0.49065715145501804,0.11900924882820355,-0.09047493412777266,-0.1595376936370105,-0.23968471714460376,0.24401942989554715,-0.00670220287035278,0.1370242732453526,-0.19297654919222723,-0.15157528855858754,0.3333831914502022,0.04689282907216466,0.1492256897249394,-0.05228909578575834,-0.24841910326078723,-0.16120293609528075,0.35894621409877464,0.3585967495715455,0.1992950479472462,-0.24544712459714887,0.007104925816838436,0.3194845341978185,-0.058009351266061306,0.2550131697772363,0.3516434017753533,0.3110170827837662,-0.1441108726681056,-0.195537629492272,-0.0888375938465119,0.1315932320984301,0.6354825484362228,0.031223624655313992,0.7293391150493368,,,,,,,,,,,,,,,,,,,,,,,,,,,,,,,,,,,,,,,,,,,,,,
12:13,0.2214473464764224,-0.10615805447306294,0.23843297554441883,0.04564109009458941,-0.08981000804408236,-0.10165130775751496,0.2517607516874557,0.016353631061491018,-0.11671501094084158,0.07636711780572288,-0.06951046932591357,0.19557689611628842,-0.010061374879515257,-0.11271716140703007,-0.028495478444519728,-0.14109062895827904,-0.24147789471672537,-0.2004416218120951,-0.027517504471609774,-0.06530355957074238,0.16436240009946462,0.12287637524928073,-0.0630377979421148,0.09930345151142225,0.15222922956096557,0.028128496474517546,0.17483181257792277,-0.016807642560398323,0.3799338544743991,0.04891527757216726,0.23233407868645264,0.18075316816632153,-0.14280775865049614,0.013798184079224148,0.16644249842201933,0.14286685809635172,-0.23271506368300157,0.2018698413511392,0.26949904347781944,-0.16732166346225635,0.04389177391182175,0.06745047567361319,0.6023897587726929,0.70849437952574,0.06211563029997048,-0.18318175710900902,0.5281386845438554,0.11319422319395374,0.7203328669922402,-0.07398459885508402,-0.21926015216505954,0.05622065009515867,0.11274519006470296,0.0854343216179062,-0.3378511126224291,0.09086459607917433,0.20388835136113942,0.12438608729566221,0.15892229782399464,0.28195679048516803,0.31528329694711377,-0.06970122123083838,0.1724932140961961,0.2081406958918752,-0.03248301344136935,0.36506292594520845,0.014871863013855135,0.06750114676728179,-0.017092450581720042,-0.1477025219420898,-0.10469320485484583,-0.11484777391771678,0.17103655605456566,0.11986767176498238,-0.14031125019449506,0.2192576407623116,0.46979973156781735,0.148720466265392,0.042551345089540865,0.10226870097640953,0.06288235301301554,0.46909503329953456,-0.10091735019830428,-0.1653901546749137,-0.11526679038475211,-0.012603725461414705,0.017557106403307102,-0.21448407186338825,0.24072402275774474,0.2107763226362754,0.24558618291837164,0.43588092809288564,0.09231322972642356,0.07528781144837837,0.159403496712316,0.045567396586027424,0.40485247260194923,-0.0412034144901015,-0.1656896707037678,0.07042696063218777,-0.04875337946561623,-0.022003204441667926,-0.1347181402739089,0.27924405367834776,0.11625326707011951,0.026578411868162736,0.19317940698441888,0.13166525569121532,0.49869632004327763,0.6564648022428163,0.37862044790629246,0.13951341486554947,-0.044011143130411816,0.30397400785468676,0.3546769126498445,0.4991842165071638,-0.01638151039920602,0.13790886679985997,0.21165680373052448,0.24082071626260632,0.31924530357404957,0.12696661581532998,0.2154123133940523,0.03741385329407149,0.30705352009033265,0.33148902711820194,0.3792211014485682,0.15816213530320655,0.5739042377834415,0.06756616711230934,0.09163597203891852,0.18881098940078228,-0.0060420638310670766,-0.020032093817780827,-0.038794986745098126,0.23960071482843318,0.36619461062821523,0.03383479346327764,0.09006906553064137,-0.17306115848554776,-0.07557180103947889,0.016242904541196763,0.20771409669268232,0.17143246298364537,0.2508351726242151,-0.103730654739259,0.23653285572164107,0.21111272327435626,-0.042760840007941184,0.145103704511262,-0.1836777520438921,-0.09486373392622845,-0.23328559798025986,-0.02534485722891862,0.0016011754773519308,0.5307271590067778,0.41822997802988454,0.2364015641519957,0.04565902203941389,0.10691882414825087,0.3556688907522802,0.20422338088767597,-0.0031843783053888504,0.2139527521377164,0.09240915719941942,,,,,,,,,,,,,,,,,,,,,,,,,,,,,,,,,,,,,,,,,,,,,
12:14,0.18645173020563247,0.24461484446279902,-0.22357392655599365,-0.20094655609299966,-0.0800370582718753,0.2487296840061666,0.2785189397067269,-0.21030639170986246,-0.2645655516004251,0.382000347039867,0.34377366840513346,0.34837799513974865,-0.13802599179443753,-0.22248323994559238,-0.24461713129486115,0.4775103063674791,0.360101012568683,-0.17118097325695963,0.06320189321277297,0.20674348771401332,0.07094170433629098,0.37865525258195004,0.12810989269558137,0.4326610536890098,-0.12767832683898817,-0.11356810765188799,0.31720069104363247,0.21729211918571975,-0.12304606998288309,0.02820882555530045,-0.08842719807433487,0.5798376077493824,0.5108347595075532,0.39836495035698305,-0.12602782958049677,-0.08499221032321606,0.29629837906321765,-0.22024789618651877,-0.22240825988104396,0.3970195586488856,0.38762002165130666,0.483205489009599,0.18813608546354302,0.07442288787164675,0.3169102073229334,0.31794435383969244,-0.1357716438813546,0.1145098087395103,0.052486028232228525,0.4007839243552633,0.34030431652247833,0.3090874212248828,-0.06152670472484845,-0.06741390396834047,0.055634187649574444,-0.15280872383745564,-0.2293415572245936,-0.0567735525329763,0.0619096000333903,0.4644922975943285,0.4163561141931426,-0.10968806068407548,-0.1276866458311944,0.3246754320459551,0.551480394873758,0.42995499455041086,-0.21499908943663704,-0.08485219866362635,-0.08095284087857933,0.42353472460015196,0.33217924906779644,-0.27205909049307925,0.04666267201478042,0.16288076577529292,-0.02301223441561163,0.5887788060448512,0.4107424282549548,-0.1985164552583492,-0.22979044596370035,0.589726523591475,0.5823923243227918,0.5019540522934368,-0.13955123793503157,-0.21239958877650905,-0.22545358709432725,0.5954844766423022,0.44052947454375996,-0.26485942024637027,0.22027723665464954,0.3624435352762739,0.6525742315606033,0.3719280967808019,0.027556399926066177,-0.07992965201979249,0.6642540012088355,0.6998513894327145,0.5598305996994118,-0.08231243172827027,-0.14114911997001073,-0.08202711063055698,0.6345487482126078,0.5916212520502322,-0.18867797993594862,0.322976042554817,0.4476842332176011,-0.06158547301313027,0.474161243941946,0.3936318367192456,-0.14443636422221415,-0.030202734240420994,0.08582538383793867,0.6186331704457054,0.586488723374048,0.4903462333977009,-0.15370110200665138,-0.12569772742955437,0.29335699225644213,-0.251789211271717,-0.34379069204407847,0.5504165975962493,0.28662425536385694,-0.12165620753399996,-0.09192236519936739,-0.01970710208203966,0.3603059198498438,0.4215841142282885,0.36576539752770365,-0.09835639743017387,-0.04887598266871493,0.001922731958749964,-0.283103869427339,-0.33979348266286374,-0.18394325414880966,0.4058600603147193,0.5487168088478159,0.6436829437892913,-0.1361182453635139,-0.2173700979356335,-0.15802793959885086,0.6648703988681218,0.4948954128461126,-0.3110659508314255,0.438275497631262,0.5217150247213205,0.4666649920824239,0.6302915721372745,0.685798232553873,-0.14645039043771504,-0.18753303015523357,-0.0009520370777754882,0.8549339946105708,0.6220843600975906,-0.16826190957621331,0.6238202870393684,0.5651690005969519,-0.15246248927450187,-0.10045136928489115,0.7312501238258883,0.7847922831960235,0.6812665821038066,0.021633693041750165,-0.1755858522426698,0.5361998082021061,-0.21554846962666005,-0.27341074680881683,-0.010921644035100963,,,,,,,,,,,,,,,,,,,,,,,,,,,,,,,,,,,,,,,,,,,,
12:15,0.00467707803645049,0.032115901163614395,-0.2103451267896906,-0.1415878478914207,0.011158617870649264,0.1879297583764846,0.04737526834282731,-0.16891826324005743,-0.18320960429611338,0.31959716511020164,0.3377840422992809,0.12934516984147276,-0.19158766088059914,-0.21668048843196694,-0.16812521178272805,0.2919530549698791,0.26345327384604317,-0.1659550619879327,-0.030478170852948707,0.1127024031980335,0.09622181671789852,0.15061268647874504,0.021681433504440708,0.1864822532284553,-0.07786641772216933,-0.1021809862069727,0.1261569245089276,0.14268336768877768,-0.05938304160802322,0.1865309548404163,-0.08905499286549404,0.37404792364755407,0.3399907584943336,0.29744328582138146,-0.14664241996971883,-0.09978011232025502,0.21980681682053269,-0.18961570493711266,-0.21023850034066735,0.10422080344200456,0.17377172181749204,0.18727266471027007,0.20182255139521874,-0.000689221211717148,0.08716595036966042,0.08169142478662536,0.05131338859568053,0.4645219637443088,-0.07362611125070445,0.11937158346784643,0.09961864708448524,0.06747386874385167,3.794773954015127e-05,0.015577890214361477,-0.006025919297861711,-0.10578015656602896,-0.18144974885726317,-0.16429646991937674,-0.017537819752268168,0.3252842094776959,0.1339100891791015,-0.09032021586713805,-0.20048080910908903,0.3930419614531708,0.5388407335325265,0.15658257728309202,-0.14902872430249506,-0.22028353994085823,-0.2362332332951255,0.28904060849334084,0.2384335477286796,-0.34675877030875174,-0.041777846662038924,0.036196763617661575,0.09865490581324071,0.4746800528679096,0.22559476699817047,-0.21590322223243216,-0.14462885841236794,0.5781854824906087,0.679856644113053,0.31164219648338004,-0.21963819584577426,-0.2451837070189472,-0.22244640687566067,0.4679477382107389,0.3756168653509765,-0.27286126761932444,0.11565439580874659,0.27562387677578437,0.5573037512597531,0.16910905454044917,-0.10224507379952197,0.04991977584208027,0.539800449079684,0.709824974731733,0.33377218091880334,-0.1609309614620669,-0.1626878174042147,-0.06156653705728317,0.42700038920006217,0.3790408084009466,-0.22423498606501288,0.14221659905713524,0.25615026861773665,-0.05516036901055961,0.3019411873817012,0.4923335446103543,-0.14772630604465933,-0.11199455123705199,-0.05327513769745311,0.34970579887428777,0.715233373590119,0.44753784321011214,-0.24704258069676277,-0.26871398427814075,0.3495076886334525,-0.30925393564641424,-0.3607332436773195,0.37123743006819526,0.17397986427034665,-0.17940183452712172,-0.16777490947891732,-0.04058010566798245,0.14328087091247582,0.39934315063613185,0.242916876877433,-0.17683202465224038,-0.17169184240277585,0.06059712247376375,-0.3355283363653775,-0.35727282396215576,-0.17625588008410617,0.38805106447733195,0.5424825191069204,0.38612612224461873,-0.035177345965665165,-0.20010897132587047,-0.22045370207623827,0.552499587325618,0.38130039190819265,-0.33299146501473587,0.29895471832713383,0.379947328549394,0.5597560900745172,0.8111688287398042,0.4838523437877244,-0.11233646956242221,-0.08424428822602714,-0.030459851221934005,0.7570228915195891,0.5457317384379029,-0.18519943770072742,0.4784860178804052,0.49189454509176167,-0.06259441062784465,-0.16195625828811666,0.6182204375437349,0.8650441468012565,0.7273388413438937,0.03024103219718052,-0.11789156960328527,0.6925068603578373,-0.17933153028213197,-0.22538990467980477,-0.13196363741621078,0.8258996765865727,,,,,,,,,,,,,,,,,,,,,,,,,,,,,,,,,,,,,,,,,,,
12:16,0.08454327846046113,0.10182917132196727,-0.10999903184942496,-0.14103409025355024,-0.06212451066224209,0.2545199921935524,0.09952752167178697,-0.22130621329903633,-0.17461962967272263,0.45512501910929537,0.34939103538035576,0.20231404212068704,-0.23119905493970788,-0.29884713339363095,-0.23797403152404342,0.4314790822056737,0.41757264959178525,-0.2278967911167876,0.05327145083924576,0.18252471436644424,0.03858383307054022,0.399697688523357,0.1550791538759798,0.3053814935096778,0.029437653003640662,-0.14782770702947154,0.19780611473257892,0.16743634225433743,-0.0014134884141561532,0.09395539883533152,-0.09832441924130828,0.3705494833672022,0.22344101299984112,0.4001548261950236,-0.1850755447369035,-0.0824087724216417,0.08711350299252778,-0.22495718835498504,-0.2228353392455462,0.2074031078345176,0.3432693316354217,0.3170312925975789,0.12569007063889107,-0.09192657900166454,0.13328148695213668,0.1474131630385585,0.14221944919609722,0.2013940081256395,-0.13698180829319864,0.15445903952208057,0.1635637686272268,0.24040103695940507,-0.13621033758892742,-0.022230842196782785,-0.0628350456877923,-0.22481605476459005,-0.27477418621058225,-0.16267812748452287,0.02719941689137037,0.5106163942805764,0.06260536929336136,-0.1690187313515401,-0.13910033338411518,0.6511890099872406,0.5724065530116379,0.15637711686380062,-0.1604603380048558,-0.26853400005555966,-0.3204136576600508,0.34950463179602775,0.35523886066244564,-0.4049560793005918,-0.04244568395146179,0.059369606577362746,0.06904751994484445,0.6688462200343882,0.2710438867014866,-0.1756184354496824,-0.08385430477537717,0.7224690892522825,0.8054201901629473,0.4548921374576092,-0.2656448753494998,-0.2796616921779119,-0.29470088908421177,0.6066579694318427,0.5685929975738774,-0.31446263548441084,0.14369301752209873,0.3484863319794772,0.7130711341752773,0.23974208954369122,-0.06337215705849591,0.23616974108807137,0.6624043046509047,0.773224581989445,0.44511582785784143,-0.14822339779792781,-0.2405257050089477,-0.002578823811909879,0.513486902830993,0.4807749462446381,-0.23650022862985837,0.13865368514432805,0.2155555127217065,-0.025096689852101665,0.32890825940958696,0.6304135695080361,0.07176111687680245,-0.048302535588197436,0.1267682359987077,0.402016341545115,0.7228834645056587,0.6220938275283756,-0.1280588982470841,-0.22214188813094052,0.12830086840855282,-0.3062220557644487,-0.3727682160609503,0.2754401976426994,0.17257386628225563,-0.14784767358752562,-0.15927526979010978,-0.060168459759243835,0.11593089476343653,0.4606220962604669,0.3867889129013376,-0.16952325256242765,-0.12375770052292692,-0.07475651103088936,-0.32368348085369714,-0.3398803356294313,-0.11192376843470309,0.37457011330807427,0.5314639528647714,0.3061229740181173,0.21746302337080878,-0.16381809417389007,-0.190423129212297,0.5182632230893681,0.35120538421809755,-0.2582148289276375,0.16810157458627548,0.26833684342718966,0.7117575773792205,0.8766076479356133,0.5594728511183741,0.08500932353937872,-0.14592112131096524,-0.10271878704482365,0.6803377036887732,0.5914791762579235,-0.18236402393173154,0.2979049895817083,0.4334622120066295,0.17000127410179394,-0.18157227949038438,0.6038159780361771,0.6645192108583795,0.9037347304060313,0.15760771202323595,0.05761016111612579,0.5472035905923923,-0.10409584495585691,-0.18864329979046165,-0.005172516996359819,0.6736512740661514,0.814606220926979,,,,,,,,,,,,,,,,,,,,,,,,,,,,,,,,,,,,,,,,,,
12:17,0.2789822270634582,-0.17356994671043718,0.18358948881892567,0.19564218202586567,0.015451679805799498,-0.2670089683648614,-0.34773558200254157,0.07774997670186286,0.08346089931712981,-0.0051791838092356225,-0.025201910883500243,-0.17654261315873593,-0.07108768897666777,0.09122139520932059,0.2569192602682581,-0.08428589354413255,-0.27487018472662395,-0.03978493230460268,0.050356429354412605,0.00046101799681104336,0.1875526754996213,0.07380966011244515,-0.11782477210896967,0.10752569578249145,0.10677568717299682,-0.14347803739317455,0.2471794644689141,0.17215811000558073,0.4612302650884937,0.16515473354910928,0.23477689789399664,0.07618930524782043,0.04054752683710788,0.17764779251583307,0.33196009929173675,0.15677268884347048,0.003847324386536961,0.4207318767860876,0.30715108739872427,-0.16757924800869406,0.038334940053232125,0.032912383868442065,0.12335851180067167,-0.03657894985328583,0.09883990641447124,-0.02298853286264839,0.4064923384779799,0.17080949710556834,0.010018233501713061,-0.0184586281700613,-0.034791950600732285,0.24730287878373727,0.38490703780687896,0.14773327223739902,0.019320119801530058,0.1918271740827171,0.25890412099819005,0.26133464835909376,0.290050227737871,-0.009565618522167068,-0.16742393744232584,0.009550024114760738,0.4815214839078179,0.16112190428079942,0.08716698431967113,0.031236551171364625,0.17043822519229185,0.38237122922538114,0.17975735554320973,-0.0720167580233445,-0.052893670547324044,0.17277560986681806,0.1477155643836348,0.04990110702082761,-0.015551947018562462,-0.11120272149520721,-0.15019530653983595,0.14099913312041404,0.2198925917716378,0.07387895134342655,0.11263322577624683,-0.0003062817819640659,-0.16564422253487612,-0.10541411090081361,-0.000653627572834178,0.09874286868677297,-0.004117047741550465,-0.10823833271889179,0.19372582811655206,0.21504980078491748,-0.052343744396612456,-0.19271452510600195,0.07104307499162699,0.2057994936126888,0.14851913957894672,0.0169033755605687,-0.03051327915398258,-0.1172827039428943,-0.09663369367344447,0.18467670293865274,0.111724196794164,-0.03369045104055684,-0.08140325895416066,0.17484882945027908,0.09878291251499917,-0.10475996345413816,0.013990078775842584,0.08058959166779266,0.25432399081612794,0.33946054734714354,0.267165583416396,-0.13420157792825535,-0.07190174732079409,-0.025994403831072613,0.4912205128779679,-0.10083737307886911,-0.17169520582565218,0.14634618393786372,0.09622475313570254,-0.15328221565103187,-0.06127019381688932,-0.14857887345886056,-0.1283175189134358,0.00993112416321906,-0.20606762709641843,0.004174969649264818,-0.10935642491002312,0.03183204214340749,-0.11599778583458553,-0.1233592637752511,0.09361782908158008,0.2465857572462582,-0.05621830060942584,-0.05339931572008213,-0.021815758268648688,-0.1954894309283574,0.39042800660072885,0.09343530994716481,0.060454831993580434,-0.18193267295444523,-0.08923483170023347,0.2035915401997365,0.05817744941277966,0.06043290622756392,0.15737441792355525,0.0864977081204594,0.04570132777537261,0.09795137726568998,0.09315988547862818,0.1962597215268015,-0.14652507990960517,-0.06022828526683689,-0.08894486351061193,-0.033743363245543855,0.0460348554230388,0.5642898921137504,0.22426095609395844,0.020585210064615275,0.022837748230014693,0.0812640063180912,0.3182274876396701,0.07886165273073809,0.05411717046484577,0.38702295598575437,0.22016496723360707,0.40933696347973153,-0.1356164789575287,-0.05680765025006195,0.06713415664110335,,,,,,,,,,,,,,,,,,,,,,,,,,,,,,,,,,,,,,,,,
12:18,0.15199044226274624,0.028215558052526957,0.11396394302952323,-0.0029868669497987786,-0.09808562971309759,-0.08184155051663493,-0.18597200455505172,-0.05585484759124075,-0.19506407395220468,0.21327081404192266,-0.06646234660054944,-0.1304061375243064,-0.11282313572702998,-0.15574286496800496,0.11940743034650024,-0.056399976378837584,0.07053954314768243,-0.011620647163871118,0.07202983718493802,0.15259770271966694,0.015537199874628097,0.1533631935690952,-0.0951106973330438,0.1305024205933792,-0.006431954810362462,-0.08339049984851882,0.1600020768382486,-0.16119803859539428,0.2565299710179882,0.005574575750798787,0.08676546301456624,0.0013240959901648372,-0.16717243593903433,0.03096892654672104,0.0967179161874137,0.21686272110266908,-0.17430828480365695,0.2826827421164038,0.4206457996872863,0.13651175873757046,0.1720881387649316,0.17728172131622327,-0.00986569383973272,-0.10362233709632715,0.15930514200308443,-0.04602151322864306,0.6561539961116737,0.09612462827667938,-0.1445934457554673,0.11377493938131414,-0.0070065381444201205,0.2520400948306152,0.14998259182867013,0.25078510683681166,-0.17154398751129574,0.22341923464056945,0.4453297800137114,0.2761311950707617,0.22103043584668092,0.14436302280910182,0.06545118814674764,-0.0010969678769031054,0.35465178560941674,0.2676007198100216,-0.02378404928507728,-0.01755004694936892,0.1022966401975145,0.20125715086628274,0.05154803248154472,-0.052969394480468245,0.20636877422202518,0.060058427926754775,-0.060862938317492586,-0.06826479047508,-0.1364889258778599,0.009462686931814297,-0.08358995072542767,0.16069886843098055,0.08262933432704565,0.17046417225580662,0.04123314611975103,-0.022481501942467116,-0.07539688824929244,-0.06748210692083738,0.0443047534047587,0.05868866017996006,0.327686030002324,-0.001160112720923221,0.14902050132226918,0.33514706849723597,0.015154414887737206,-0.1296193907416774,0.1388236377373933,0.05897715962588916,0.26744810075013103,0.08645931520387579,-0.017397241951152678,0.02774823684712866,-0.05320397158837059,0.33316974126947496,0.08923177644769122,0.282503255636455,0.13924890388339234,0.29164442002204827,0.2970988549198894,0.03886640856436866,0.04049814530922409,0.08913958752837074,0.3997757840912037,0.29391352239289453,0.34649207791324904,0.035876534939563394,-0.0849942001123665,-0.08779613396997722,0.42092891593302045,0.2978745481887835,-0.22129853932778049,0.37846521309762193,0.4060995801602234,-0.10485251370317576,-0.11245025146270571,0.13958153468990142,0.04971381699853569,0.05175699384428437,-0.015118898646531962,-0.05362945380699896,-0.1327430494814041,0.047280669287691646,-0.018516648056538146,-0.2999250828163944,0.4130993179192742,0.5413987653658139,0.13393180085419323,0.06931494280178707,0.03592958463765573,-0.12967559996125155,0.386842038984969,0.14280607831996228,0.10139182116599683,-0.07043218078073948,0.2537961032176153,0.15998226295590842,-0.01138534531265363,0.05931560870772918,0.22678629438504944,-0.1612715098194386,-0.08628877963552871,0.20988024038061456,0.0174393214671823,0.2341438978991362,-0.14302485183984284,0.28765719567221715,-0.06502148756172457,-0.09409809805832264,0.11652723091856668,0.5014854433643898,0.407567518525556,0.13544363805320447,0.021607001930701166,0.13643448047744874,0.28559330424679613,0.473656331061194,0.10779397556950433,0.5768326711226516,0.46202031983629915,0.401264347551743,-0.11502370759017114,-0.1773752484901995,0.007082302084408806,0.4068208893313152,,,,,,,,,,,,,,,,,,,,,,,,,,,,,,,,,,,,,,,,
12:19,-0.09227561656480678,-0.054790795745911135,-0.18228203976878773,-0.2248118493318272,-0.16935138516659973,0.05457271237206577,-0.11917388674781483,-0.2760795973153788,-0.2516877252392564,0.10264902236479846,0.12571268853460066,-0.10315923346632073,-0.16663254668919494,-0.17701090893478708,-0.18560592560871259,0.10504117020249372,0.08012647134126528,-0.08161363583200011,-0.09025825821463809,0.01634336703580537,0.08869802522668706,-0.009759250095737247,-0.10784745176079219,-0.022869195320381973,-0.16234193317606913,-0.11533186620655267,-0.010793467416838468,-0.03414817649328153,-0.08895221817499598,-0.0017916574624538607,-0.13580941461368903,0.23309474109681752,0.2503576176871536,0.08367744038754898,-0.16407033135464902,-0.10282082404473705,0.3099839772967135,-0.13460032726293675,-0.1885530549085146,0.013492228390705695,-0.016009324152823943,0.07702135783329064,0.17347574987966974,-0.034703728529957165,0.024274984099955405,-0.029191910715415718,-0.01896569430133003,0.39697439989980043,-0.12333547493698846,0.062233298140506266,0.008141805757722335,-0.02233687867420155,0.013555848211963553,0.0374398793737764,0.14346728922724414,-0.07287231033464872,-0.18301247987005742,-0.21274256737618702,-0.14920792376170558,0.19107717462212198,0.06969100205353135,-0.1788278988073198,-0.13907587643936928,0.23042627156449316,0.36200715888147506,0.028883719404048235,-0.19871862493478093,-0.15739991568069742,-0.17098386535209856,0.20231624472259627,0.10185652824807645,-0.26193417053646656,-0.040049891336941035,-0.00697223196448727,-0.09891563853460952,0.21200927183152604,0.022883249724351285,-0.23608826055001922,-0.24260451283251808,0.3294126193178998,0.43882126247438236,0.09036261760842482,-0.16560079443796025,-0.16334188991193593,-0.11931991324909565,0.25084052618974867,0.22328488159974386,-0.18988339533762988,0.06977403380158324,0.21744417670182922,0.4148261195575134,0.05518083680952509,-0.06520552584940323,-0.06578467019693869,0.35430692953884585,0.548091697568111,0.20829788882627168,-0.08848412158221296,-0.03402481544882646,0.08597297380861614,0.2983619663159584,0.3302005490711784,-0.0633488760051584,0.2158329221623248,0.3103845554087673,-0.039777636507737336,0.2155868046645528,0.3825124904077538,-0.23592522640536234,-0.19562145575837175,-0.1183813257698249,0.2278280083561958,0.5628494341092224,0.28257893328186984,-0.31096400550576186,-0.2594719793162819,0.5130526950444563,-0.24109782231889043,-0.3185994022070694,0.30664239374640373,0.1074066494561691,-0.20589905637511982,-0.17361958118958137,-0.0014338776139262782,0.0801216002444874,0.27530487691194205,0.1189159625728875,-0.1607576665160613,-0.2223395323392798,0.163343598170097,-0.27323259331650274,-0.2976456890926188,-0.19472852480731567,0.2908375096177884,0.4145063945304447,0.3390878713952039,-0.0713103852399989,-0.15247510191724228,-0.10156772226221077,0.44409872117532145,0.35570919719646454,-0.21005100066802732,0.30695068367737177,0.39416234558883,0.45497439103010523,0.5952646034576916,0.32777049805556485,-0.15504078756643544,-0.08657440228071776,0.13260294712198423,0.6845515738311848,0.5221980616292743,-0.06265994438928808,0.5044679584671684,0.4699959293046927,-0.13508393069645042,-0.18766856362846066,0.5274533040516863,0.8360595808709668,0.5617936488670413,0.03081507478600505,-0.11196635221986813,0.7367902779729658,-0.13711524396373345,-0.16510148342910477,-0.19879612955736087,0.731195642426334,0.8774570939639968,0.586158527435457,-0.11717178475694195,-0.11932617389067376,,,,,,,,,,,,,,,,,,,,,,,,,,,,,,,,,,,,,,,
12:20,0.027201435533062212,-0.1493198591964828,0.042235050509105546,-0.1403080200791561,-0.1675237783376759,-0.1846614368029536,-0.25883979210946756,-0.14413471838723377,-0.2522792851214797,-0.1418897945696465,-0.1955673408096331,-0.2566227609282419,0.0915524513343007,0.03642689397287292,-0.008470466033314883,-0.05248869821115274,-0.20421399500971874,0.4310171759948058,0.423697068795569,0.22904027986951514,-0.151711003644464,-0.14775851482725386,-0.20092460219101219,-0.09492393100950453,-0.13852901342030288,0.06844334591584134,-0.1787698602698614,-0.2308073861216503,0.07374905862570348,-0.055725118904634066,0.16789665983498098,-0.2078648410511311,-0.156014439932047,-0.021747160879652616,0.30601554211287174,0.24341742102103575,0.2633122790970323,0.6114712621794158,0.5271348757230115,-0.10958702533040646,-0.10801671932658036,-0.08601333945666426,-0.11364956016593983,-0.04577590368517284,-0.15048792920556345,-0.05636985279959651,0.01393331319002831,-0.05632028322399236,-0.007507426535990384,-0.02680449617809861,0.060068247877368995,0.048829540131527106,0.31844536302470505,0.046668128837085085,0.3178271928202706,0.5747414535829948,0.503366816364238,0.15486706656829832,0.01643813954483129,-0.016926922903959845,-0.07756661408563456,-0.1545963366128879,0.40837231656538453,-0.07074590908426241,-0.08715938672093998,-0.05766729378712636,0.1209437803176096,0.2545798506949624,0.18183538863250462,0.10203954311920059,-0.04042892570896126,0.45495364185471093,0.40035668971341276,0.31573365696256456,-0.16304019398404412,-0.13875250496433528,-0.19988981053334098,-0.11577007065286284,-0.10543856987584214,-0.17269645066574488,-0.19635995847745435,-0.14229227802904823,0.1264871512557396,0.09433518588967466,0.09752342524082638,-0.01947112831763673,-0.10196491396167853,0.4234049156679991,0.3910369966499591,0.3529567589770381,-0.11243692637525729,-0.16125057400885462,0.03506836688961539,-0.11329484261069382,-0.09483375886619352,-0.10292250209914444,-0.08973758030155671,0.2125151027285587,0.31424628937317983,0.3852741726934363,0.10012379705218934,-0.0691589749057109,0.5512649199268436,0.48231199808547137,0.39368088957480113,-0.015240484249072515,-0.16275921972913862,-0.1457318675738094,0.005385776578275134,0.16567173373362185,0.23520625328031566,-0.1465930460946539,-0.07625916000915997,-0.08253450100711217,0.36864429201822835,0.37350022696948465,0.23390462668860554,0.7598014786059237,0.564538712696521,-0.14217818919172437,-0.2099160929526534,-0.024663640959262916,-0.1324996649038704,-0.13975181423395358,-0.17039382774295958,-0.11961734341328009,-0.1471916197391108,-0.004034230145567429,-0.09595351572060898,0.17760346735002638,0.6154739726245735,0.5428358099955201,-0.15437570144440224,-0.2490322819211821,-0.2154922016497889,-0.05371600046182614,-0.005310142367481596,0.00565374653956433,0.11161878692816286,0.0298337333650114,-0.007200288702506213,0.4094256932713587,0.09500080179513419,0.345666498731287,-0.1653678925994516,-0.17502585552941607,-0.09562185358491179,0.09265421641930396,0.23399600166617127,0.30095148651610176,-0.03915999999683284,0.01202856538495737,0.40463962934271297,0.14238570420870722,0.3299473509210664,0.11769402515632267,0.17022122921437707,-0.1843889013942705,-0.18738912819943984,-0.11680612357650523,-0.046956996249837,0.3875338001290386,-0.018402571024214522,0.7983093997679102,0.8264751324668512,0.06027389294432578,-0.1369498976730297,-0.17196252111867022,-0.1555545851684715,0.23830590010154412,0.40259534623692333,-0.015815961516000756,,,,,,,,,,,,,,,,,,,,,,,,,,,,,,,,,,,,,,
12:21,0.6039950121737999,-0.08099314859828811,0.15641594608549464,0.3464484170242692,-0.10025374659604795,-0.19149438532051505,-0.2524351768692565,0.039574813601351094,0.10723865045928996,-0.09443522308928694,-0.04110946447241719,-0.23485865870118394,0.12201941033386639,0.2561986801331891,0.10864151671724663,-0.07790830871692205,-0.24971360206236534,0.221914643709983,0.13095574900380688,-0.012196879771771174,-0.028456016631209235,0.011017039175915531,-0.14134814884584332,0.08331927441071861,0.28573129506036826,0.06635550106959374,0.2622166122324902,0.08897249148838286,0.7756725981884895,0.20618434016484807,0.586954506027813,-0.02373027199914719,-0.004844787199283235,0.24704911099621127,0.6709929649482212,0.5919103821379154,0.27567720988952515,0.882368860530598,0.6762249940868643,-0.10165843213953875,-0.08901962329058187,-0.0260689042606715,-0.02053906173216081,-0.05777760090811119,0.08039336753613027,0.019109000719962847,0.1561871974634902,0.049930488925532736,0.15071009883581207,0.08484279663657107,0.06758786735464867,0.2727636931515,0.4877398409881473,0.3335805802426175,0.3041327432172068,0.6333796461736148,0.5929711575065238,0.024716617047245624,-0.06868560703395218,-0.1027631473308675,-0.0656099525516602,0.0453525982241519,0.20358537226427784,-0.03792238563223282,-0.036705658312994535,-0.03792098720869407,0.1851919853042497,0.19245843784795075,0.09943824193576359,0.020079814183715978,-0.037326851124252554,0.3647586434957464,0.316315941296118,0.2248382685183608,-0.08701497255811659,-0.1690240523639552,-0.2006428057729513,0.07530394326723291,0.028608439379548354,-0.08438685265128136,-0.13748968740669323,-0.06794766056801056,0.0053769185913438355,0.02848794870329058,0.18901597332354134,-0.012676232197344957,0.009681250894826854,0.2789667382951745,0.34943283914001666,0.3716662206723404,-0.1455527540591176,-0.1760632113398843,0.027980591538604604,0.09208715860872004,-0.07391478880936261,-0.020830224716258783,-0.08331178432484565,0.06927863231133026,0.18153909519993228,0.3413243504821268,0.033840094582373866,-0.06218169742874186,0.35239420759301066,0.35954937186407665,0.30057767636198296,-0.08376950656612432,-0.028328270348068427,-0.07792630232739924,0.15638755568928134,0.6544094574391021,0.14123203841098977,-0.06730438448914586,-0.067562332970527,-0.10566410984160414,0.39904711179447294,0.1968259275058692,0.06674761598032186,0.6447939548597171,0.535946157153881,-0.12670781435328707,-0.1345939632120698,-0.045940793750193026,-0.04729445268612066,-0.04814541057224267,-0.1557849997948344,-0.161548866201075,-0.19440555661215259,-0.013104134142616988,-0.0907648907088538,0.01563215894930977,0.4550382653562392,0.44648155727609523,0.010499406985796296,-0.06577045899548035,-0.041118248630092266,-0.09974887332882244,0.021832547105562802,0.020332877536924573,0.013228400825863297,-0.12865779159127103,-0.059380188668816974,0.23134763606256406,0.06828708586263907,0.15996565852732125,-0.1567542626297639,-0.1656093333952358,-0.10886506333522304,-0.03567091820856837,0.13038241991100866,0.12695146362867618,-0.15741896754062765,-0.03485192558650303,0.21447206544770875,0.0031570074465480566,0.32746738133058745,0.4007243667660126,0.11856843716264559,-0.17024368522686545,-0.1819474176863473,-0.19296609871108883,0.018880072036928337,0.1628166430182426,-0.10947944357754842,0.4490395630559741,0.639234075159493,0.25175604774785976,-0.18751289615318675,-0.19057402018939854,-0.18889813807186448,0.4244865209399358,0.4071749985239083,-0.09817734437803564,0.5954669908066448,,,,,,,,,,,,,,,,,,,,,,,,,,,,,,,,,,,,,
13:14,0.2370938277093695,0.27353739002967997,-0.019404180853591455,-0.05665479909953467,-0.08554807252677687,0.20263579961360204,0.4663979948155197,-0.020484251161589914,-0.12831427610615773,0.2331701072104496,0.2611379600462859,0.5557658416302839,-0.05240526831522733,-0.11865231502236266,-0.15622933044918957,0.307100315715476,0.21801961743745937,-0.16374463621787624,0.0025674303925344324,0.02294077045213106,0.33274868838716604,0.4271376420626007,0.17170813679232955,0.4256062095427638,-0.08017851637071642,-0.04488425604557138,0.4333485487780345,0.2913753687201915,-0.09289576573340202,-0.0935674735718516,-0.023791202833337743,0.6155959554166442,0.5127013561552574,0.32182163968576133,-0.10695129298396859,-0.09428153582100517,0.19582877750364946,-0.21991702091527454,-0.2727958494289105,0.37680012910187455,0.4639743643666049,0.54841433579328,0.5762047294403266,0.4809298418903529,0.5348502880030607,0.32407800544272525,-0.12217354416955885,-0.09788119250548465,0.4761716915348412,0.5118480346584315,0.33288646521006315,0.3113076359167026,0.07978753377626926,0.08393949521555892,0.08856379680493842,-0.09218738806567499,-0.27149199164690363,-0.07846479771834437,-0.03421768995444332,0.5323541166315928,0.5923585379365552,-0.04025713230588824,-0.11678592379560965,0.3347009309431052,0.4178958483188472,0.6778651474755293,-0.13029622453035597,-0.16462108871918987,-0.155141843025683,0.2855608317255149,0.2516794050004377,-0.3191612453538208,0.14224966626647148,0.16608777849005624,-0.06137789959202624,0.5565119232170544,0.6425476175346572,0.09261972977168442,-0.07299581368547522,0.39233155155773686,0.49431808318780385,0.7712480901567681,-0.08205705175399275,-0.1120316326813029,-0.13885218599799024,0.39464685759137197,0.37409166254123144,-0.23309309312919696,0.18268385351963437,0.2319492676596616,0.6604676581591588,0.6494106689637669,0.15322031329811595,0.05203867830908382,0.43255950318640884,0.45161044003602535,0.8194318459805681,-0.04194624430110959,-0.07171043744282693,-0.06059472619362048,0.4039678843915468,0.47453207523611796,-0.17166398343424233,0.29939836725756874,0.27227371307893955,0.04577722833967686,0.6400967533544419,0.44239138765707336,0.08091509177990018,0.24160985115615458,0.26554251233221043,0.670534931054864,0.4413995477837829,0.5495408264810905,0.0978514904954977,0.16430204257979444,0.35855381250417107,-0.11469965512632184,-0.2122199612213483,0.7938237425524213,0.549495524164889,0.027377133233804408,0.08064174311827335,0.14931815377548324,0.6994476972833329,0.6337934367169648,0.6544301930445692,0.13587107044067162,0.3513972516149556,0.2223313445644369,-0.12948790745102084,-0.26431786614360997,-0.13555816924456343,0.3102033880992793,0.3797847555581505,0.8231829546708173,0.16249595783859042,-0.1362246901342404,-0.021105706586718235,0.3936649369008079,0.42807574611527693,-0.26540273227406475,0.4176437152559352,0.4811862617987106,0.4663974909332111,0.3713272448353077,0.826293262666282,0.026428325042128543,-0.12320199457105055,0.1258215514677038,0.49450791502647473,0.5601695286879569,-0.2138991682667237,0.4314710474657602,0.3726826776087086,-0.006492864005267651,0.017679461026595802,0.6545408434297275,0.5274603175301213,0.5081995842442634,0.3613340714664104,-0.016181092220177565,0.3556462943189703,-0.20834694270677698,-0.19123629469374204,0.3161623132172594,0.7380338895549019,0.45968082415079214,0.39057310691986574,-0.12080843317414033,-0.08697546005821022,0.43191300692240253,-0.12399448741422925,-0.16411275320325816,,,,,,,,,,,,,,,,,,,,,,,,,,,,,,,,,,,,
13:15,0.2510546416283545,0.24094801101169286,0.008100812164417362,-0.06662287999260975,-0.028236106566938975,0.2289221984775597,0.4206174032426703,-0.08830562403437194,-0.17197261292517024,0.29859066268447365,0.25757375789340964,0.4749597751860165,-0.12580169897918095,-0.18894748189491933,-0.14754772274381453,0.32810294466176876,0.3385706739897647,-0.18344882560950643,0.053476330053889305,0.059635504368623644,0.17331896989249226,0.49464521408184126,0.19245481297525702,0.4450393666851736,0.04096472675246751,-0.11809899504804013,0.3655150927552994,0.21774813081370736,0.010216919333771704,-0.015408411875810926,-0.03260697645219416,0.6281486242132835,0.4170127400849578,0.3337975981640636,-0.17210869855676308,-0.10192744369813568,0.10847471728628434,-0.201504462632417,-0.2815193987527075,0.31412914020989324,0.5226970687400422,0.49215885058382247,0.5094397949346288,0.34970807901372747,0.3689956888544971,0.24424550302011924,0.06439438301260936,0.034696339151112476,0.3490763878086413,0.4251244184784834,0.31039237659495167,0.30626920829567206,-0.05666281170962007,0.042199130774769875,-0.04791274325618653,-0.11940084221973915,-0.2844328261958975,-0.16461990046712105,-0.05262675212179951,0.5703007084006838,0.42644876917465413,-0.0730429671806128,-0.11520683796441474,0.5586970154962535,0.453926533410106,0.5086213044373717,-0.04159909023061748,-0.2636731187716023,-0.2995148317287909,0.30194561159081534,0.33319465164985435,-0.3891465656796246,0.1323995862617558,0.15004557276164202,0.03145172053203629,0.7112320513791139,0.6536856767716898,-0.010082606125647441,-0.003880395773123327,0.5277902090424936,0.6370055171864984,0.7785498535691487,-0.2201234522132694,-0.19812642054728868,-0.19526823211924965,0.4703354267681875,0.5279829946160448,-0.29021127374824307,0.2374743344357796,0.34024212008749216,0.6888605816926158,0.6148524475006488,-0.02389150095800713,0.20815448678160173,0.43992855676524606,0.5337723030621417,0.7414700754833221,-0.137944758244476,-0.18452265879389917,-0.02218441058756685,0.38382424206836224,0.44188820511991267,-0.2523750666926382,0.2672996802369916,0.20480199333166618,0.05327458201492271,0.5012537606777219,0.5231328812418551,0.18328635155270162,0.2516435281189934,0.27762368686320077,0.6197241408558956,0.5484520930780372,0.5920641412147096,0.04364958011238948,0.0910595036226197,0.29053324460101815,-0.1838506557171468,-0.2898194200901252,0.6568874052057737,0.4717933829867927,-0.024009791516011684,0.029275490810653046,0.013114316190968374,0.5478490153105133,0.6755370385210127,0.6785468989863034,0.01188939597234305,0.2951221704749585,0.14533977079381383,-0.2230187654813357,-0.2967513793393806,-0.08345961227363971,0.3376984313516184,0.41339731764607174,0.7187608394838908,0.31264970827850824,-0.14255747188551224,-0.10258823171300588,0.46842629626241306,0.4571568090890519,-0.2648519948410955,0.39828847728433303,0.43300259997505774,0.6522445239915873,0.5568909719988977,0.8004205931903553,0.14689697070325958,-0.08730682841359066,0.0445720006959317,0.5533467387000814,0.6347232553623662,-0.2655255218002863,0.3673299564557479,0.40670676289720353,0.2054683698516003,-0.12128256320237593,0.8127791572302615,0.629417251958353,0.7360802927357054,0.28137319219266765,0.08235953135935692,0.5519730282592061,-0.13121997073642896,-0.1649226764744606,0.3225534696875637,0.7443659205948311,0.6330658297016836,0.6721099356247127,-0.03425894615832742,-0.05824561456273139,0.49825595927331195,-0.15986805323022152,-0.15512568074762803,0.8684150009438653,,,,,,,,,,,,,,,,,,,,,,,,,,,,,,,,,,,
13:16,0.21868428973695753,0.22927575627858315,-0.15201136432761797,-0.09104969228238385,-0.10529165268241036,0.20292648608127623,0.5344268150283563,-0.06535982032744006,-0.1473486111727392,0.311644140474005,0.304382568502501,0.6522904911693791,-0.24595539769609837,-0.3218903890570372,-0.29457999484142505,0.33045877430442366,0.2692209138768036,-0.36545058784553974,-0.005046771956125757,0.16504355518365027,0.39055054673088246,0.5018236813774746,0.20994713075158336,0.4553622211387318,-0.047265450365091166,-0.1951315831309988,0.49428802167416996,0.3174709037956178,-0.06972063212321875,-0.12064649821076867,-0.150106658575236,0.46099362172268393,0.29102478484546607,0.36412015260912967,-0.18638529241939614,-0.17485141847351487,-0.029437885768076582,-0.2483229318025535,-0.24044880274921787,0.32029232158017507,0.47633024043587613,0.5691944340226777,0.6549604120126912,0.6094236801411669,0.5180083149341963,0.2758062471461182,0.026680916068569614,-0.08225693271559834,0.5407508555197676,0.2628969623483704,0.13909731766472658,0.3111797674703738,0.051941998118403755,0.09972149816069825,-0.09368157660839918,-0.1891077353166818,-0.2502106020878178,-0.2576181831294892,-0.14372261750878135,0.5758752674824736,0.5051794594086132,-0.018288880743817175,-0.27870064493537006,0.4188614180613128,0.49387732154589875,0.7067907279835466,-0.2730137641257332,-0.3451130694475126,-0.35822778318255377,0.2657206546046051,0.3502338516310683,-0.43136808965791756,0.17273863317946503,0.2875988618481094,-0.02509762288005867,0.6722258285451121,0.7637504948384066,0.021114452099413605,-0.04589611645518057,0.4892170062993891,0.6258873560324014,0.9089368642740768,-0.29540268497698463,-0.25508577243800856,-0.2619573265082637,0.455882959963101,0.4054414402727517,-0.3675967281624573,0.13175315988444833,0.24891607133912264,0.7813802828397698,0.7448977552194129,0.010672126193295002,0.12690914807909798,0.4649485754220486,0.5216374882815635,0.9286335361555683,-0.23319995286930884,-0.29185414277006694,-0.07098665446267703,0.37563717079158354,0.4214270351504389,-0.3029696103679445,0.13588995970889498,0.19664038726749267,-0.04144533178889881,0.6982876706849988,0.48957473479296865,0.12580519545131882,0.25786067660904954,0.13371383986461902,0.4973458116526585,0.42372896805343885,0.7962428527949947,0.15871732925737903,0.2645642555719196,0.1718425141368634,-0.15944103758135394,-0.18155306545006647,0.6951876782467871,0.6486763677335152,-0.058359925388760704,0.14813630723750307,0.16274872731622952,0.5556874067538357,0.7211139526837526,0.8230870541356008,0.16677584873801626,0.49110075451317253,0.2456669038458675,-0.20576612712889164,-0.20781604984635907,-0.07412188332869725,0.38048032025707806,0.48972610939918126,0.7173128003055141,0.2898472680573767,-0.11819296867437737,-0.13067148859745176,0.3319843691663201,0.35245827778739186,-0.19242320375956537,0.3926960701269979,0.44622205358070893,0.46144401083933906,0.42562132020188914,0.8474854246987182,-0.07264418965340184,-0.26531115195264166,-0.05249366533701941,0.3644648945732997,0.4683070039236877,-0.29331902447504765,0.250071390111202,0.3431316225336249,0.05209480048131879,0.056792133600017426,0.4558413013611653,0.31955740423018114,0.5113106541882113,0.4686579946776288,-0.06308885784662757,0.14265411704672656,-0.08704720084714863,-0.19306620836970115,0.5078136356503188,0.4844025254601619,0.31446440326214253,0.49733025010094745,0.020285833454937233,0.00022399450981459422,0.1460161324518879,-0.17037091182739575,-0.15775053164191558,0.7704926957045367,0.7811367948684778,,,,,,,,,,,,,,,,,,,,,,,,,,,,,,,,,,
13:17,0.2883727547098626,-0.009335904559357861,0.06420767844365674,0.17995059030903302,0.07000009321528439,-0.08471838495267148,0.16918628651198428,0.2764857556956263,0.024752256793231352,0.05294594987870593,0.24395545210138989,0.3911137189573863,-0.07543912453772585,-0.016147757830422587,-0.04409435440884934,0.07035923218371032,-0.1679079733854129,-0.08347357733443954,0.1816915944762889,0.10453207956476196,0.637755581922612,0.19298107530388955,0.02499050062052938,0.2468391266407924,0.06414646807919835,-0.06929266929122792,0.5249251530025356,0.4035414697963257,0.25110885473938926,0.15923000401121107,0.14937163901135234,0.3193865789097232,0.2578695339298982,0.2562826651634291,0.2504483935312576,0.07743324594781195,0.0828192991211457,0.3071083258537498,0.17043110529793887,-0.015643050856802582,0.20603065829369446,0.25733831193380297,0.642721330698347,0.5290400559309643,0.4626340539206552,0.13032643060532853,0.09217447815525606,0.012101820442928221,0.5400451608052428,0.10262058342173247,-0.07925202171204199,0.09565491717474275,0.6430496204357454,0.3473526461244338,0.08553302056295611,0.30273989203188156,0.17436870429510043,0.06911926467394179,0.04659906188571723,0.2418172356266068,0.316617994364424,0.287502791240576,0.1375474057640617,0.19567687656600885,0.2935510470367822,0.6128273207482858,0.10570793461388263,0.07305288713384245,-0.012071693763469749,0.10377700054056004,0.15172081637988677,0.06713166957544463,0.39998804773262614,0.30686870546400885,0.037134279227636416,0.1634838406787239,0.38986605082439296,0.3240096393404335,0.18718402085970615,0.104527645292741,0.2507522550168623,0.5301024095523315,-0.158438502938521,-0.1081528404461016,-0.08494104864037853,0.19495281222761257,0.029478212872760087,-0.06655962886338262,0.3229943349288906,0.24284432393898064,0.2960627180317668,0.3657233579553927,0.12565488446905068,0.13128975006216537,0.1239396737070349,0.0779193388063722,0.5233417495538969,-0.15258687706493154,-0.11511541580667776,-0.08012771215078979,0.13822058570503956,0.01214093687335227,-0.13185156756478303,0.263203949371974,0.15569370544368177,-0.06474183220118208,0.5003867099892133,0.29601761068328625,0.2723014053418712,0.5122866207222692,0.18943485587949485,0.10083760331494909,0.013807897696993676,0.33286867347789895,0.6006297051151763,0.2925651394597873,0.09278781222877056,0.28143777482480375,0.19179045251625798,0.3543467105015896,0.47479084357491885,0.020633572311854705,0.15289165525660944,0.22785500674423945,0.2159292685027921,0.31169936405955984,0.36659546235204404,0.3700210329868308,0.41284831459827676,0.1725522487865685,0.2605639808041506,0.16675644618320204,0.0483165732008907,0.2249711429189573,0.19355844417346496,0.2964949700318628,0.4294288024305865,0.048426956125184585,0.07631810098010595,0.010372673234257276,0.06141094932520395,0.20087990803063546,0.41896260436887206,0.337613228513479,0.17486912458105935,-0.1341738083724741,0.4006861202184727,0.01464582968310174,0.04574426308859151,0.09396301526626889,-0.06424317059232013,0.07167961559926282,-0.06774449418006415,0.251117243070977,0.3453397611709377,0.2816453095103051,0.21234780865748107,0.0249404056731461,-0.030210097282716744,-0.005208143858873731,0.6379550302439372,0.06622334091662299,-0.07743279736081977,0.3132089933927776,0.3141330360238922,0.5518107781091778,-0.05805044082767364,-0.17065095973652586,-0.10976139369041264,0.41879231970120895,0.18336130292617647,-0.21052361471449232,0.2443523393461021,0.3476114045676007,0.32815878469199444,0.21680138923213219,0.5225262839345175,,,,,,,,,,,,,,,,,,,,,,,,,,,,,,,,,
13:18,-0.10861185770002828,-0.09557312133329572,0.10741057095144699,-0.08087680335533484,-0.03691323726751811,-0.01918570162845386,0.24043975398902356,-0.11802344866748214,-0.11578741139660852,-0.15211421703048236,-0.168438149041073,0.19632477792420458,-0.05221454876034166,-0.20765984481525412,-0.13809459458501994,-0.23007598702753074,0.1521569996154752,-0.1827302337996274,-0.1672360173167026,-0.2629810576375018,-0.027047002240995766,-0.04030988705577887,-0.08094824353302771,-0.1001135591303668,0.0014147125098855318,-0.08201769462978617,-0.15992403620019796,-0.21522903924472903,-0.02486943192666457,-0.15963639104739236,-0.058948275626197005,0.024008919121130866,-0.3008933213023327,-0.27657938212287136,-0.17356407466563703,0.0844807324000266,-0.3399769659107513,-0.13136848512623012,-0.16400838900654463,-0.07276774696892122,0.024608749187503005,0.0002978534642474412,0.4032107244697588,0.5165860935987995,-0.12839918569359823,-0.19190856816770663,0.08819090922636307,-0.12183692918621102,0.5145111890741081,-0.09612979975967433,-0.19031788784643972,-0.172440657083289,-0.23603972820220703,0.28676765888980155,-0.312504879959717,-0.10410609989566773,-0.1847096983016311,-0.07137904778117993,-0.0044990123919086316,0.1759109323427216,0.2023511363434546,-0.13561786961352992,-0.07593113564241105,0.04679834277835884,-0.20421890717770838,0.2350241061175002,-0.08261964973812295,-0.18976633800467338,-0.2110582737700508,-0.2566634312038716,0.07967908529580014,-0.28687586149909833,-0.06448114504933884,-0.12293960489760002,0.018126314102373444,0.16050233563655691,0.35452948539328877,-0.0937950156776347,-0.001494690954766737,-0.12870715854895456,-0.06128676867020789,0.32505418777197986,-0.12348827056996198,-0.16343238778079042,-0.15085671315117757,-0.18077499115230922,0.233278869145865,-0.2195432032125244,-0.048580328147823836,-0.10088177914844378,0.14218277887852168,0.34945863117308346,-0.13342946005930043,0.012972379168923855,-0.12526406203442683,-0.1300612115971149,0.25833965333698733,-0.09172038603776368,-0.20404970279179796,-0.06800479636725323,-0.20833918784855074,0.20336854348599628,-0.2180351441275253,-0.050550976662553225,-0.19848050427949732,-0.0056111417899946964,-0.03449408760194289,-0.018102683820006512,0.25259927945014576,0.25165702337241463,0.06139871976089804,0.005734851241507465,-0.13883839660313857,0.15871478583043955,-0.03586582319841614,0.7091977377439169,-0.02297058464667516,-0.048740237694466594,-0.05968083992285832,0.12139686205413795,0.15390356218473442,0.04643527128082207,0.13755353585708155,-0.08170082260796231,0.15923312745826024,0.1279072894914817,0.28807424056278774,0.03861267812042305,0.6092500078489206,0.06204229285394474,-0.10717206589736088,-0.12479165909206255,-0.05812695529606871,-0.1768085874093714,-0.21614773995791153,0.18000957835948675,0.18556503435635333,-0.0958630819319915,-0.07549923231784039,-0.2302901306558996,0.0752660660556604,-0.17091627270313325,-0.04324993402865369,-0.055935926812462296,0.09098440096496252,-0.1472180285001151,0.1102998007251179,0.13847185030648626,-0.12428618483979093,-0.045774728136159834,-0.2055255966874786,0.1878960737694949,-0.20872985920901901,-0.1636693262084729,-0.16857124502058066,0.14084345490060998,-0.025201084864317838,0.10074820041605546,-0.12666306676136208,0.004662026181193173,0.07267170007055708,0.1752648131321743,-0.0030598453179569596,-0.06655071678243318,-0.07158359806597937,0.5042754446682379,-0.11266527852476758,-0.1791036871841683,-0.04924214966477614,-0.13926913507399485,0.1589106633871952,-0.1421715992876701,-0.12286366041635748,-0.12786867607714372,0.25526679835591587,0.27893513288491223,0.4156218386286682,0.20781378038296858,,,,,,,,,,,,,,,,,,,,,,,,,,,,,,,,
13:19,0.12260208840151902,0.1629155848699667,-0.1995033538675202,-0.07446408605639113,-0.16858644843444262,0.1016952001811798,0.3402559965772025,-0.13924292827814255,-0.09000273465586242,-0.009402388160261843,0.10264871275894184,0.36792549505592714,-0.07496047651718696,-0.045074393119279514,-0.18857467739273087,0.15057450336090517,0.028794338435413992,0.048203046800747135,0.12903386961404925,0.16040486710741836,0.2683417328420212,0.1798731791186023,0.03866559545577297,0.21042270308589814,-0.15644233475263514,-0.12660800390662677,0.24491715076890003,0.18581953103372656,-0.1367283676417901,-0.19247076048882206,-0.10598747821624419,0.36952711937309823,0.40855887649015044,0.20878789225897593,-0.06931535143160392,-0.08502419417105717,0.44277641242030874,0.022126334816756556,-0.09023886986661045,0.22752353552985816,0.20385326005552706,0.35840223532115034,0.4802108176015935,0.4686211877410961,0.3567607000010838,0.25393541129397657,-0.323499077426717,-0.0714660115473405,0.45272487454691157,0.2934367730260723,0.20264018422475596,0.20140286629033785,0.16011199179827934,0.10661170973976478,0.3707666863671491,0.07183144563465614,-0.11155986742442349,-0.23558989349051937,-0.2737326526737976,0.3112476963470172,0.4372182618377016,-0.09831656463093064,-0.1148246490438032,0.03724337541645199,0.2999727844219298,0.5311582104296884,-0.200771465511863,-0.11762475598695882,-0.1230767698739048,0.2333530421126825,0.08741825733888132,-0.0660244756511031,0.3344028407824599,0.34893749033052074,-0.13541623553685975,0.31882441964587255,0.4738534355990937,-0.08622238413147552,-0.12078108703630329,0.1591261777099953,0.2581710588602633,0.5466437253485913,-0.07974853401647247,0.01901250266227192,0.054292042531895644,0.20407539127562382,0.1241414960624575,0.03459144137393853,0.2783322279627906,0.3006256758832956,0.4845116829938526,0.5195695992782062,0.007772082989898876,-0.09345966727712549,0.1833957768421385,0.30998075550199616,0.6359698986001385,-0.05823928207103781,0.07029681713883107,0.11720559730671168,0.2852612684659366,0.2873535015384333,0.12640547201333538,0.38486373163336673,0.4184949516032405,-0.04723054081967403,0.5036828501555359,0.20115298943053106,-0.18748572877557684,0.11030880594563255,-0.03785413765536114,0.41320010363591175,0.2879124166508866,0.4871129289078919,0.032797420780024296,0.2738339879164122,0.6527217708805749,0.14719939636279994,0.0352595843207761,0.6533851441424894,0.4582472299407627,-0.16302176914570085,0.05121075939424308,0.1398810162765901,0.5001566911716191,0.508962588408639,0.5562239392385779,0.13502651895490397,0.31132079762186265,0.5626345596882125,-0.01566191069106505,-0.027150118896138387,-0.23304909850910652,0.16750499634017987,0.25752751609020064,0.7159156119197131,-0.07488652895088942,-0.10176854751310098,-0.05667410215107308,0.27851297795330876,0.2741688132382499,-0.02453402380408178,0.4593807015462807,0.6005385837267132,0.13306740756691982,0.2329351903923998,0.6263711029618243,-0.24943590922506811,-0.14087887487940215,0.10681303453310209,0.40322863694223615,0.40174713135243156,0.05502803479342561,0.46952010001367883,0.46848061099774774,-0.26734776359732304,-0.09462013614787967,0.3481210168282076,0.3649317320439489,0.20153679148905018,0.15989207677349931,-0.1686222247079815,0.2686881153124836,-0.0112947161265361,0.014095467977682167,0.14690014318387495,0.5531681346672318,0.35617662291575064,0.17326415183628147,-0.16214943453889186,-0.17098091477518831,0.49594059290551445,0.20601229868117957,0.049879639974012686,0.768886415507144,0.6145542892583903,0.5925314479320173,0.3176416678916061,0.20222874786182155,,,,,,,,,,,,,,,,,,,,,,,,,,,,,,,
13:20,0.046775815994091474,-0.1310991469301751,0.1812953609489367,-0.09435917944286708,-0.13622078314627256,-0.17478556793890163,-0.14490586454311025,0.04190110616298885,-0.21862901339000831,-0.13952511951516255,-0.14543758548047764,-0.11491127141049548,0.29454355160523366,0.1445944432887314,-0.10007765761406041,-0.07079615646737714,-0.20984277648990993,0.5397565280807605,0.48253117473476664,0.15589997881926898,0.07073238429378266,-0.05616003086886552,-0.11403964843283117,-0.03810565698401597,-0.06260217473434306,0.309584672157675,-0.04101224719666376,-0.10120997576282002,0.08012276752737374,0.0403081178358693,0.32320907867725057,-0.02874712774335481,-0.006965892094707156,0.08003054926988176,0.40270121676188836,0.35567848643056504,0.2922639757597957,0.5256767134024828,0.5169373616202674,-0.1223640356878506,-0.0016352346652801842,-0.0462820329431502,0.07604887059641938,0.15170890440644305,-0.022638093784750794,-0.051799523859062245,0.060639031387729705,-0.03158423089993214,0.1907845375970277,0.08569147095224668,0.07139569226187487,-0.004218523354696261,0.4692609605166207,0.24421929032797265,0.3015222965248967,0.5782222048705167,0.47029956063104494,0.22187702371693713,0.05332464504540496,0.004272846973103605,-0.06263454157566674,0.0020700746302539648,0.35847440369488,0.07771970002945677,-0.12155675430259257,-0.03665378451291343,0.26672469402182486,0.12204203497443605,0.16150015370593893,-0.015912283844302565,-0.10170512017237111,0.42318138733921873,0.4117462890870806,0.2949608769876615,-0.15233296841339114,-0.044341491395758846,-0.056825190354702834,0.1587229541969516,-0.007519380186677617,-0.13850720960224036,-0.0982410012906719,0.021608986150958,0.3074490574733732,0.15952751786227345,-0.021127771670722398,-0.06470161057364016,-0.07463836409388895,0.4792540006382464,0.4146047696386245,0.27913456057964164,-0.03954642327437137,-0.03780109038843909,0.23782428670806482,-0.015470051880784041,-0.134647430165088,-0.1325099860069394,0.027023966560157448,0.38190434481550606,0.3739011790438601,0.13951230612118012,-0.046075624423734696,-0.16319285626819965,0.5389301211710478,0.422349523494447,0.167636446154791,0.04527692811894086,-0.050353791177681115,0.018856314330650426,0.16805978714112083,0.26472512838020573,0.4318509146360153,-0.058779736483542316,-0.034756951779889994,-0.009568571292149526,0.4820062578730505,0.4632661343681905,0.22585452466440278,0.7040915595695477,0.5487350331612411,-0.1018860352045866,-0.06446643600543965,0.2341799386601545,-0.052203702681557156,-0.07551858354598713,-0.07204432173648509,-0.04189903131942873,-0.0695460073235563,0.04211930292432681,0.04575478144581937,0.13180888484005032,0.682232391360371,0.39544816993922727,-0.005437623918358608,-0.12964276471305688,-0.1701004565750062,-0.0892248942718729,0.2874210957224088,-0.032678110684729374,0.23780994575281306,-0.130456681941361,-0.12027545989078754,0.3752883714491609,0.17196899292227447,0.29769565984780066,0.03212081306928465,-0.2200348847904398,-0.04908510078138129,0.4037130893508727,0.3010776412841599,0.11995121201017048,-0.18451869144549715,0.025980482515920302,0.34853884715492794,0.09770150018995832,0.29085406726743507,0.271602666958825,0.2859126870961425,-0.09228257186676046,-0.14333645285645374,-0.011040911364161576,0.23077201554019522,0.671030975320253,0.004295728395329661,0.6356715698730437,0.9035380785278985,0.15607081147777305,-0.1984191087628975,-0.21194937295966265,-0.14399761157213842,0.1470038648005224,0.34531336364722726,-0.11937620713758597,0.847922545602649,0.49725296315984086,-0.0027070795663940305,-0.02727819470196502,-0.013535046308465972,0.41051048819192876,0.029154992111632194,0.20747652463639465,,,,,,,,,,,,,,,,,,,,,,,,,,,,,,
13:21,0.01301502581014481,-0.07481982867269611,-0.1372021645810794,-0.08130247081299476,-0.11808674722304367,-0.1834422836554415,-0.08437359856996829,0.06966772873048419,-0.18495155640540473,0.12873320360421797,-0.03320782068119569,-0.0074416674117906475,-0.12942357457968937,-0.13798865695078502,0.05406894450435786,-0.08538317289360893,-0.22959701402002566,0.1266146788817877,0.15815117222993477,0.384518056442848,0.35650475591309366,0.021106951436954336,-0.061036228855212586,0.08121757758836565,-0.1421714117824408,-0.0698130178449315,0.20290228943249763,0.0337225684020498,0.03471078040033782,-0.11843278912916881,-0.06314774417136956,-0.030170863485502904,-0.019845350188971444,0.10846869172921544,0.0647438120946325,-0.004140380091990694,0.07295456253880662,0.2308708381252668,0.4704931671516204,-0.07859972458023003,0.05510129363732197,0.12933915554273456,0.20170016784550676,0.22475164042575907,0.2327596910013511,-0.05664940821635066,0.500992770047806,0.0038198619256378697,0.060385386161373886,-0.0780635318044019,-0.1968068774453622,0.0936740099398134,0.3424207737211142,0.12641594021708483,0.06566819766651451,0.20300858938656968,0.5033833077935267,-0.005741625839492114,-0.10430210611637165,-0.040936534851410404,-0.027324781384679937,0.09835170352191587,0.1657919750098206,0.0681245758414333,0.06143497018038522,0.06373216031495657,0.002386914203457829,0.04324746232986873,-0.009347616932565,-0.012172369408729969,0.008801003147613116,0.1862704739566559,0.23957075413690018,0.31508141163450315,-0.13170003251747517,-0.060289485438695924,0.05200085403057844,0.16305121263903158,0.02615003912728071,0.018677925546696304,0.025007624534707333,0.08664215240344413,-0.08809446865971486,-0.015982214804540054,0.015578373730629307,-0.019913680706162087,-0.09560419668142114,0.16046532812727776,0.15626505477494582,0.3557206336697236,0.06380375775867182,0.028802589577818605,0.08627822729579632,-0.012239246624222499,0.053186687756898166,-0.011792748811785879,0.1548476882927028,-0.02052370331421271,0.04762079445689537,0.30823365338553976,-0.045889607132697935,-0.12590438155445446,0.3048853493230651,0.233332094545766,0.38306461316650586,-0.04462962292459315,0.18598266549937717,0.03916931750916073,0.11463356070167051,0.13833408229812924,0.10424625451527933,-0.16021708427231396,-0.14707791091174074,0.0985707265463841,0.44064055349789794,0.30533937704799363,0.11003761945604061,0.4314231749130062,0.5296101727702849,-0.01216307604788037,0.11535148777444924,-0.021751634090665578,0.06924030591921386,0.1584559901845245,-0.02061306639442916,0.08958905989646768,0.022067667623040542,0.12133444554370267,0.06677535532915932,0.13395753500518157,0.3943290600410971,0.6022623634608302,0.043084451460881815,0.07591164045570611,0.08842399998676152,-0.02762957724215544,0.32558290301715687,0.12465159911298893,0.12225583860329678,-0.05180037566344853,0.0532050353207267,0.4017889669906401,0.23797973106489187,0.38844238980948376,0.04848488621395343,-0.18883205444429013,0.03593073144621095,-0.03416273945326,0.06681479024272705,0.28054077816906264,-0.14789042416283135,0.01820701073868243,0.158579755976837,0.058916341247848364,0.30890250494991417,0.22712362995039237,0.5753306908279986,-0.06103291649226597,-0.03229212214905247,-0.07234467117084077,0.46286628565245036,0.2823074253252446,-0.047901855737642864,0.7608609655717119,0.5798444032986018,0.3850307188167743,-0.18997549133508507,-0.2269099937941386,-0.15830014015171753,0.37113263021854564,0.616352291716078,-0.15099603146141555,0.5805527262985313,0.3957881983588371,-0.0348397613846887,-0.09967504563947718,0.17440994347899352,0.5097503309767808,-0.03155840668562311,0.15161491165728458,0.5561289802046966,,,,,,,,,,,,,,,,,,,,,,,,,,,,,
14:15,0.0031344636920327272,0.09306352233978572,0.6476828226799459,0.2414649443482195,0.1642510816886655,0.12185834731485587,-0.06299503058706538,0.19692299171637573,0.05985663596617645,0.027189881435993973,-0.08600080263370312,-0.12233635314396869,0.23917328958718964,0.18841591621205772,0.2681058137578899,-0.006795452300589234,-0.0472410588697501,0.20057388294624412,0.3033867061510678,-0.026664332631821105,0.01204317509989217,0.1288947015316997,0.014344294650455006,-0.05842833991745704,0.2633938330639499,0.05736831474100016,-0.05642858927188184,-0.12604610149376672,0.19685644787575274,0.03345910375861902,0.10609062807968654,0.11367495769618369,-0.14054755027646199,-0.1270241212017572,-0.020305009708141877,0.03575758201370789,-0.11715175631270369,0.126000109086918,0.01566004522906779,-0.15569655093394486,0.09338589927163288,-0.09808307899252901,0.13457963258260885,-0.07429819928945233,-0.13616505602485854,-0.11525452464762612,0.41654896734650115,0.08939903992863953,-0.018889487255171113,-0.020589174237940103,-0.09486094920397085,-0.05906736896985806,-0.033579801154281726,0.006207885785624425,-0.1702325318969443,-0.019401603199151025,-0.08744750750404146,0.5388118390105495,0.5440006346476756,0.14342850534071647,-0.15044914494249081,0.03063279983697309,0.6373314921510754,0.43227723799853074,-0.14741518361659575,-0.09699216411861013,0.5495792384787503,0.4431128284412585,0.3187456592871273,-0.0795348847098678,-0.12277313988850592,0.23997315668177385,0.05226923810883206,-0.19926431300838932,-0.00947353527022387,0.05806355053415574,0.001673894680238306,0.42391651945924985,0.24242926082007227,0.044888922739575586,0.04014417425838966,0.0006696230537824196,0.17745182016191843,0.11810303593291817,0.0693569674772519,0.0033433727628404057,0.16321446569696807,0.12304652457908738,0.3180893801966703,0.14986798480529986,-0.03799353883302978,0.014982864279991787,0.3625512301544933,0.34262781674817483,0.03823682328851665,-0.14116051177684952,-0.11103426020169026,0.27654451898142707,0.10651803148846495,0.10118701554972928,-0.03776932093365159,-0.00034108461757003424,0.07744714057669291,0.30840374366145806,-0.05370486900334615,0.39090657635339043,-0.18517538115134252,0.2318762149691442,0.5835594604418334,0.26933099523264564,0.504168102667448,-0.0865818252354697,-0.09773291133932162,-0.16198522514718006,0.28183452893718375,0.01580723701347226,-0.1607440136229459,0.036578149697783426,-0.042699419623423565,-0.19270387447991513,0.045309926666972644,0.2811361801267064,0.1954237176321416,0.17799395606294896,-0.04258479914964443,0.13622471018549362,0.09080621984952916,0.2503942381971211,0.21362559446251267,-0.12543144141306772,0.1528017976246758,0.13819692608808798,0.3007926263604893,-0.054374167847517,-0.23458457208317376,-0.23744680778788219,0.6613426168330541,0.42004936251631303,0.459836895312632,-0.16971176747959438,-0.1508437082882638,0.36912254599427313,-0.08689818972608941,-0.22676310230411534,0.4377726074896909,-0.1015506441518437,-0.1147322872496014,0.7266979796910034,0.3264794267497564,0.19764660761926298,-0.19958297211249,-0.05021390939901866,0.11321534682438182,-0.06705737390541669,-0.08513618869968032,0.6882643108412838,-0.03921550497549862,0.23077162803974854,0.006214001732687662,0.27844512420544265,0.2861765045736321,0.4739713922114433,0.35110171546569274,0.2432711614455803,0.20477221579674687,0.3346012105502497,-0.19096284326837923,-0.13454502149058498,0.08923840871626702,0.3765520383273634,0.3678075656997757,-0.13523053594519727,0.14213256366231178,0.07150959285101632,-0.07920655456208375,0.09337843612047023,-0.07559723356975555,0.11324128993247047,0.10752858077234446,-0.24130287936756886,0.22197628432809208,0.05020860260592844,,,,,,,,,,,,,,,,,,,,,,,,,,,,
14:16,-0.022081844457468268,-0.11248693261954917,0.5179357660333626,-0.09069515294560461,-0.09269154862142283,-0.14985290514009833,-0.17261206993903994,0.254997756988426,-0.16185538218008194,-0.13786850649702234,-0.20182889991473751,-0.20431802287849213,0.8861215624178326,0.5052898508475099,0.12275859205686072,0.05246475778913435,-0.10199912417345167,0.6277041580935472,0.3252407553873296,0.052834375832900585,-0.0818401007245494,-0.09999386902199431,-0.08434740106144258,-0.04998513148843507,-0.046159336394938764,0.5995808819960239,-0.16497326723190864,-0.07253850835621616,0.02040731002997639,0.08966658356884447,0.4886992029173225,0.019261212964718492,0.06233101834498045,0.13777481129768535,0.4369166336131927,0.49106049444322225,0.28280097693064254,0.0936535368123753,0.34787681449720526,-0.15773133949319182,-0.07395641873874416,-0.10115785190757125,-0.11066886608112195,0.05519190374142638,-0.11789125028072732,0.1471418751191576,0.06360390142766299,-0.06377159794851277,0.12125523839054944,0.22425289406191362,0.23533281661334227,0.11753672752079282,0.14918820234307342,0.18230080879184474,0.27243816485961,0.05016022722787589,0.178733748767205,0.4903139204086881,0.3399598681141272,-0.1572180456894237,-0.20724528654337765,-0.1012596868410845,0.20018800768392847,-0.013575939050937751,-0.19138294289488428,-0.18435675042410887,0.34593264275992114,0.21044776140817223,0.6324404154799691,0.07494841647297494,-0.13714563564038934,0.5360389710958817,0.2672936312593229,0.228013695318652,-0.10998217036601629,-0.13125296360590502,-0.14624014881589112,0.38589217862480757,-0.06970110180661254,-0.17359983919857555,-0.18364920499090817,-0.14433928656883535,0.909279188243094,0.39946547890065126,0.12473292312209773,-0.13321546822727487,-0.09685399760222421,0.5475173666379258,0.19410665023712506,-0.1000553835484608,-0.1198391948946526,-0.13093920070873052,0.721851612040808,-0.029110458866646687,-0.1014780726426633,-0.14667023158542614,-0.13126962528399544,0.9425929134860423,0.7509328590223863,0.15775457534328594,-0.10218962552238188,-0.09574775444243344,0.5734894628270626,0.19813422340174006,-0.046564464801469536,0.15888595770422523,-0.1944157395815609,0.06204626098176098,0.011071485437876219,0.045683352304697174,0.5494848802260147,0.03843758306230535,0.0005195707160474352,-0.16838330171659896,0.11064656848933781,0.21555400705858146,0.06809579726356932,0.0501814329846246,0.14653977467678397,-0.19382812897391224,-0.04742606528501102,0.3816871253002711,-0.1048887080376858,-0.10523970916973266,-0.009033042848476511,-0.10762590593226458,-0.2280839793937834,-0.15292492738831193,-0.11338700253586265,0.033572766565778386,0.16649347332299544,-0.09274322478561217,0.024592555744328143,-0.2186225314613898,-0.23049857228165752,-0.1705294489489161,0.11813059774992624,0.010407577222368377,0.8238726689191921,-0.14099885763295258,-0.1723246878082349,0.4911370163421965,0.08210435450649403,0.12620411847378638,0.05962600665372552,-0.12261577373032094,-0.10979446634659921,0.6919120807188507,0.4774991903547872,0.2640753938480944,-0.06295844391790689,-0.14642317309372435,0.441911535212331,0.09113929484000867,-0.0213366935124418,0.2406226436820716,0.4528492013344288,-0.0776133960312801,-0.08479965407742761,0.03705897254676466,0.09118552209260658,0.6186262373981696,0.08644671966586145,0.03633219230711363,0.29650465153960526,0.02260046942021212,-0.08401781538211714,-0.15398513456727447,-0.1645403478125874,-0.09150739250303948,0.015921956346337623,-0.06722705089564432,0.1943009697665049,0.03480526992805724,-0.012093241469151266,-0.10607499966221892,-0.22292289863366732,-0.11581208827910304,-0.05841873839503618,-0.08097826997185137,0.37812271546742704,-0.028606309045908374,0.29152961233896435,,,,,,,,,,,,,,,,,,,,,,,,,,,
14:17,0.19048427173748841,0.2400346107928339,-0.18379887102138096,-0.25322515558360864,-0.09042622770967487,0.2284391881021702,0.22450215602936463,-0.19456205099867688,-0.29072024581389655,0.47119434417099404,0.4408866778159485,0.3641030980171806,-0.13495878442308856,-0.2531627524523699,-0.3037107047954904,0.6212466377332567,0.4871792439612127,-0.1694445616551257,0.17690876865448638,0.3189772469072904,0.14710006035178216,0.3868430113279277,0.14833094283067685,0.4115362472891338,-0.14523544254556195,-0.06402987508380319,0.29321049320605824,0.2744271151924115,-0.16215270586908756,0.019969000092824814,-0.0674445795808381,0.5889464764484214,0.5929292326881073,0.4635205019243438,-0.04796562082353604,-0.06567262363033392,0.2908953035313721,-0.21928995380748703,-0.19382215848457493,0.32316823349667956,0.3944078659345246,0.45032167484989444,0.1144897570159091,0.02154377993936039,0.3154600464852233,0.30181284117304685,-0.14549991975101864,-0.07202685803020621,-0.0029503223179383102,0.3962530438415341,0.44655926303066407,0.31796594471039125,0.0642107806231348,-0.03835517057133533,0.07324232983664504,-0.014017792647401635,-0.11824331915402474,-0.1446165575061353,-0.0213014150458088,0.33474968257230414,0.22041456955068364,-0.17464972023790779,-0.21795189017413225,0.38996992983302686,0.5134149566578835,0.35404812878521297,-0.24569933361305935,-0.2477933652178373,-0.17563231704844734,0.5242477063669512,0.5142937302069249,-0.31637135797548505,0.14875996160932003,0.2976497444136819,-0.028650600969806872,0.5114206488460341,0.33475437557336524,-0.17962420669295015,-0.2160813391461302,0.49547111714325226,0.5561699907605681,0.49854324545502865,-0.14176333975284094,-0.24324316301650992,-0.31712211960465975,0.726372019216479,0.4471869240339662,-0.28085158173025837,0.23945167794269248,0.4139316106267942,0.5776467623460206,0.3059246172119598,0.008469204504873368,-0.013757554737886857,0.5096263767106973,0.5704853146623322,0.556823194331118,-0.07937191408468924,-0.15595668049154268,-0.14850970748955403,0.6949139946897086,0.5135176891123925,-0.2180285248523817,0.28649114804963266,0.42353740829901537,-0.04440200000614558,0.39768900976660065,0.42375638217659634,-0.13984679442917503,-0.039575490977533385,0.1362804063210519,0.5024253118514844,0.6204147081897721,0.5192217684409467,0.08865831806754744,-0.10716354193210814,0.21691039673699047,-0.22036439390336204,-0.28776925509610884,0.4469367817257233,0.2289964429237611,-0.1073890351323325,-0.13526445342009374,-0.002073383338902527,0.26381400380045916,0.38316744861652785,0.37013803216796765,-0.046267105063357516,-0.051951264880050536,-0.0720173205078387,-0.2303000641845724,-0.31931319739958364,-0.221691730097834,0.3216046263071991,0.4265925168302544,0.5380852095318976,0.023688549225116196,-0.18934871870365644,-0.10906769167083173,0.7988433572308791,0.6123862131684981,-0.2367502548165562,0.5067836254510617,0.6506235351656925,0.507176830011333,0.5474871010746722,0.6518307399820537,-0.059970075300976776,-0.22420437775922247,-0.10346287902389649,0.849240361195693,0.6194115535055782,-0.2461633645337796,0.6360905939077269,0.6182348192831567,-0.06681452194292316,-0.04299515539699781,0.6925620717596157,0.696127319438215,0.6854473198261736,0.1793283985440067,-0.02200655231298372,0.4451126356907175,-0.08383307306388875,-0.1938464669144285,-0.07840666473578593,0.8466969919248176,0.6788746906362952,0.6192088545327123,-0.12868105294373555,-0.16189577054131665,0.5436445229310451,-0.08699949541784276,-0.2279331259384123,0.677761400229048,0.7082370025644356,0.5018892946262538,0.05905912979017275,-0.12441563126654587,0.4500253680829482,-0.07274891136347623,-0.12346111739110142,-0.202670175315301,-0.05564015474616413,,,,,,,,,,,,,,,,,,,,,,,,,,
14:18,0.2279375912707116,0.267426171020995,-0.30884530256972353,-0.16388512863002916,-0.07756073646553999,0.187634074128267,0.18637986094267847,-0.16329060455005123,-0.1586268114838244,0.3387504228158009,0.33418552975923554,0.3506142867704263,-0.1466284531046847,-0.1597637825346767,-0.2037603060343843,0.4561756014310583,0.6230162820224594,-0.22644146661384806,-0.06654666022131048,0.16531117519430336,0.006934325040050322,0.25908296702509653,0.07184237338496693,0.3520982181404785,-0.199744486200218,-0.1096161284677688,0.24233992208462127,0.16678757368025754,-0.1192392634988549,0.025728506902206183,-0.049828370531254634,0.2678282358173525,0.4019575237586923,0.34911243026921773,-0.03258162141392502,0.02723006228060094,0.11389535462199173,-0.12832012891398692,-0.1606821162861926,0.47443624640887433,0.3417146163100025,0.4312842882410446,-0.047629967761497444,-0.06526021318961134,0.37937629765247755,0.3353198922989385,-0.1622843147021336,-0.044076799172077845,-0.0633430464315708,0.468034109823198,0.5102492484342044,0.37064608053169296,0.08418232172784285,0.17044477710640984,0.05870688370721816,0.15205133054526815,0.040464057058023965,-0.25922902581372065,-0.16836498240155293,0.26353103590372084,0.3272774688357914,-0.15205746908986137,-0.300431425322573,0.11469830065314529,0.386346865840838,0.31117323443699735,-0.327561079848687,-0.30123965721343426,-0.24295011256425966,0.40186981147744244,0.681998336402441,-0.36795911253604696,-0.09622973558005261,0.13603617418821717,0.0600551930425691,0.30589089092083394,0.20996899357169266,-0.19151647898216934,-0.09426787744821691,0.3314609461118932,0.3951786477055823,0.38414863476736716,-0.10808517194048212,-0.0851777126772945,-0.12105966701107308,0.5051933861795072,0.5855377519661357,-0.2104778201055694,-0.04012648429335209,0.21968545011475518,0.3139893728374782,0.1283231248238274,-0.027391358555294953,0.028778450221332488,0.3286241989665084,0.42897570939945995,0.43496653391239093,-0.08261671975968499,-0.048990122262692684,0.05638242049240463,0.5046238874948965,0.6377068277512009,-0.12901951560629865,0.04206152652541766,0.2804845815968249,-0.06946251253381339,0.36674734343838783,0.20152542934520853,-0.19981118708233161,-0.032364369460350054,0.053595510157234294,0.5120534659024403,0.5309737582695264,0.37327863468965683,0.06865231773751256,0.02644972025862859,0.13753035116548057,-0.043533332379610476,-0.09938031773986362,0.5151378741731136,0.0872079111396926,-0.06414514776312927,-0.10767677818293972,-0.004129543039110894,0.37895056656592735,0.2822809277222139,0.24592724026140375,-0.027898575531416187,-0.06805838901015511,-0.07155243281353382,-0.027282267776578727,-0.11180090656287299,-0.21604156123888002,0.20404070037935415,0.35280238156936944,0.5220668558036206,-0.20410592407587308,-0.19563864559157687,-0.20551411432135758,0.5956742994540452,0.7729697978993024,-0.33888348524234435,0.13242467050918325,0.389827415612265,0.16660391763103116,0.3657177095225224,0.5062168121352489,-0.22814999364568786,-0.2468408172530122,-0.13059650607387643,0.5703172097210261,0.7391871822278494,-0.25854769138093625,0.24153868686639052,0.29808817182238617,-0.21916535116866911,-0.030581821692179358,0.36017997026038734,0.36565819464631555,0.3545856181698012,0.008696780738224571,-0.07723071740730895,0.19966085955986512,-0.15561017856223955,-0.2265575426200633,-0.17655566834613456,0.6091152488574388,0.43132873076829265,0.36792627597724376,-0.25604610589939314,0.04924742059913291,0.3762372461665967,-0.13970793557450198,-0.17475085150123018,0.5525115041054631,0.4867577446101178,0.3645715215129571,-0.10588766411411361,0.03772448690364635,0.3344698673725652,-0.17127402864817637,-0.17396068939955703,-0.40857957478379897,-0.1208330999826006,0.7086845997254544,,,,,,,,,,,,,,,,,,,,,,,,,
14:19,0.024364193331756618,-0.0004912114344608215,0.117181143210204,0.40320518456172916,0.7037797333799618,0.08953498235961521,-0.04084267763114524,0.7165969183946932,0.23685779705883755,0.002676803447729874,0.2019237899360352,0.16075996192587297,0.515967719564087,0.5986870696565851,0.5869495227312523,0.07721707821969093,0.10986592909029995,0.6023969509584987,0.46019263459022053,0.27410151951155176,0.08562842910074449,-0.15315592061194871,-0.05648540679034326,0.14743544252513713,0.12905650026503704,0.062477210238376976,0.06813067802881716,0.30723335451203243,0.11221921249896578,0.5513389663675755,0.22034768559877121,0.173989150575787,0.20428440110982146,0.2238508347358359,0.17363604330228538,0.21516951507532367,0.3474864575660454,0.2753757781344892,0.2541969133487471,-0.09309372824878827,0.1292811340671271,-0.11337395325271173,-0.08666398382334199,-0.1420208686122066,-0.03138785028516692,0.3440280264746702,0.0031961428918897837,0.06439317898254332,-0.021391836175954464,0.11702962647523116,0.15098646202083635,0.03496090335296359,0.16824215218356164,0.241206132421922,0.32935545005935,0.1485213441040851,0.22015481649291824,0.39762957361907497,0.39836554763872817,-0.06670095198717842,-0.12467318203323405,0.5512523244931953,0.5058609632296626,0.0072720393889994395,0.14306934310879654,0.06330857022049818,0.6996842873814361,0.4289478317004695,0.4769374037717633,0.11250305656066155,0.03073802482982717,0.6175038997134558,0.3589388395880701,0.2442583842320219,0.6420295455393574,0.02276234499466892,0.049421127317835406,0.40984325067625904,0.6857125163175356,-0.019804941315974905,-0.007849335190708125,-0.03136318942122541,0.4195935202759932,0.4659164962508892,0.45362324971041806,-0.03135162036866265,-0.01045415272988877,0.6337144458021027,0.29345077081578586,0.05620469063924493,-0.25886827449680533,-0.19559761867724992,0.18266475363469536,0.3318630501022162,-0.1815782897362812,-0.24459697239970346,-0.2651186731142325,0.32247520949210673,0.4754935030310599,0.20058435320164014,-0.15299362937477035,-0.24311613611652388,0.2977998253864196,-0.0020979493044421863,-0.11527627242004326,0.09425831818672468,-0.1798703710001684,-0.012469905463876614,0.042419561503106405,0.07061083433340276,0.15829941119108687,-0.104398555922031,-0.17320959652846787,-0.1999294853250857,0.1335327782043618,0.13853097048554083,0.07134617770902364,0.1588721410910386,0.1620618174285322,-0.18891274001551117,0.07470734603657439,0.07034807070415065,0.03054308298953586,-0.053545158734184424,-0.14945437900690986,-0.0880669686200465,-0.18237659850834367,0.0238134998328145,0.03800811481237862,0.1287425508530663,0.16568898267164983,0.22804061343467041,0.25662573389130494,-0.05589665512682086,-0.18520094513224944,-0.21559705548361782,0.06094762045815615,0.1604378386041254,0.35112649926428285,-0.13490554991733142,-0.23667235017610322,0.5375187732111867,-0.025973688918395643,-0.13430855291032479,-0.1843258348766842,-0.23323071994463956,-0.10982896917089571,0.333578983213757,0.6732090680676585,0.2533911436562905,-0.15787915222291363,-0.20224777169443864,0.5646495850770805,-0.041147395120900994,-0.006712816434422244,0.20279508244309652,-0.014690810499592985,-0.215593951130501,-0.32274610175262874,-0.22603053883086938,-0.11674809586533744,0.060474901021141066,0.0842127146974154,0.28978302255530497,0.3152435621930042,-0.09247953796483038,-0.2554167510527484,-0.20725956459074174,-0.22822433579991158,0.11195741426534996,-0.05338429361168723,-0.2612220091242042,0.13484889475601278,0.10929527850229967,-0.2892336821450535,-0.2163614252872442,-0.27479746070943883,0.10575016865760788,-0.11505701071335765,-0.17452900508668828,0.14952346420819712,0.016932895889187963,0.2957691907564309,0.2840729011657436,-0.2866399334450016,-0.3220549132141089,,,,,,,,,,,,,,,,,,,,,,,,
14:20,0.19787637673781663,0.17257676095795954,-0.19438914484945788,-0.21360575769571627,-0.054104724206133076,0.15554434424905522,0.3723793912662295,-0.1745902154599342,-0.2879200644252483,0.31094281508766314,0.3333376064327128,0.39141862490748186,-0.10473857224512485,-0.2037941632638577,-0.28156493956607204,0.3824993924062087,0.15456178708808913,-0.1115447329924258,0.3045954188446851,0.23880703330930717,0.12951872396505926,0.2645353390001738,0.03485064053232216,0.33710159572574233,-0.10377443937713639,-0.08933444191780915,0.2450716001356449,0.23140810794688585,-0.07864959841072237,0.11879794492067203,-0.02169021200649808,0.6053725823510475,0.4669214240473421,0.22868806839899164,0.01844067843033888,-0.027736766026558283,0.25637025105537287,-0.0492328059492388,-0.05788622014299543,0.22907297777236657,0.2762815894899403,0.3317564505184317,0.3793779534314448,0.39803504215356483,0.21183686986374314,0.23545737592076585,-0.21086714798404516,0.03261938296893564,0.40524235847042617,0.2899554172335922,0.2937945914729683,0.17677797549543878,0.09396822198253588,-0.03505087903428733,0.03467737370127049,0.10581212505818899,-0.026824037401321353,-0.18613990133820843,-0.15573616433379384,0.33200335262948083,0.39635462859043397,-0.10448323054973753,-0.19056347309425986,0.21567663051774177,0.3632244917407672,0.49052942914507086,-0.1925081040674219,-0.1945540248394254,-0.1468234349566723,0.3716374541497474,0.23370418484608935,-0.18478011809645908,0.48040886941403366,0.42494381908991424,-0.15043940283148555,0.4511302848411115,0.5315552863733012,-0.24672357714056556,-0.18146246673901598,0.3029913363168407,0.23161134681908324,0.4632454822950699,-0.17918367203211807,-0.23938215236296798,-0.25125740691851084,0.4323724048497472,0.02803837304147193,-0.22699947358910433,0.43039112439621563,0.31992330911278216,0.4612128542297377,0.48868755241987233,-0.22076901975607896,-0.31471210184475135,0.31223298079307665,0.36739056474907306,0.4834378093321656,-0.19750871533652864,-0.22268810324362326,-0.32337822374683833,0.4343802305516263,0.1477615940651781,-0.24874397974667103,0.4152769143901939,0.33986081736532847,-0.11469280417269474,0.3726391344047799,0.1885233482846741,-0.15612212090228558,0.13105240515509914,0.04496038847083747,0.44289219872403124,0.25247954083116547,0.3607987926864467,0.06667135317839833,0.17622376168908047,0.26385515562141393,-0.08607942003198613,-0.16804603818168584,0.4383890248469356,0.38101505325564955,-0.13080642573954496,-0.0017227133734848297,-0.050996095665076034,0.30130925921160556,0.3170258673630957,0.3798945672981113,0.02057417460645517,0.25013862685017735,0.1181130426645263,-0.19282010715099798,-0.21738812905820865,-0.22247365471589128,0.23099467308669397,0.23576961229622428,0.548121748480011,-0.08646868776188109,-0.19135347047348447,-0.1448310261376975,0.548771097417885,0.29256613659700276,-0.1421138157717884,0.7757391023758977,0.6865366560724943,0.251224710172938,0.18947210119500454,0.5109555876810088,-0.18239402172331978,-0.18152611154507797,-0.04496428618263699,0.54374940893496,0.18908957247822034,-0.1824451773047397,0.733035658556419,0.5136901576540405,-0.1118528820995035,-0.05110808877164526,0.5645354562949455,0.5046314802745375,0.2856547490325956,0.03143605046599512,-0.16937593369796375,0.22504302051662162,-0.045305500522595396,-0.1342516622539696,0.21411879836168637,0.6224903760208227,0.4114974517432824,0.22624834870979463,-0.08329946941185568,-0.2637310771239437,0.35077505567696043,-0.012779798124190632,-0.09003727561771088,0.5856457297415565,0.5584068470536732,0.4707858000045564,0.29289583112608875,0.12265534339732277,0.5823199883723854,0.015904970166557886,-0.046678271569105326,-0.25725542284551706,-0.1142560655321493,0.6917770877030505,0.30274870246899094,-0.13041287169383187,,,,,,,,,,,,,,,,,,,,,,,
14:21,0.3349558002168435,0.11850391893197239,-0.16003424254985527,-0.19140198670433958,-0.13698159942297367,0.0949505990823846,0.2813493919851015,-0.15799529022216566,-0.30455522298570287,0.2834221962617116,0.3198835361604512,0.3664123306202812,0.03864897393685689,-0.10429275118920177,-0.34253449634775146,0.4237391791097925,0.22666165820595793,0.006198705467245734,0.2519671425729144,0.3548047115101304,0.17969782796406392,0.218940669614466,0.0014565037295023167,0.35516605129139944,-0.09413551408103414,0.1201629283403523,0.27827179803177476,0.24567698714846406,0.08348623777987098,0.09859102790033687,0.24096679942225452,0.4494016090818839,0.4798584296693035,0.5006962416030496,0.3181186156420423,0.25562072262989266,0.4198984622548,0.1619072554427502,0.22658246399485016,0.11551622145366615,0.20268576290908388,0.33987563099080215,0.3167854989043212,0.4519189098570084,0.23401317591239618,0.1907609213542727,-0.1156485978579981,-0.014999488404800757,0.47666670264353184,0.24242056968760448,0.3300575823227884,0.31404949073769967,0.31502199370679695,0.18265683753201017,0.19692155396655833,0.25996798291037526,0.23698176230334428,-0.1997406694176149,-0.12679315345764097,0.20732949314483062,0.22638437006322967,-0.20525384993749082,-0.2126753134963415,0.13587856861659764,0.38519225121830103,0.4249059551184929,-0.26684713057739856,-0.24533480734009416,-0.1116546935881275,0.38333740027089064,0.33610075215280505,-0.1051165251926306,0.43750981166768366,0.6086828014404954,-0.08508565933362741,0.39184484997941105,0.4539500014841317,-0.18868644530816017,-0.25465591367472673,0.2837795309644628,0.33978795229507447,0.565951321389995,-0.01513707570006462,-0.1885704142762905,-0.27363468794393,0.5330542692306381,0.22109141285239106,-0.07776131693807363,0.38169019564774254,0.46976122326944936,0.495957779600365,0.41314734823888427,0.03051045163412137,-0.10525124501461224,0.3033471700670465,0.4241925894459614,0.6153266892694942,0.031604874709093705,0.014801795496776514,-0.0355773847475635,0.5110301608177293,0.2974293916471496,0.022835294164011106,0.36714040449658636,0.47030531342013576,-0.06623395717433443,0.3750526599399498,0.20974456478220851,-0.18596641985569418,0.27590912141402624,0.20069546092123727,0.3359885024852735,0.4576926726082549,0.5882323178618922,0.25121796452499673,0.34571780076698266,0.36277981630410955,0.0772152293752486,0.06816959828260698,0.43753659920251137,0.31604349627965134,-0.06354242662889999,-0.04048304741249809,0.003591315246216001,0.2633892698822748,0.3930623546989689,0.4114995400253458,0.009062767166356065,0.21866681586758255,0.21165962101230734,-0.022151117241908404,-0.07590780812639703,-0.2927125852938829,0.15690481614795235,0.2697767089147107,0.5413575558353568,-0.07744502018860845,-0.17881232002731032,-0.05286864853107084,0.5606686843307619,0.396713786621397,-0.05334685810076318,0.6125766866771984,0.8487802240637371,0.21820758487443792,0.2773349150519871,0.5899559215292414,-0.12316896147665983,-0.17834223320044748,-0.10141565185121815,0.5917562392199103,0.36431887914294,-0.127338063550623,0.5570593604489074,0.6090586243123016,-0.007538696160537154,0.24673633892616448,0.40381913444402245,0.44488062787467086,0.3693501955689182,0.1720048391430126,0.039491030445562014,0.18570723478169485,0.12315680042124995,0.09799673983886528,0.28108081331041473,0.6109434585868299,0.4221841710322142,0.3087093070861402,-0.009228403517438512,-0.11915324866558147,0.3583964013310643,0.20037399610067874,0.14184872064709064,0.6162432703092685,0.5783659607394092,0.5683728098307534,0.3542567230628272,0.0886055118192153,0.6350838616414263,0.24038153085532887,0.1743551055002878,-0.3037340294458467,0.06510604791300745,0.7485593886631704,0.47900203638570865,-0.19193282660574765,0.7884485082007033,,,,,,,,,,,,,,,,,,,,,,
15:16,-0.06554134619249397,-0.09892459871067986,0.31740386274837157,-0.05404493078968184,-0.03593241940691908,-0.09575077107201509,-0.07322297822651407,0.11643830296261098,-0.15246188248172138,-0.07790737249843276,-0.08250427636726539,-0.1028285369818242,0.28171452775481404,0.11823450388405463,0.35471310833323233,-0.1180450761350932,-0.2276692490624226,0.13366406324340563,-0.037929172305840954,-0.146756774921857,-0.02764860076403359,-0.12345510925972646,-0.14518862366536248,-0.05296860927012814,-0.1391992673205764,0.23201957008649335,-0.061299145830547165,-0.12122360900865507,-0.020285554547772738,0.06266576282914488,0.17433882511886556,-0.056830133420200754,-0.07238579825323448,-0.11428365198320328,0.13276676456088818,0.11554949432424313,-0.018658556824773347,0.02429068349734384,0.1485291644632846,-0.047526294121543515,-0.05105026353840876,0.00824010261157955,0.3007662106626387,0.2553315122395927,0.07228280021055218,0.11474729982689846,0.09201209328541722,0.17285441604660803,0.21575510520310257,0.19228346204144664,0.16386627161738565,0.12996834399204085,0.10572636374190748,0.0200136513118905,0.14828220247812515,0.05143352764372594,0.10249266716285672,0.1400891497285012,-0.022858101559496278,0.140389495943502,0.24449328449385083,-0.02122725182706585,-0.07642226013692423,0.017282627508860393,0.11133317210759457,0.21819372937290551,0.0914251314721193,-0.008033319316451319,0.16404791147462724,0.19019649550129458,-0.044480357689244535,0.12789402139311157,0.27483896565262605,0.1561731808381897,-0.07987457803307725,-0.03570623784408921,0.07565882476028007,0.16377986104152698,-0.12127033861137536,-0.0572851576793774,-0.03845129924215681,-0.012881453622315905,0.29084348046785014,0.05173659243984441,0.27345267194822404,-0.1372338455861682,-0.1858538845624791,0.0974978016156442,-0.004614977551942156,-0.1996912032682748,0.09467026540267032,0.15784615954437067,0.19503492521660182,-0.15000090816666722,0.028182701552854537,0.09246932495308277,0.1044475349693603,0.26860680842005097,0.35610460734015537,0.3405610079371506,-0.01526925718906564,-0.04924238182969378,0.17281672151574096,0.15966887120804632,0.06263479636095938,0.13928546065242448,0.11756885548930211,0.15709663542104238,-0.08842139474043367,0.10899914062180116,0.23058643664538814,0.13852117385952317,0.14028123768243358,-0.1305407761457084,-0.01391485032581926,0.11301221742355688,0.1886844104792759,0.03973541542591154,0.055214019283693114,0.2864237897125776,0.25673957968287964,0.11792279984989285,-0.03231722841440679,-0.02541603787612396,0.33794871949435884,0.18254961482039458,0.035399709992273855,-0.08143453188238788,-0.03597303667095555,0.302899524038192,0.029330327455275522,-0.020004515814891453,-0.04655539369580343,0.018488066941634712,0.06639001434733041,0.32797953260660595,-0.059859884017535524,-0.003435281987566248,0.38098537403563365,0.08818905956427896,0.13593590982177914,0.12184589920892401,0.257461640903004,0.2543694682056961,0.022293087042357454,0.06266659593232875,0.1932064737881002,0.11731104572402812,0.3519422280210287,0.8107431379260669,0.07585702128037868,-0.06489187583519866,0.14479376996498763,0.17308963529599572,-0.00011454136330953109,0.0194278207415585,0.2949398339347076,0.005674994674813019,0.08241979549847445,-0.05222371007466969,0.013375282385073364,0.145874671993428,0.12686288020319883,0.13800608503512873,0.126258478747718,0.0948176954284749,0.1235166803594062,0.11186896834955945,-0.13359279029485446,0.002736174028186677,0.011981175186659452,0.26559371143933225,0.21193891035364934,0.1009612287982547,0.22430878557890416,0.06297742340830895,-0.07964243612342482,-0.013150074451069754,-0.05415000995950456,0.20015361426201375,0.10935061525624637,0.04779210948843898,-0.02108953050750104,0.43902227175268116,-0.017502529935450806,-0.016650532964390178,0.03978021376993875,0.09489991082436378,0.08168311108459625,,,,,,,,,,,,,,,,,,,,,
15:17,0.08702001528295837,0.13864029534276978,-0.29505056971060756,-0.2673117572639372,-0.11006745442447378,0.20793174069583273,0.1256056423950495,-0.29181634730362843,-0.29563805912381846,0.3932402292488229,0.3698453981781264,0.21175584999190736,-0.25139523797721314,-0.3172917195651762,-0.3502683343379038,0.4539895511470227,0.3920737697897643,-0.20788423219504137,0.028624163834150663,0.2649388013614918,0.09630709820562297,0.2646162468996874,0.08563219210517758,0.29068927676030176,-0.12634241865993565,-0.10010062155217236,0.205274063120419,0.1565694713738654,-0.12541233865777573,0.04261522475258678,-0.1196919158337944,0.4516529560363794,0.46259727949500046,0.3889677161522824,-0.11660903775467277,-0.08794220274058202,0.31283563498642586,-0.20734793128985118,-0.1812678419177127,0.2322455706955867,0.24074320334986235,0.334866634555426,0.08384202379991003,-0.04027344027519489,0.18117322063888983,0.13521097709431198,-0.07734767938395319,0.18607215294731624,-0.10501182681825214,0.1960662612007361,0.22025465594321966,0.18418503918685575,-0.0023933182674632657,-0.03119779854311235,0.05090139339710152,-0.0990916955876582,-0.14630625039395484,-0.18721290467899826,-0.028383176004676058,0.30599415473415753,0.17171639446866896,-0.16518605074621137,-0.22611257655775213,0.33039737716895384,0.5305486208192771,0.21610021292077464,-0.30781262042398216,-0.22022483791285244,-0.22079632042973008,0.38762179713562345,0.3682050331982445,-0.35091942025603357,-0.03000251685555612,0.16129643392568246,-0.003536243714194096,0.48167807751408276,0.234166885654746,-0.2873368758610102,-0.27304986642325474,0.5632457471585864,0.6131122454809567,0.36943630631321095,-0.23617706535492208,-0.2846207896088625,-0.3024081400964884,0.6326462782846187,0.4492664794294253,-0.3076400610756089,0.15435365719431016,0.41282448743895706,0.5968312214757409,0.21141230931920718,-0.06360902590308327,-0.026745653788658983,0.5895724835925572,0.6986866454564429,0.4437611695419832,-0.16336778340026836,-0.20663527974789725,-0.08454887847494008,0.6244130642256698,0.5384275976516627,-0.20800395933914032,0.22691733094821853,0.44527727618662793,-0.07840731649032932,0.3555011539856765,0.4098519513374895,-0.1969067359305628,-0.13485370429208,-0.032943937029659275,0.40475535017164144,0.6777057469763608,0.5241353183690002,-0.14193772826879916,-0.21250615838545706,0.3190198510937707,-0.2768546787900569,-0.3182636619493242,0.38423400530036883,0.1472366804571066,-0.17327105103160567,-0.15241818278267602,-0.01488097221584424,0.13973249234716517,0.3398454293622696,0.27035703371660447,-0.12965223064693215,-0.16347685578135387,-0.03132527723075924,-0.294423962303825,-0.32394231815214625,-0.20975471088158337,0.39597084315971853,0.5413697894871385,0.457592102420377,-0.09875838089502101,-0.21046779751098063,-0.24684151195602638,0.7194513202156516,0.5220689585660215,-0.3327104103066042,0.3869537303196974,0.5408668029717606,0.5019598646187248,0.6574363299391467,0.5391791739766777,-0.19992223225508235,-0.27646249466823447,-0.14965885938343723,0.8951504361042428,0.6464046041292105,-0.2413929819559741,0.5795357560456922,0.6104677498782297,-0.14991447681621803,-0.10769401594116101,0.6627170151815184,0.8468143058145963,0.7312737451579572,0.0589137388422878,-0.13712318419435146,0.5843772094663318,-0.15068613245041818,-0.2337836951929273,-0.1475115868012683,0.9192614215835119,0.894622141577178,0.7440182817176518,-0.153343144126558,-0.13045328371880133,0.8059058864366747,-0.11588508680566194,-0.1894681829979411,0.5576985662696216,0.6474172818025625,0.38922324071685005,-0.11481894800529752,-0.18668675743040308,0.4423540496613599,-0.177898975982636,-0.14702000462180329,-0.24149018710254044,-0.17241380106952095,0.8738749970275856,0.6108302902938575,-0.31941402675689673,0.5532190348476432,0.6219576826193646,-0.030796926532858537,,,,,,,,,,,,,,,,,,,,
15:18,0.18613175604532295,0.21632996671196658,-0.23890821585841454,-0.11166827647776428,-0.02625471694536934,0.17660345459883492,0.11738110155371285,-0.17227310612192198,-0.14703877282835554,0.25374492326708414,0.28259082012984216,0.28135459659523454,-0.24078852329210276,-0.23963865653958408,-0.22829182673422302,0.2870923015298419,0.5479671486807062,-0.24723553833489942,-0.15936221681593504,0.05901155741234205,0.12664371375541988,0.33312563944482604,0.11676376807605249,0.3692050976397926,-0.06987193162508187,-0.156856643228657,0.3096945341308977,0.1647598822448111,-0.032269831800508124,0.03330790760247537,-0.08182491035623962,0.38173644911254934,0.39744063434132537,0.36134853874746464,-0.13863645109854056,0.0008209164353069534,0.14578039756692635,-0.1796786562405938,-0.25819859210754825,0.4040941025141511,0.39884807088016955,0.4540521372096475,0.10820141187247977,-0.08480363243316291,0.3545514584801344,0.21887980032985668,0.0098796860464424,0.19768532415567677,-0.11681484220605871,0.3666257875722393,0.28013745946896973,0.28388813892867115,0.044427249436355655,0.2830009357216327,0.015125631453109906,-0.05977742923273436,-0.1595975740881811,-0.2070572284346104,-0.042710250101658104,0.32015541808971815,0.23928955042809688,-0.08104984358909308,-0.2118814994540213,0.30363869606461624,0.463784517468691,0.25092691658427485,-0.2282691686747732,-0.2716163367145911,-0.30351711628506733,0.2228701930810447,0.5350570188805195,-0.41734733433723614,-0.23789475368571314,-0.05360734996884577,0.14300402839105456,0.4444828354912908,0.2384317221774431,-0.15794633409304198,-0.0661593995273639,0.5015532853699836,0.6316756219252905,0.43641236347012663,-0.24728246536961135,-0.21705328791802894,-0.2042060663473306,0.471188837263253,0.7365075972305986,-0.2988640707681136,-0.04204544472431333,0.2691012923311372,0.48081267291297075,0.17169824224858415,-0.041784960265512566,0.1780450525892754,0.467714424365411,0.5954471294305235,0.4588944467982991,-0.17829394648650354,-0.19167054915727041,0.01869328573931895,0.43314054610040287,0.7145048300643789,-0.23531011841519286,0.018640355907031364,0.21776946597061497,-0.0496235139097171,0.3984513545960294,0.3748283811449103,-0.06941608092175314,-0.03384437101281866,0.03198941028063742,0.4546284541527621,0.5907670258847014,0.4269800811158029,-0.06415366206090355,-0.08716117345346724,0.20567704326865233,-0.21221116991986286,-0.27096969273035537,0.4666365476678566,0.12343878085336317,-0.10144423586862353,-0.11445605640776006,0.0279638103770516,0.26094345107653233,0.3536171287286129,0.2789847777136561,-0.07323081621521578,-0.08999489142015156,-0.057965632226184116,-0.1752355276062066,-0.23748465693582815,-0.13201432514847602,0.3574664650513873,0.5065867482164844,0.4655906183622537,0.03288510628014294,-0.17836561634525944,-0.26557702639180264,0.5001405839879728,0.6707506271816414,-0.37665316501486157,0.10559967487354126,0.29313078804323794,0.45405651023946,0.5632750304550346,0.5460377594378695,-0.13469748860111616,-0.24095129927178816,-0.17893127114570087,0.6323686834352442,0.9031428527247449,-0.31969354459323646,0.24516472972651468,0.37209312413386697,-0.045701811299752204,-0.13848312259135565,0.5748308047119471,0.6589782185736542,0.6450811049111345,0.13285485637553474,-0.027091345734152245,0.5598613454202687,-0.20626582390712325,-0.21459725002223,-0.12857039267897896,0.7354692742661935,0.7275020244331304,0.6564286346704401,-0.12343377232558608,0.10123255212487273,0.6700685446893717,-0.21900804251203504,-0.15556163114726754,0.5750675726424835,0.6699371633687583,0.4387419804370473,-0.09024728290597908,0.09627053541863831,0.39360918525079536,-0.20144956006353226,-0.17011544103583592,-0.18692319773918217,-0.21939564842928755,0.6609425751447574,0.7932066885953654,-0.28436102918428724,0.23098069263291404,0.38366312570807465,-0.10415724822463263,0.7809449772648089,,,,,,,,,,,,,,,,,,,
15:19,0.1580819169430944,0.12675253829330382,-0.03701345180027479,0.45409805285384525,0.8186985754786725,0.22626966799578205,0.14359661543065957,0.6772556107510211,0.3575275523150243,0.21274843098950708,0.4711201393954194,0.41625104573545635,0.2742143903589639,0.4268725655559443,0.502727151473033,0.13754643256223698,0.3319147605236534,0.4052892147761168,0.31999602601692134,0.22408426565975173,0.2159029037708244,0.02858700897582777,0.16013235536493906,0.37631383373843313,0.2928468646192832,0.06833344493528729,0.20917352873898515,0.5274923267439806,0.15350753510062168,0.6832478214044906,0.23624076180581882,0.3342556342650067,0.3442880557066608,0.3793591006780792,0.12593811445905204,0.27096373724103984,0.3202623453670015,0.17079662047902855,0.14185258443354418,0.10019311655189649,0.3351390717952327,0.1040929891163987,0.004525375563706219,-0.1343889048144018,0.11835709032176417,0.4037031034157293,-0.027363424747034598,0.0694762710617704,-0.006414446126599277,0.21874045120347863,0.19176382133371322,0.10639179927749982,0.12385582669061643,0.4073084561113164,0.32434981417371117,0.07095780413640736,0.12467576551902688,0.16596503375561772,0.2955361553988959,0.0717243394282218,-0.0474902272917059,0.5224275987893674,0.3415257673539123,0.10035652942502078,0.3722284380418817,0.21800067920373745,0.5278777605552627,0.19484867520229335,0.1558846281709633,0.11750565680922538,0.18156036198169453,0.3168070201710154,0.2538134072449393,0.18392531715729424,0.8250529521477133,0.26766156332573426,0.19337059367420253,0.23661159572439777,0.6649407234370222,0.2080500914628574,0.2069883506051934,0.13951695021693478,0.1596795568104838,0.22595120111577222,0.2629824261069195,0.1059353279105647,0.20448735524579406,0.43866020319658244,0.20855728357363304,0.09741924840279954,-0.031953052960846724,-0.03152361109254412,-0.09819075090239009,0.39530625746318837,0.022601318533655882,-0.012196695051877614,-0.10402520113067514,0.024649411786294498,0.22729737249384926,0.010198964776175833,-0.0766068585921837,-0.06071004135744808,0.06985012465587165,-0.1176168246047799,-0.11725389009040212,0.04498599499293282,-0.017341435535589624,0.05459227729279269,0.06411736960887135,0.11561327645049664,0.15324342710408642,0.027264364391623653,-0.1001488209084278,-0.09073443126446512,0.02828705346950231,0.17984146334808462,0.03655844069469225,0.05695026673065698,0.05694926737706734,-0.054873532176997135,0.0699039316304944,-0.0694080733673194,-0.04612984182471318,-0.04649549527323085,-0.02775793523312756,-0.053619826749148405,-0.13540642839279324,-0.027913400614853458,0.03976223373768105,0.07380187212509841,0.030418862170065297,0.1324259718312859,0.08935671834947875,-0.012863516692462692,-0.10655938476251772,-0.10276635740300716,-0.03761215579584016,0.04115078530267991,-0.017330833025265523,-0.02222778700164487,-0.11825319093310584,0.2165847751996936,-0.0920191193595304,-0.1094139359474846,-0.1202665789649132,-0.10734465835117561,0.04234781016897718,0.13685824281289294,0.5494602149096383,0.15028791217727638,-0.05263427885858984,-0.019374170666476863,0.39097959537380267,-0.020095114038415282,0.015429314993557356,0.15929382563417646,-0.027073129349523942,-0.1225028088689723,-0.20462987992520473,-0.13985520779833946,-0.10907096914018218,-0.059732482837021976,0.018422821960513997,0.18349060150048777,0.19583758587787295,-0.12031004612238803,-0.09093898328081512,-0.05322141833539229,-0.07124326107946712,0.04891326931504971,-0.0798725841553485,-0.17163372441607158,0.0025608756758253443,0.057618389151850635,-0.14885218022965266,-0.0938884348506005,-0.13395276396075545,0.1183830055133965,-0.0013731229312096919,-0.12472487429052719,-0.003196258949907649,-0.0411724154040179,0.03338488556993561,-0.0013874752043817578,-0.12972740112719716,-0.11994254373209454,0.8253553354974197,-0.002833057477760331,-0.08311334714771271,-0.030119481602511336,-0.13900937031054642,-0.073354784487192,,,,,,,,,,,,,,,,,,
15:20,0.19202492336919666,0.18690671963694075,-0.2605056551932038,-0.1614327335315447,-0.03857525793839821,0.1533197374093732,0.1872657020144134,-0.14909584698793846,-0.21474870602310805,0.46336436895677435,0.4801011555841591,0.29848496497719806,-0.2579737155232586,-0.2866286246583162,-0.31868061756076327,0.3825986838206165,0.21932333555559683,-0.1975644529265599,0.22872059008297085,0.23042297112226612,0.3381473519548861,0.36916137893302553,0.15680945846366798,0.4101774633520317,-0.010070634177635122,-0.12989672962246496,0.36911763913715584,0.3412031320236941,-0.040880533070982966,0.23012554914119251,-0.08168839190551268,0.6776042531156817,0.5691397493745891,0.3125880421883023,-0.0902858106191413,-0.06122330228244545,0.2499508537729747,-0.1355111446460963,-0.134409289772602,0.27765196776571777,0.3785135886861196,0.431085589588905,0.34792818061292774,0.1035401161999541,0.3191183287754266,0.20857604067400456,0.004077300477211667,0.35262882052006167,0.048300313460213504,0.3078625400204821,0.1835205620877694,0.15803465055289737,0.15808030364217585,0.11092728662935411,-0.005476534233036626,-0.012345820319683037,-0.10060671973262159,-0.08476321569626173,0.005428918044820986,0.30391457329948385,0.253405003473219,-0.03539021494059884,-0.08821288829582655,0.4215100164545079,0.5258305271633951,0.3381300550161421,-0.16956482833989664,-0.11873101125689776,-0.18940858060326507,0.2996475208453129,0.22524828027147106,-0.29415047273989314,0.20772623451719527,0.12885342065368455,-0.10632366265724202,0.48587424840348803,0.3297393913486535,-0.1583376921028018,-0.13057991386797593,0.5940349936533607,0.5167308213887059,0.34205664056309615,-0.27045180864189416,-0.2930983072400606,-0.3076487141451091,0.5345813297452723,0.24459176599908336,-0.2967530401754255,0.4043913002023724,0.42227948102735585,0.5604723642105618,0.3195541690417572,-0.15382036935517537,-0.20783462170167996,0.6258452958058652,0.6375531543572891,0.3854903574745731,-0.2632439502080094,-0.32736725521368315,-0.40800150260649215,0.5149106436864679,0.35015612605518937,-0.3153946675655128,0.4157055572527393,0.40063702267321405,-0.16616969058436343,0.4479074252280536,0.40007169518577973,-0.05525278327866776,0.005522513010299495,0.04645981458485599,0.43682757950427836,0.37655111131107416,0.29193152139380624,-0.01995845939481277,-0.16724454670216493,0.19982028058824275,-0.23139666558097347,-0.2852336665593597,0.3396015001458097,0.23886835855226596,-0.21153312745876177,-0.14783693547091153,0.028302549168884868,0.17278984230511038,0.2685838365833385,0.1808894492587363,-0.06326469030896548,-0.07208785225794924,-0.09644897292580136,-0.28861278791248585,-0.28826186225173284,-0.207614815971716,0.4047098052561122,0.4335682980718186,0.3275872570033931,0.06586442930964599,-0.21187874166504247,-0.24215792182988335,0.5434551595017321,0.3034636268724236,-0.2795657087460791,0.5986869422416325,0.49460778319458903,0.5487812204337238,0.39284137692644977,0.43003729721170986,-0.14648117453850873,-0.17942107753282058,-0.12987150122724317,0.6231429294661139,0.38658205521283195,-0.23607012047303946,0.7877208863336809,0.5962925290863164,-0.017883790432405705,-0.07585687862477244,0.6915540333583596,0.8373730088091248,0.5359905969112477,0.22856671603259845,-0.13202021982907827,0.4903110763815498,-0.12391401156801202,-0.16810019762230743,0.037147315905725425,0.7526123473695063,0.6924811641367604,0.48790992729883353,0.0006334549505967257,-0.05168828382787742,0.6281214980200345,-0.11206778304501601,-0.12006844115779154,0.5007784539054329,0.5180631013017115,0.33703193279535565,0.16104939276079025,-0.11446493045722851,0.4198521897050538,-0.09753370957200501,-0.0221406767142797,-0.12825087744642671,-0.22196945055068312,0.6943317866685192,0.31265329864582786,-0.21006416674038642,0.7532480329989083,0.5394248299243163,-0.018104453091311486,0.7582836088903098,0.48146422203929,0.008265762246424037,,,,,,,,,,,,,,,,,
15:21,0.380897844497074,0.16771747421202302,-0.22525883848537437,0.02440628428065424,0.03468418953620615,0.1897682468537619,0.14358986662427162,-0.046525568408264904,-0.08916900351632862,0.5489515295600073,0.642561599545678,0.3748029006308442,-0.25229875860833595,-0.21202950751455757,-0.2645677673658364,0.5319918662323783,0.38683507778659443,-0.2322982347707566,0.15881218525870705,0.3226731174873807,0.4588435287288349,0.3796191737642064,0.1640444855075322,0.4449033143412342,0.11282995333197064,-0.14389921927626123,0.5110571912492305,0.5003497305010677,0.2066516300568171,0.2986535697434543,0.0681186755435805,0.6575426195129255,0.6421537449748531,0.5792553709633983,0.09043977655359764,0.08164027049414616,0.3613302973286602,0.05371346096737905,-0.015874546648758675,0.17620646609299356,0.35414024015523493,0.4232421047373151,0.35013300184361107,0.07872130652602997,0.3985254121652078,0.24040191797329993,0.07950121742529807,0.27100814933000517,0.07447161307385951,0.27099491987438673,0.21499034412092594,0.269909766848444,0.3267634913983443,0.2708777075549542,0.11642077508293067,0.1237359521108198,0.03870906883904858,-0.1735668304759546,0.01674850490882474,0.287238816741437,0.14216025579136887,0.01597627014378249,-0.12865335407461337,0.48609268178467663,0.6556642219618805,0.37067471020745835,-0.16243159108334995,-0.17470701846978848,-0.25470027209716495,0.3987462996809632,0.42634387669195944,-0.31854852164591924,0.17150745956073712,0.24941390416580217,0.09816300550970239,0.5013339014638838,0.3039005225291492,-0.06455769565077218,-0.03987072425502855,0.6492594069171659,0.7201894201595209,0.5164800337901225,-0.3188759812518713,-0.30680168790618195,-0.2748468542630572,0.7487571125852215,0.49413417511072366,-0.28426699180769416,0.37808368726676955,0.5908891530414225,0.6314137140549423,0.2745027147855237,-0.054063441833029455,0.14787664721194665,0.6321642380591244,0.7101128007634496,0.5363799688522998,-0.26195363401237204,-0.27231459375213685,-0.17081101198759152,0.6627348328570556,0.49214919603102913,-0.2779897336788956,0.3498412054688238,0.5010286311563706,-0.1376103377616327,0.5002876977530281,0.5636088707589454,0.02764026649134208,0.22940811504249795,0.051924795122052406,0.3758094448842424,0.628853207803812,0.5537417867472947,0.18635295424997828,-0.13254736215287577,0.2742576178147631,-0.14687327456177227,-0.18559921851627456,0.3832581453880222,0.2758668541239269,-0.25307543515804304,-0.13610634519728693,0.11455915736681306,0.13496589043978593,0.3844097335055337,0.29220645522108707,-0.014028002274571067,-0.04109348163299772,-0.04207254971549071,-0.2420288120417813,-0.20846329745023306,-0.18081801986619583,0.4462751575546867,0.5296711846159919,0.35517377180339793,0.15977616184983515,-0.16401697949161148,-0.2454263384313186,0.6243326808189223,0.45488138417618623,-0.2525871544457163,0.4839765081518063,0.5671134015062728,0.6033946353565168,0.5416371877838337,0.5753421563747722,-0.15872304719754812,-0.19850581337658507,-0.1556941815192961,0.7349448191098016,0.5772872347895507,-0.240387754506834,0.6512620116652823,0.7529611283009279,0.1499635715685401,-0.04489796094034748,0.6191631247633741,0.7870652980022576,0.6534756369626283,0.3792833331364884,-0.1257248536802711,0.5148765224937035,-0.009892591663378728,-0.08394964655291204,0.0923238770097213,0.7441982524631967,0.731748698177179,0.632706491905529,0.1294631972267052,0.01331587506901042,0.6041698614349853,-0.07154641943273488,0.09041607832336238,0.5267818513393148,0.597403844111139,0.47574371743752963,0.2877236359661168,-0.13303862069190284,0.4043245545171443,-0.07236826494343492,0.06491126096612854,-0.11928442611005291,-0.27316730757282376,0.782130779845876,0.47059174748180255,-0.18074354661522415,0.6001231367681008,0.6667457392246312,-0.12183731900426999,0.8278226594780466,0.6330104529662344,0.05173734457958046,0.834990300070278,,,,,,,,,,,,,,,,
16:17,0.16431902523339845,0.21783010942999448,-0.29601233320167175,-0.23679935907555513,-0.11487779116033672,0.259095668352996,0.19614130919155767,-0.2787798178072641,-0.2662745425044973,0.4517823979653467,0.4227680192051931,0.3293848945946148,-0.30996495430449206,-0.35274219802576634,-0.35854299951780844,0.544041524998188,0.45097344969420716,-0.2454920115126738,0.05555684335368453,0.3226242745468734,0.1545152615256458,0.4244932616387467,0.17149534648512468,0.41124462716759363,-0.10203221690357771,-0.19040267051904414,0.34479060530524774,0.2508415197856082,-0.12051714454594833,-0.02153556653148703,-0.16778579157257506,0.5030037705096119,0.49754430992550386,0.4882396007333246,-0.13629857043599797,-0.12629693444438725,0.32955827204392274,-0.22756752077531986,-0.23808934959042422,0.3693053209335586,0.36703098915899424,0.4792183716753735,0.08723913108010689,-0.06178302866221404,0.32668653531219516,0.2559692894163187,-0.13595026478819613,0.00576556742907417,-0.11103339518249013,0.26864707281985506,0.29000467935362817,0.3268227509641259,-0.01813905512558385,-0.039368438966219124,0.12883567391017775,-0.17500508546688226,-0.23715934909126324,-0.2088858833254142,-0.023271588263990027,0.4267703126445862,0.21988603602263834,-0.14949967272877,-0.23289727596831122,0.4017814333532428,0.6149289899874586,0.33024930152864607,-0.3310198880932906,-0.2136376245348317,-0.24374363513076,0.4420012045765139,0.4259272927013382,-0.3473452714096696,0.009298775585042617,0.22053427540817297,0.016307134430682532,0.5842700090523141,0.3030148877402843,-0.26445828335161736,-0.25703847124481444,0.6401681775806167,0.6852752278532216,0.4936932583761751,-0.31145955972255124,-0.3145395444772007,-0.3251373072219753,0.731877521968899,0.5252854981495516,-0.3436609246958247,0.15078186810938393,0.43288028756565106,0.7127696354518813,0.29240460923308265,-0.05612485932560793,0.029520360780286928,0.6801010035449193,0.745240685207954,0.5732301834418025,-0.2303160699373567,-0.27644426775263925,-0.08820837538298854,0.7227845398249354,0.6206138343822685,-0.24571017820733862,0.21432170086916685,0.4596799247230681,-0.0994666401799183,0.4792352728480329,0.4714870006545023,-0.1571845371045711,-0.11430792154425484,-0.034211922209321656,0.46769795804195463,0.668686644589874,0.6381671228210042,-0.05139390710808482,-0.21511728200208757,0.25826670898040843,-0.2659669497679995,-0.3418755653197407,0.4310103357526422,0.2137549468242097,-0.21679706428226153,-0.13741903344668768,0.028195565221533266,0.1710951899055698,0.39472246479906076,0.379587447890685,-0.07936172488404164,-0.1258419868743967,-0.011723151203459705,-0.30043223602058505,-0.3159650081121852,-0.2004253883179699,0.4312540953336891,0.580022120167845,0.5082121837660352,-0.027311965225142336,-0.1929555165510687,-0.27890148534965453,0.7164165503776438,0.5161002047707964,-0.3120267674805566,0.36882934427278985,0.5384381628984426,0.5051936072925953,0.6525965721366834,0.6550623964399502,-0.2418472668528299,-0.33669826920387524,-0.17321763510847452,0.8928854135932144,0.6922084239354519,-0.24568464297901524,0.5372673336287663,0.612381413174318,-0.13171551663248968,-0.1453221741492248,0.6296642515082462,0.7360381936900978,0.7680495206102655,0.1318074761582019,-0.18940203950832651,0.468949730872044,-0.13533468065225873,-0.2563834674633006,-0.12181707162431547,0.8846287531935761,0.7937243095491163,0.7765316095962823,-0.06766073810706791,-0.10393079603878826,0.6696811311422382,-0.12371681190838657,-0.1797990261553116,0.5849965462273634,0.6677065404996947,0.5220727575120614,-0.008009986108090311,-0.1547109253764241,0.45504469617821897,-0.18406700057061842,-0.09634648522897116,-0.23635928727662026,-0.2603381836536502,0.8661568549741521,0.5938246141094337,-0.3235247408197532,0.528324502025515,0.6105985398335891,-0.13721164479590475,0.9451297739652199,0.762393053355478,-0.11424796498182145,0.6935488284433133,0.8134039212369283,,,,,,,,,,,,,,,
16:18,0.1387701833206535,0.20045524672034717,-0.3626260163515304,-0.19880971186618918,-0.10390935619449294,0.16594409530504556,0.08051510527332462,-0.26997531228542726,-0.1858417035544374,0.17925720645043247,0.20061201640085022,0.23856224110659197,-0.32474821606802057,-0.32927916323043493,-0.35315518630384646,0.2586181340653667,0.45665109684939786,-0.34606437014889163,-0.23538692887994575,0.007056243451249301,0.06606497645008479,0.3147477821099472,0.08132675710600232,0.3226544134825175,-0.16523922703126032,-0.2731581829416775,0.26602358358788536,0.11871235103813006,-0.11704114229083505,-0.12072711657403591,-0.1931372951781748,0.2709838036047052,0.30056952499108713,0.3130894074854716,-0.2094534407523962,-0.10532998095136376,0.11598676030849585,-0.24501668363560733,-0.34915164051352826,0.46994492548744093,0.328327043809332,0.43531004266121476,-0.05096291516655772,-0.17965911157452247,0.3339478028609921,0.25996669878067813,-0.16664880809274407,-0.03423536636097071,-0.17722672590644808,0.28017606145105345,0.22636889816277636,0.2845813988245115,-0.07840203241690986,0.11545837002136133,0.040847915067077266,-0.17167966345617533,-0.2781015650449458,-0.2606993387368721,-0.09641322956402047,0.2853230133925836,0.2150828653264844,-0.12557813936259948,-0.2668185903415174,0.15672704891296238,0.3657215647901202,0.23762959007135953,-0.3683100200606691,-0.2676685454814718,-0.30150112114490696,0.18586512392288565,0.42963968586232987,-0.4387740756670355,-0.30061092158217234,-0.10475859531071433,0.06454851653632207,0.34488425079239254,0.13127308058275886,-0.28498189969216026,-0.1570050388714142,0.37340840205679593,0.46990645288188426,0.3274810768926072,-0.31000331191498004,-0.25622237305904927,-0.2618415031696172,0.3873281139432655,0.5664992228212192,-0.3564906739235243,-0.17804833189715044,0.12035911594372814,0.4330563937898254,0.0861484450812776,-0.12192013870516163,0.024455528246645996,0.4000256400691079,0.4803469853638017,0.3904972030332067,-0.24757831497350166,-0.2833153036428259,-0.062065602687398996,0.39917199253712243,0.6432338346898816,-0.29023688059489305,-0.09349817438171913,0.15028055377531443,-0.15038631343491904,0.3370793584405305,0.24423221728818761,-0.18097848764676652,-0.1531054974620307,-0.13135198791371422,0.3650001509748683,0.42635161380048087,0.4231084464617824,-0.1700385092786011,-0.14883177015859791,0.10963330154785478,-0.2313639410414328,-0.308272695052637,0.3546283495919298,0.0307224193419575,-0.18352844345136046,-0.1266396036545252,0.0005220033530393696,0.14409777128580145,0.17963670937897586,0.25007305225520965,-0.08193854301052732,-0.12419467007979408,-0.09001108551109084,-0.21766645972131116,-0.26984957951357413,-0.16719633125493547,0.27758758651131576,0.4195053906649013,0.4102088315609873,-0.11782730523972523,-0.22124485776120656,-0.3447710534084921,0.43938145456468,0.5214829680954037,-0.3983103864969307,0.0191491389624697,0.19006060362727797,0.261812889297438,0.4402985394973475,0.4407393194354078,-0.28908298796429693,-0.3618612277071404,-0.26757593115498113,0.5656384855377107,0.7439629428307977,-0.3240471435295936,0.15930596193147892,0.2749018716977587,-0.21946261424298924,-0.22228748540593343,0.3987113353015542,0.4548765772657975,0.5091040071796356,0.02861457297511447,-0.17991966395796888,0.3578967627872365,-0.2524476525055156,-0.2832738316748976,-0.19587840992038058,0.601963343961823,0.5264802646192812,0.544489361287804,-0.19294234979548608,0.04709298729355907,0.49949943330287633,-0.2394566588034352,-0.1806942807176931,0.4568104765702119,0.47954151371386305,0.4133453547791701,-0.10696066727181672,0.056683135185134896,0.32953255632505896,-0.2721004021003581,-0.2047725539761916,-0.3122317963371531,-0.3089669436532609,0.5602818470939934,0.725227861358055,-0.3366154805614231,0.1711643665792743,0.2843403418770545,-0.2653846471770094,0.650244507847074,0.8357990888576612,-0.12671900871903877,0.34950751725149304,0.4798539194305781,0.707231881725789,,,,,,,,,,,,,,
16:19,0.25538857900248435,0.16360858569162082,0.21379929348070353,0.32998174531010205,0.31847400459774394,0.19254749578060512,0.028671868917928015,0.406900851746034,0.13405911250128827,0.12819321732769887,0.19202752919488258,0.03947328482528164,0.516359404657384,0.5320845350739168,0.39771875776604737,0.07683756830895272,0.039054985809777135,0.5609388716098707,0.3467018680262477,0.10650738298459377,-0.10514300717617502,-0.004880357869666669,-0.016828840063342138,0.24463343894948886,0.15437496808804968,0.4338583197210641,0.08059542408736864,0.15684818468007358,0.24127682662313807,0.49204679431197723,0.5337489092003306,0.1264536480319923,0.19270245901298133,0.2784875377393401,0.4233783886479709,0.5545264200017667,0.41301071668239736,0.3159780773448464,0.44760099404433085,0.11732193171646342,0.13350207293747202,0.09623170891234312,-0.0522057537907862,-0.0555503609577762,0.06317492792721338,0.24768009445401967,-0.0655662934687339,0.2003369535818842,0.0721568938790547,0.32476147800758903,0.3489012913718141,0.27213436673096125,0.18903675881211884,0.3498120171156784,0.42338695666490583,0.17862050730756335,0.29551389607781253,0.25309389594501597,0.12122654744923468,0.08170465978236792,0.022403372328470235,0.16627481979528072,0.22804741826459476,0.05132360852634952,0.2770186860991428,0.0668607903018207,0.3796604909658679,0.2052587243285545,0.31096354174003793,0.24935731616219828,0.011918161041529459,0.45413932286686337,0.42931411165065114,0.323728236340696,0.2409421338169463,0.1425075679794836,0.0680095650587767,0.25689465654623395,0.2281159276670816,0.18607225474499728,0.04145998288927546,-0.06175641227039287,0.516913066302605,0.38849224692082845,0.3913718190754841,0.002526792413166932,0.02348578568295055,0.5687231332224602,0.3279236914633042,0.12669844110072445,0.031175166480690863,-0.002618820729620514,0.23053388627060148,0.01704504147015553,0.13355303705993543,0.18571339116585828,-0.12188763307983166,0.43293975149069,0.588513754159659,0.2384209669470619,-0.004744476658588031,-0.006630165816911791,0.49255400939038163,0.22320028523019475,0.12197429188786114,0.24066754821299488,0.025571307915618548,-0.006387287020163171,-0.1728058008424858,0.11249603025928319,0.39470369396737487,0.1617528283254411,0.04673993080331511,-0.20069471752751047,-0.09832601058952736,0.14433822656095827,0.14379122578830428,0.14610520645655461,0.17711126155495305,0.057421074538502655,0.04743266151652503,0.18682541356776944,-0.02736069247319851,-0.011193266690384392,0.1569861282771168,0.0652627559837251,-0.15386110481480061,-0.07160713572281875,-0.13231802478046395,0.16231532751254718,0.16849345911421273,0.12551139569384656,0.0446776122957517,0.00023464315764157347,-0.0021808462525632804,0.0653907294233068,-0.23482972658944273,0.10490366233520367,0.2651022463556193,0.08519542650185113,-0.033613024020841605,0.254016032850711,0.08142836667966194,0.13375671524708888,-0.12656022550334528,-0.030020212782780182,-0.011475041979543457,0.2176575750601604,0.5508328292600566,0.36629511222682043,0.022037814463962427,-0.09264893266490797,0.5035526703625639,0.1492845059020555,0.017477756676269357,0.0815187446794923,0.21396548683277897,-0.09839153255086426,-0.025762763828155004,-0.10644191974515299,-0.2245383486314203,0.16076451122118915,-0.008733662800609748,0.0521220372539716,0.2594373512709973,-0.13503889611640796,0.11089019605874843,0.09704406835356255,-0.08150160476153194,-0.07196707884654062,-0.0251492909084713,0.18259717433004774,0.25368560500578485,0.2668900913572134,-0.00798282153277896,-0.07479711868396403,-0.30153577671707016,-0.16547555835230268,-0.18240549683621246,0.09263705104577831,0.17936885093634455,-0.07631103221588996,0.010320653486607751,0.4547476123238171,-0.09171663191970274,-0.06741999447532791,0.4575913444917571,0.029958387557871717,0.053567865217864656,0.5455988750157308,-0.007838066404657108,-0.05971805540480074,0.49957030935078245,0.06800826156218037,-0.03579300481608429,-0.10536056556644767,-0.25045510532031834,,,,,,,,,,,,,
16:20,0.2062744176338266,0.22147448679152743,-0.1775158585313331,-0.18947268640255588,-0.10306810763295601,0.1819705044584601,0.22312243618428826,-0.2070973694032779,-0.2532227264918544,0.4928891684512067,0.42038715951284017,0.2993554634265172,-0.25351967306102946,-0.3227424695052937,-0.3003168031930754,0.4265026131453238,0.24115978664530452,-0.19519488079784647,0.2507057336605721,0.21414799156761216,0.2414404122824354,0.4550462416072748,0.18163966431484255,0.43333892193384327,-0.008173398605391425,-0.17605978077913426,0.3545977487913302,0.2887087837419746,-0.04904433677955785,0.10838532230257124,-0.11361801395153304,0.7313999573338608,0.5267500157872225,0.2802836056594459,-0.14317982690242276,-0.0777461833378937,0.22905102688034953,-0.17145859779521125,-0.17239948666677665,0.3569113705131685,0.4348401645653658,0.4828591187383007,0.291795600982216,0.054966871081273364,0.3263195935625013,0.24877690625974241,-0.012953647398731496,0.1196287168935841,0.02897475245408594,0.3837982387217988,0.24161430226236633,0.22963596371767978,0.008591665594279188,0.0027862808420562393,-0.0008995480295807321,-0.08674806262627008,-0.18744425220927172,-0.04279666225006342,0.03374347809716856,0.4193314315077317,0.3159758850972852,-0.11187057869110731,-0.03457335021817937,0.49285687637014525,0.4825940758229428,0.3772784826097039,-0.16412981978613495,-0.0745883667891878,-0.15775486267537187,0.3491420804404813,0.23355664706012835,-0.28367402113948464,0.22630975416469237,0.11604119875426742,-0.17720487477605015,0.5468127439315837,0.3487943173825305,-0.1709414493214466,-0.16883459082328864,0.59226104755356,0.46046740647797885,0.3718393373133419,-0.270903318178196,-0.3010331445790482,-0.2932491361015402,0.5522878744046966,0.2793280125899961,-0.3098441400310848,0.4320591249399846,0.4466084876742374,0.6111637618350712,0.3683237803142445,-0.1410772031160724,-0.22076982275199006,0.6663100478660867,0.6123782509293437,0.42122764774514404,-0.23734652455670466,-0.3414649590192708,-0.35459172032502423,0.5660618703860367,0.41010656772937093,-0.29752596103759155,0.5049648831779331,0.4546986029628992,-0.14291496179181262,0.43580149667208257,0.41505201319691065,0.03174617636150196,0.03445522128793617,0.10914277329751836,0.5327939212077304,0.3195495876242661,0.2903763563583869,-0.014564688204317222,-0.11553589514219659,0.16037725665867594,-0.20120195164552068,-0.2935294113072158,0.3410802969993156,0.2262001225232334,-0.20319102356401067,-0.13774095898203662,-0.009650679700978613,0.22432885252378662,0.25049890129706126,0.2232605003173821,-0.06316359861989068,-0.0332022455114551,-0.15065149876457581,-0.27754065983295356,-0.2787793153952018,-0.20919235266700065,0.34930448270890496,0.3618889230215944,0.38669458437753007,0.1030926708949591,-0.20192375490913367,-0.19496788653343813,0.5693114622508281,0.31978850678764636,-0.24888979740581643,0.5921860773156559,0.4868669277623673,0.5842815339395414,0.3609724768493004,0.4678639816067764,-0.08232711965683248,-0.19976035973210768,-0.03817045633960534,0.6497973495362159,0.4125994626261323,-0.19839543431684975,0.8002135305646024,0.5999579202177917,0.03488028128798405,-0.11199290169625307,0.7713929451726032,0.7778772206507991,0.581339419123222,0.2041510573531667,-0.08708206529283471,0.4625898194735301,-0.09192933826619343,-0.17454827775038909,0.09153281751023369,0.7702475874907854,0.6017722377906521,0.4940957544650771,-0.018508648825243612,0.020788018629631717,0.5560420188257578,-0.0695972981273435,-0.11465163399021916,0.5683569505913265,0.5685839187010747,0.37877507593484444,0.14422024849455609,-0.03314424253159056,0.4353398602491927,-0.08314583816807716,-0.025322798224248044,-0.04881773225791457,-0.19102365443559796,0.7155263767126764,0.31137982149178983,-0.24507265167870412,0.7640828487040469,0.5159083856428792,-0.0001236968855667039,0.7197075774474818,0.43881345274433453,-0.0247720448546121,0.9512599278512013,0.7710174867110374,0.701079478313395,0.3582845475507497,0.05842515934186556,,,,,,,,,,,,
16:21,0.3035999465887536,0.19744119892468157,-0.25339426635437606,-0.11393269118224823,-0.06604110036719303,0.206619005168116,0.17272886787480554,-0.16908891040492535,-0.18954859062294363,0.551542552358094,0.5736784997209315,0.38191326721821434,-0.29348504780352275,-0.32218283312318646,-0.3676466722371565,0.5799554569869035,0.4464337995317217,-0.27049431861759826,0.16222836032132842,0.31017497953219586,0.36315428333083866,0.4283831964310727,0.17765571796028023,0.43975327887731724,0.013781096430899812,-0.1879932527244671,0.4506693301490052,0.4156136433105563,0.05200077350003435,0.12891739020794832,-0.0482428395863616,0.6798092615171514,0.6165786210455838,0.5161988757457414,-0.02534119405755357,-0.004214480075737052,0.32218290647263614,-0.07401480424290537,-0.12280367864664266,0.26684988742160726,0.39453796227949745,0.47403989759215953,0.2543560451878814,0.025387285530842404,0.3855019540811497,0.2570912815306167,-0.020340974142120372,0.055137621446744646,0.01485320227788554,0.3187634257606703,0.26643333585284235,0.27728836716253313,0.17145337655310777,0.142444581901179,0.08085563828602998,0.0344321752748355,-0.07644060569057129,-0.1646645658907546,0.019703186998292394,0.34813911858746543,0.18948023395324826,-0.07495000448977054,-0.12722896049428203,0.49050619364320613,0.5908117519548156,0.3778767146685475,-0.2507824698727812,-0.19085199868750807,-0.2647254321954316,0.4189282715873171,0.4485254796324194,-0.37658385611939293,0.11998485295469075,0.2066363041478965,0.0003085998520591091,0.5325693726339786,0.30033332201510565,-0.1444753639958972,-0.12391389298569362,0.6197072472050658,0.6637661582994006,0.5218396344135297,-0.327896946508087,-0.3374033216692677,-0.34236187971654186,0.7704314418105802,0.5141378843152399,-0.3409304840144155,0.3418797911152224,0.5670216991972816,0.6642514809558001,0.2955435223647319,-0.060890210712460965,0.06831584436201883,0.6501929762441255,0.677513819836144,0.5687511876310067,-0.25155570776523656,-0.32352912474540196,-0.2091227834266754,0.7233590550136975,0.5719018298268087,-0.30210035845176497,0.37223364685005084,0.5162118507847798,-0.14665178892311057,0.4762442871501665,0.5313556927454334,0.01873026650980625,0.12643282095449976,0.06422038202328122,0.44376077321033996,0.5860693598711469,0.5673574831502283,0.1466667385974147,-0.10271296956190923,0.2307455174253217,-0.17191496838893067,-0.2435502331426983,0.37451009113417916,0.23404615512006938,-0.23666857724646576,-0.14415656820760572,0.06676648504126703,0.1462468304008737,0.3374592954510303,0.3193781596852636,-0.02932811041438001,-0.03123219967852478,-0.1298314621844967,-0.25230790852701984,-0.2624565441100163,-0.2016993946696133,0.40941291304866684,0.4868428794153575,0.4020063352113404,0.14425514397206507,-0.2091126499186679,-0.25890863610210124,0.6801884640220552,0.49909362033832905,-0.29196217031115035,0.47863899600148,0.5666956208700309,0.6154212323599481,0.5247818210063309,0.6037446112340907,-0.1376740316949765,-0.2963598948182709,-0.17683751674538462,0.7931551347576805,0.6383852676902191,-0.2603868134212806,0.6739095895603204,0.7453774086850842,0.07473923813467674,-0.09757801015686333,0.6927445710374249,0.7669819918422993,0.7043565293114765,0.3406756484656354,-0.09606390214574458,0.4906283246018794,-0.033873688512790955,-0.12825169151819737,0.053762660778757014,0.7994266345585482,0.6827998774726018,0.6530092907263141,0.024498493434196793,0.024265595066359,0.5690814543315834,-0.06413059391921677,-0.026410120841538744,0.6020356380198809,0.6430115124388105,0.5249421975895993,0.2240276421787205,-0.06374999552581115,0.4353801514357623,-0.06877524577805305,0.02649922415906417,-0.13082324635104947,-0.2633097381703255,0.8739582223397216,0.5595763773738807,-0.27272953904884245,0.6447488397713692,0.6785739086114447,-0.17874845908637366,0.8579300550053477,0.656518966937232,-0.03501092221350726,0.8295505963539224,0.9546888960337593,0.874654590028133,0.5730233310986746,-0.12521964024934684,0.835288414458057,,,,,,,,,,,
17:18,0.1595079884819573,0.007748341032666359,0.17785170141387507,0.18558899460720896,-0.017458165027674152,-0.05691304269283518,-0.13805412423777128,0.19416493711326102,0.05472382586015769,0.12268873827226898,0.1760580211384662,0.10405447935364287,-0.08176805484012001,-0.018877851435904574,0.02926080118803934,0.022401591638182505,0.17993704466725502,-0.07147515852128408,0.07308012215825048,-0.048554173140955524,0.4473035753365722,0.2118632825432876,-0.0010988455443843215,0.09045212626428897,0.06794110209569659,-0.11310648400618245,0.3659441211655808,0.18050767034878257,0.21390022227552433,0.0838453166436739,0.06574587693115545,0.2126137768089573,0.1433972134833033,0.10164511645567255,0.08554938335510127,0.15789254635091332,-0.03363011611392594,0.11428900095350075,0.04674158585966726,0.10018147637465251,0.23709939090037874,0.20537133944534222,0.28458527287566915,0.009221798403522398,0.4184437899767125,0.0695112868137764,0.2116810521602356,-0.07026249647047272,0.014474911755822077,0.24686332879073467,0.10576905814581042,0.17342138693380096,0.40870964444592545,0.5656538421140538,0.1101325921868608,0.20054143740763733,0.09181421313760306,0.029916523610922268,-0.049962978539346926,0.15209724668933824,0.005527421388747224,0.21081562167315873,0.0564052436453414,0.43866299899230804,0.13865595452972926,0.15447756716527158,0.14064245006517714,-0.1063711026487083,-0.19340227128487944,0.03251383345993087,0.3339213723735187,-0.12213075092813395,0.09057227175802479,-0.03341566081963402,0.00817761391946686,0.030352711254101643,-0.009097283843091214,0.42800570846805264,0.35706775627088366,0.13222125567428178,0.2397247961907949,0.20352988094736432,-0.10380006315975648,0.05662452966747994,0.1159970986323586,0.13849481879619854,0.36608760077969466,-0.06428261862032084,0.11315752084793797,0.15172523872553126,0.14696147882432184,0.004252515022722632,0.1519640048563341,0.2926926139641005,0.05497308042366678,0.041697680432243,0.197940783098338,-0.08014859657420506,-0.08098798567943814,0.04176375122197683,0.05424995429613675,0.22782404265500303,-0.09943307556882738,0.09880751826204387,-0.03669747627966709,-0.012834116853280352,0.28108017410098457,0.40827958859850216,0.3375891367065045,0.25073685027296616,0.18040320278487426,0.06413880460004609,0.08993832623878102,0.10688589402056622,0.5121826492208633,0.14255019413399758,-0.055704188168702005,0.12638254857504952,0.10452824974660661,0.08119891996962242,0.1557312986366719,0.08778061138866268,0.024456405874017925,0.18014395241513712,0.04836478318319027,0.12397631313073941,0.1107552579378444,0.17797784540495928,0.11780762348412005,-0.11534845317943032,0.17449394863813236,0.08805072324046082,0.1808343918311236,0.2110719283024001,0.10190779070330915,-0.038352938489960096,0.6717955322579924,0.059072689504349275,0.1001349067954425,-0.10328662557257055,0.2769958225771114,0.03658312719276664,0.10856798078065263,-0.013713399071099197,0.37537528662192554,-0.1659923493953384,0.09072043935760932,0.2388091070779515,-0.024510466113724795,0.016067646100184154,-0.18897778212414698,0.3752047562442933,-0.16451731871604044,-0.05408340556746709,0.07968149215870886,0.41866924380167075,0.003836187520657874,0.0725097126409905,-0.021967334584758125,0.1477703439707482,0.6284073187415853,0.3436174491176941,0.07075101764372109,0.10670263216067308,0.1917066365434959,0.15302036891568843,-0.24522845820024652,-0.2169122787468327,-0.015210222358597427,0.2153784387283313,0.44700356928252893,-0.13459364379565356,0.0022378257094521014,0.1531912897079021,0.10177078581613488,0.10748772108050264,0.23049905590051548,0.4661105991831408,0.39382355562220844,0.015244608719677788,0.2323476140366819,0.23572833581228353,0.2420119256832474,-0.08539408032145525,-0.07195814058053189,0.11001028772126856,-0.011386247977940097,-0.12742388561955867,-0.10259657474129909,-0.14294575292009978,-0.19013759394260168,0.18993227253467232,0.016625791082899924,-0.0341180516445741,0.08895882883398686,-0.08028975281573955,0.15289834735546243,-0.1944785562366169,-0.00353993872722281,0.09955049229274456,,,,,,,,,,
17:19,-0.00048300886589954775,0.06257829393646676,-0.34491955246059103,-0.13727084914020118,0.09282214671949052,0.13852392856722165,0.011721242940572375,-0.0885410140353668,-0.13905998952272777,0.19127375930048854,0.359482197684193,0.18947763879370463,-0.1701543076518804,-0.14668037248592788,-0.1820167547828294,0.24213124865383287,0.2983430733215006,-0.1518701154140989,-0.1456529224316528,0.08239740124369789,0.25314075793418583,0.033684612130373666,-0.013939955025618487,0.18975353095024292,-0.17301168573215922,-0.06525500622855372,0.16125656241334424,0.2479985529582448,-0.15991392106240607,0.14695020364619346,-0.08163071430699725,0.387306968779363,0.517366962117678,0.3330040997872216,-0.1035976881423071,-0.07402040787924485,0.33323909537033,-0.24067006709307026,-0.264348510122484,0.09497347284536833,0.1441784129755542,0.21175032110609143,0.15640396013825325,0.00030538420380538193,0.16958996076253396,0.1261722920384684,-0.15176332606522724,0.30509140022826003,-0.06307962427108334,0.14385156919721384,0.1394832467708055,0.041395039998880584,0.10621934731601772,0.15162587647088338,0.11264359453844375,-0.09519032812687556,-0.17717053221430662,-0.2129285576065693,-0.03404009517004987,0.07620556600458467,0.06970408651696472,-0.01952491336303996,-0.22463932690136168,0.11360494392509851,0.45507285600145286,0.17763478853869052,-0.2336972977794202,-0.23951953658607722,-0.20937525496232323,0.19324233201002566,0.2531595506585282,-0.3593568484786445,-0.12592858421761083,0.02908059481328287,0.17388752298289065,0.25890131562497276,0.1454909049635148,-0.21759855670613681,-0.12765403865797856,0.34404547124051416,0.5376534235365218,0.2536693982495744,-0.18546568794456506,-0.24063672982019788,-0.26120082110257353,0.4016673347244661,0.31409960466044284,-0.2593153121034756,-0.05181781061154423,0.15299758172039166,0.39240523312464043,0.07953831530806466,-0.09039341593450065,0.007758167317591623,0.33936509266042497,0.5028781176364442,0.31278498634849444,-0.17085947713508498,-0.12315918688024491,-0.1367956484478288,0.37209300440417453,0.3941016274078953,-0.2572102861363123,-0.04787097553591867,0.1795325360518295,-0.06961099804377684,0.26852098851362693,0.3124155569246376,-0.3396294527955565,-0.2043353728157497,-0.130177984754766,0.21565016894556865,0.5673828199578891,0.3550369358421182,-0.2447052194624592,-0.23119531820919406,0.36262745900124327,-0.37873948698477106,-0.39916698066143946,0.34999557518432184,0.150837087624517,-0.19333145109347966,-0.16460698541907218,0.055830097188978675,0.09220692369869268,0.2545979210194113,0.14276994482752658,-0.11904814791906988,-0.16057477653527666,0.04914637244287149,-0.35438420839207724,-0.39949495862711326,-0.2149444725979363,0.314088037060697,0.43633123523588985,0.35787662901086936,-0.15290866302651845,-0.20378062122610915,-0.2549087729873037,0.5232214334894119,0.4078854496673869,-0.35829164102995575,0.2596669331890467,0.4083417035507038,0.3568180101319641,0.6016837694202589,0.4529693356774465,-0.23403262170736722,-0.1345447366759451,-0.10065576808526824,0.7211047819699041,0.5653006940020607,-0.2241572744162125,0.45433491695389483,0.45031686565163176,-0.2347828780275022,-0.10686204518513899,0.49224007337663306,0.7859212803002283,0.5190356379285439,0.07792916669010404,-0.21818726720939857,0.6080733694657798,-0.23950192033398462,-0.25033737438557785,-0.2704488462227246,0.7801836680346942,0.862444795636847,0.5611573579770619,-0.15260415515682502,-0.30080001377790827,0.8305370045619566,-0.21698643498091216,-0.248391937317588,0.5069306206364247,0.5288952838442696,0.2652421036675998,-0.11342709996965146,-0.17459078587910604,0.45159440434546766,-0.2495387020980443,-0.22906422707483295,-0.34573312349338675,-0.15482283115769768,0.7367164683464851,0.5829473076828842,-0.18014897317243922,0.46024696474394794,0.527124730741376,0.0625028071223526,0.8733683109222414,0.7527052535853465,0.026648914218838915,0.6731817708653735,0.7413368784151119,0.7670508706928943,0.6256231823102163,0.057302706544843734,0.553233440702144,0.7109666763582221,-0.17932461753587645,,,,,,,,,
17:20,0.1752020198548721,0.0664775651735824,0.037461672017309454,0.13489252313122102,0.007606551559229602,-0.013545426585707883,0.06260579070826973,0.37629991860908335,0.07130727919713005,0.17913733588329425,0.38884211450841755,0.3588403432388644,0.12925420528787818,0.11559208561258318,-0.114291736162385,0.15467968167167337,-0.07931952451647384,0.07798914073066497,0.12827050235789084,0.15285789225839486,0.8599873051518002,0.19284605104266983,0.11526235518460567,0.25009811682673405,-0.011530899290424574,0.24014881479832792,0.5590343415248941,0.5419346256723344,0.04930492871963455,0.16190030678721906,0.21012683833181464,0.3460268001823764,0.5192330449367194,0.45851144483296924,0.2777724619710021,0.15336192058027684,0.3358122250312661,0.02981038285826077,0.13885694920707747,0.004212016534979331,0.21017015550622037,0.32605301303515993,0.5498956682025993,0.4029269132169073,0.6073876154251944,0.19407029869634476,0.04407991442677763,0.055694954786765914,0.33075121551039893,0.23220391933660328,0.05083681504384469,0.15419361842826945,0.6979306666058119,0.502897707716314,0.3402941778242077,0.12083133876727263,0.11798823890796897,0.036662277088187936,0.018532837223605558,0.07345750210432535,0.06641472634956339,0.26436919527106595,-0.014694733278553609,0.22867262351536266,0.3775371786307708,0.3705642395946224,-0.0029067351711405446,-0.11762707533646115,-0.02549865108267276,0.07064673415142075,0.05330178169935218,-0.020403079386052507,0.24480199265779756,0.2733905104586332,-0.005578377545689671,0.0975418033213155,0.2106270048796916,0.5167823304773623,0.13480011188981877,0.21053998035387558,0.43135803101679604,0.422740023154086,0.14893209329755708,0.033229356399841245,-0.12220482548849831,0.24263003436868902,0.05181932016574919,0.0645608362958641,0.13037671982116886,0.13316121841438414,0.39114904585901145,0.25244479680409976,0.4547188636960048,0.18664930770357513,0.23560998845730763,0.24436071719870692,0.5212083664199161,0.14502253889785308,0.14425751781405527,-0.13734729115269959,0.16350521927592027,0.08099303494087087,0.059130249995376125,0.08950775271631131,0.0929153310187854,0.05009973614141687,0.5911912210944712,0.4818093508738961,0.06164241372172826,0.19381564414563335,0.293794488371634,0.10534618406901376,0.24511170726533815,0.3839482418335912,0.46935910912966167,0.054033721456775735,0.21866121375821856,0.00572535603241349,0.07451265696900208,0.32060521261628855,0.4677997376697628,0.1477422722445184,0.06234995411455724,0.42190357952065316,0.22941781975752135,0.3472006379839415,0.24937011230922979,0.26721378076820773,0.13628089160086548,0.17592329410962537,0.13527115972656614,-0.04201893579923145,0.05036413941998746,0.33447827303632793,0.3188932404647534,0.13402546721569036,0.4719322666515448,0.03398096740558441,0.21850352922052607,-0.010383943228601528,0.012343845618417875,0.11728534285215185,0.3040253290108484,0.3411902163411027,0.3383660457003263,0.035351209981876366,0.40054832251140304,0.1538521586250181,0.05281247813108351,0.03390940325333791,0.01796421141452309,0.1642419430811532,0.0058740465361754824,0.22741767200793386,0.29720414528377403,0.16966355454000223,0.4182019338290996,0.0028705819073959874,0.19650639873992737,0.1683397738975065,0.8607556842994056,0.21028393734013004,0.020304890115220218,0.05061447921185704,0.2220671398967778,0.18970063759394565,0.056147824245542634,0.017403628842208276,0.016064488636498293,0.20407501451330817,0.0477321253250123,0.04314320243119354,0.08175919759909775,0.08567867274104553,0.3780141528006551,0.16418366366762344,0.41934471578390886,0.6662843752474095,-0.05635550511940975,0.33619401310410385,0.34664849915394413,0.440402551091933,-0.0279284919743393,0.1719752373837116,0.19198285440497823,0.06422148528180457,-0.02008333456078575,0.12788504176966967,0.3490972751915293,0.08489702198266633,0.07763476265874586,0.08539164687004913,0.02801991773997172,0.23074898403925126,0.37133240416676166,0.14505182272315648,0.011584068092646395,0.013665163575989915,0.1510994675243544,0.309244851559257,0.4454745730414266,0.18608150784301078,,,,,,,,
17:21,0.36799236337013486,0.07924077317065459,0.04899961772160081,0.30860665434202067,0.027160020338154144,-0.02963653804979419,0.028109519914529292,0.3710226204871626,0.19932238492754173,0.21743731998761123,0.428039934634306,0.3322874411955094,-0.023443602167250683,0.10301491442507041,-0.018034689611673208,0.13700936132571115,-0.09471057688953416,-0.08020521141992172,0.019884306442596585,0.08231717673156173,0.8885207232060378,0.27077101147583255,0.12830493950092103,0.28802961555852885,0.15331049636993518,0.01740542424969912,0.691346867029493,0.6187183692378436,0.3211769872075122,0.1932938166976645,0.20954932122498068,0.40381449765411914,0.5024510460399835,0.4575577152933329,0.2691604704736986,0.13747201819093877,0.2715961228544658,0.15820853109154182,0.11825180724358651,0.01755649604423506,0.23172097875034653,0.3414186389682534,0.5929084667363044,0.3202637788360667,0.6747025048024958,0.20730182543603642,0.17077277447635092,0.07813843783544798,0.29942372171279374,0.23932344630003577,-0.002561888334805405,0.21983191822979684,0.6887245376283082,0.5192358677727008,0.29618397338248054,0.1525231693219106,0.11077464797192535,-0.06376379558997221,-0.039367551175209056,0.10787696580913277,0.08422359042522477,0.29004587617331173,-0.0015556476505325062,0.3040005843284453,0.40437195975486157,0.3912325683574742,0.024629333462128356,-0.08040120041155852,-0.11002566688859168,0.06424652576118242,0.09373842965502402,-0.08765303664945798,0.20874460721021365,0.18123799956223158,0.013888869090743002,0.09045458041981089,0.18652723616464634,0.5059118973087886,0.21881814152613663,0.2512669883747572,0.4505126075469415,0.4364005044247252,-0.08086154231059425,-0.04408273029726482,-0.05569301297218137,0.2611465623676143,0.12651551617704454,-0.05770999095009132,0.14787737216735086,0.21426703840805875,0.36997298664870576,0.22988698160594004,0.3112163287970775,0.2964557760178766,0.2527463475817462,0.25995236791556126,0.5052023590030157,-0.06716091259551865,-0.019007837948196504,-0.06964352629437628,0.16943968203265297,0.10348156627345209,-0.07333546480498426,0.11879597368520657,0.13876795121300356,-0.01279146804553384,0.6229386964351907,0.5261503690382654,0.2011119073083683,0.3853739995200424,0.18214227341942993,0.12523618180746438,0.20639604229365427,0.3538152446375737,0.5120963824609442,-0.0512479668561429,0.17173249395079163,0.0272797827753416,0.06278991302950006,0.32967370416294967,0.46407693140479367,-0.00920628682618366,0.07215600694370772,0.4444977768657415,0.2169088261862667,0.3415322519853317,0.25261281134456404,0.2913019417876398,0.14366276335453526,0.12731742214752587,0.07109417062381804,0.02574010079384814,0.06817777783142683,0.3574482127620114,0.3324883101246384,0.12480802392229014,0.5400515111600723,0.07868745851408725,0.11950764041534467,-0.04311239946670401,0.04488058014067385,0.0880286864625595,0.2691980255262792,0.2528814964286394,0.3790035966426145,0.036363847048428766,0.395179642548975,0.03452153946410411,-0.007496066014981449,0.06274000030598376,-0.012291610899716558,0.19102785179244516,-0.06715698261982717,0.19656594913610828,0.33366335209088943,0.32869700277749103,0.27077491755238775,0.05862312704692427,0.19793613979382424,0.1491645492457194,0.8790079408670937,0.048874778547243605,0.05538674162716998,0.06011360657047848,0.14345866078855568,0.3004399200475053,0.013755922378894676,-0.006447642486282602,0.023330463262563605,0.3819144458219574,0.15867310374642477,0.0204939403406843,0.0021571087326329595,0.27386245218679145,0.33749010500646015,0.1764597505173312,0.4243581998008051,0.7377876120873625,-0.037421597558281235,0.2781885585539451,0.19367246478644876,0.4463532948566406,0.04483681878219563,-0.05682968213903273,0.10846214083070613,0.018844330948858,-0.03400449336318611,0.07775483920215003,0.24825564751874352,0.0032766262483444443,0.02798792256094061,0.10118471244125779,0.04868339169562813,0.23195589445388456,0.44335382315684346,0.12505423117332462,0.037503443400690346,-0.08118793093487901,0.16959075908679663,0.3442348566101777,0.551868056835472,0.12042581497319194,0.9094659170521263,,,,,,,
18:19,0.02628372452287923,0.06052142862224427,-0.28424209559788766,0.003964582525518481,0.10047865455027613,0.1369364516582662,-0.0637420006746014,-0.07014093681219763,0.03839685837504676,0.05701560065381728,0.22001741180320927,0.09582746843598022,-0.12419431066686529,0.0007313161327782056,-0.08142266083386107,0.12377808257204834,0.3754015503385122,-0.05455225813470055,-0.15749886963795473,0.044656078497490356,0.04327780139428969,-0.047268483719421626,-0.04395888490877422,0.08168132300997785,-0.10093432841643594,-0.02061389589144648,0.053358687244843155,0.1016586584584847,-0.03451598170260656,0.1616936031234534,0.011599078822943035,0.05495873223219468,0.31317962496797036,0.29283660560705316,0.006014683277131536,0.06079965398351774,0.32686290376934357,0.012871587652157804,-0.08084396477699089,0.16103693707459657,0.047301044748388095,0.10137203379155613,-0.08619039111021043,-0.18170301424631602,0.12040260940053882,0.10778132559364595,-0.16072830179632588,0.27409151139326726,-0.1713506880232064,0.13764436634549695,0.20704117936016586,0.12055079370693694,0.16830096021742133,0.26652926800835347,0.2522793463406903,0.13258746865303198,0.0403489438755595,-0.20941022397420528,-0.10502265397704272,0.0665525699935681,0.04587427730422965,-0.023963521841295354,-0.1429406121919597,-0.011617244887520743,0.3406218210363863,0.05349287237942574,-0.1867562035809523,-0.18399748189798812,-0.2058979177316003,0.1558013134629295,0.3517163547704067,-0.22365966539355825,-0.2240988003441922,-0.009583897478069313,0.28014755186645507,0.1111870593112357,-0.037075210738206625,-0.15545664825832872,0.0684441824471534,0.24118425437398333,0.4110582181092552,0.131793626692681,-0.07795315735552996,0.02224876303445881,0.06616195801639019,0.26116727209951746,0.4535116228729717,-0.0286576673901634,-0.1202737893646907,0.15215170255316018,0.17438634550211737,-0.1162780030231032,-0.04946660307256241,0.2133961285104789,0.16716647462547418,0.373146933297792,0.14801267248568062,-0.08200444257829606,0.07379402592508785,0.20123145036727785,0.25221432797647386,0.4363134524821552,-0.0057240711363149,-0.1021901502201343,0.1540273566840002,-0.00880454030919871,0.15629830250772475,0.17005823398865333,-0.27015097276886474,-0.14510918260265196,-0.10578616697555317,0.18029315301474155,0.5577848321348383,0.31144459588802864,-0.124266485172091,-0.13647407797435254,0.4067087326808126,-0.05251010748295723,-0.06597065027397271,0.3162457311533464,-0.04426604424865241,-0.100409056754125,-0.13094948291243486,0.03378049108091378,0.12041213790796053,0.19395394870375005,0.09893278540188839,-0.057116257657994406,-0.20289775113739877,0.16625639805797743,-0.028368717506716344,-0.06391483122608517,-0.15564363657798455,0.18230732258044222,0.3223358588951847,0.2894387628074774,-0.2475437847406567,-0.11078202682176004,-0.25143921318595613,0.3609312487129526,0.4847845417080737,-0.2819674314310214,-0.07882612902511002,0.19154073679981834,0.09627330166873539,0.4411524173694707,0.2583777050371183,-0.24641553837251148,-0.11283850759403061,-0.14750791527537713,0.47987745399149423,0.6231482381818156,-0.13049946283478533,0.056565611942520036,0.2008980159435625,-0.24353948418358334,-0.15580396944295583,0.1726113626169063,0.43268179904533727,0.32208947465791266,-0.09635430227093104,-0.13690075144072664,0.424881953615002,-0.166516295032605,-0.12187218452518661,-0.3686743894095607,0.4989941825008932,0.6247179819254268,0.42449237682746,-0.19145006619019767,-0.07717470602343056,0.667391249448179,-0.08330152456673517,-0.07892053821773291,0.2978422481175655,0.3301645596216475,0.1017191523228741,-0.24782831875302916,-0.1270979095023136,0.34524183976787187,-0.16009724307232379,-0.24004162719022162,-0.3206041979943076,-0.15467832284185853,0.42757452523802314,0.6919972822101838,-0.09559041202723625,0.03153613261844714,0.2547481169481838,-0.02363524549299825,0.6139601234247055,0.8005208447483437,0.03530099651891648,0.23530024675986294,0.41526556741650683,0.5313405367405218,0.7505926598848041,0.10602213959252473,0.12026696125950698,0.38353281373628817,0.023522491812968924,0.7465215125248607,0.021249646418493046,-0.013367842354740308,,,,,,
18:20,0.008097058008693677,-0.1048604847273093,0.006626555080062691,-0.12836149795413795,-0.11716360612151568,-0.14265544462747995,-0.17572409037243164,-0.035074878234378236,-0.20369507293038297,-0.18180853591417548,-0.18010915265190697,-0.1620772180746424,0.28705935361790974,0.15456427646612633,-0.1101449935191089,-0.0959432383549369,-0.15272992593702814,0.5796195944851583,0.3949880102423431,0.20087223147064684,-0.07658455336889061,-0.15603804143889602,-0.15203053555431909,-0.0561422818832775,-0.1357054143240416,0.3193916625672788,-0.13206247579239228,-0.14912846665985646,0.013457172266130095,0.022932600483157803,0.3063939170532349,-0.16484563855697731,-0.04077608850094423,0.10909972769390948,0.40875184562292627,0.39866590926090567,0.36456661968855614,0.5262111923462974,0.5660927386703142,-0.05915323195871672,-0.0766213771025507,-0.07619611498825976,-0.14533896546257646,0.026174412770724527,-0.09105907072764555,-0.01896615145539762,-0.047555352975097935,-0.04598437422626802,0.06862467560532423,0.04941781790630216,0.09261458157710696,0.017113767919789188,0.382905603326401,0.22783660062733269,0.37064304901362344,0.5619723719686577,0.5307297166596818,0.14174957598478488,-0.00787477656459073,-0.09895442403914406,-0.1004519747650067,-0.048367455572303,0.2620819849490324,-0.14301574803972592,-0.15378707864938196,-0.13170809623605034,0.14274386942326603,0.08226257746952356,0.16214171210835482,-0.045065683552121295,-0.10163966668508344,0.44800822978473714,0.3007223776662027,0.2914106029046441,-0.10317453758809683,-0.12150918434563991,-0.15534655668546724,-0.008939891572942048,-0.08931642459235953,-0.19274529438955654,-0.18111379620658563,-0.10928286373379403,0.3346825040342411,0.16949742132832202,0.00800646548196524,-0.12155150921064363,-0.08975841774888364,0.5513910507206344,0.2780311383554378,0.21761409584244798,-0.13086744660184127,-0.16348989615979884,0.16317362214950126,-0.10875233330672136,-0.16912068755138127,-0.13345640397700523,-0.0867676702569806,0.3888367381746609,0.42549045621796355,0.20556655766893836,-0.06373641662190413,-0.12797476690843795,0.6329281104162752,0.29121282819459327,0.18696184233806143,0.01340158980409249,-0.1310698220487357,-0.15457869016681558,-0.045354505291737915,0.11969744465304769,0.28136400567105674,-0.10458939035165679,-0.05798677224870988,-0.052971540115589806,0.3155434026778934,0.47476916570461536,0.24733964073836445,0.7283332951728536,0.6108782735378494,-0.15807157633624333,-0.19300999043537803,0.18552587045207417,-0.08251640216286635,-0.10336818416270883,-0.13139201596713054,-0.173771014218665,-0.1947939583335543,-0.03365943687830012,-0.06808238589284758,0.14965693707760622,0.6919507628327852,0.4633170261947905,-0.0716889347844041,-0.18919507145633854,-0.18004797910189915,-0.1251743290270296,-0.012664784907614086,-0.05857277058587537,0.13456047518716777,-0.12414061924624957,-0.11411252166278422,0.3378186164651641,0.046487137994591435,0.2904503651078187,-0.1937945732199191,-0.20010845055383775,-0.13326996348965445,0.20647084920687517,0.23235240464217075,0.046793447027442044,-0.14368747158954637,0.03589327627858973,0.39836468545726433,0.01728094772037941,0.2548982294728956,0.04398059912160366,0.2964345121689296,-0.23617269841927974,-0.2081391371073622,-0.1270895661978862,-0.008090496585936411,0.5557823124058332,-0.0797424439081723,0.6126237175933184,0.8910306764134813,-0.040452117539370905,-0.17573238696312055,-0.18674200208246441,-0.17946053957122354,0.004994180199870106,0.3085539154923168,-0.07561768430831844,0.8661377760638486,0.49962521477247307,-0.11229991152302708,-0.16851887721880954,-0.14512921703483606,0.1844876680325281,-0.06910276284937887,0.2035847851830963,0.9250018858207297,0.5175584617099862,-0.012359551893568629,0.35035467468974935,-0.10318250095298527,-0.07459823450547329,0.13842193027238045,-0.06131565175661739,0.22681396641579238,0.08581820834140888,-0.13162084830732862,-0.14991720753180343,0.028003413750095425,-0.16190265427592376,-0.1306049449114647,-0.1549532126186605,-0.16130633366671665,0.25152742151208757,-0.17019688258782387,-0.12461530414480251,0.044485671915937414,-0.16996998615101486,0.20828559264116267,0.02478661616247704,0.0067549373977739404,,,,,
18:21,0.07985991844969811,-0.10154318251367074,-0.023510900856100275,-0.0347634764978819,-0.12742191931561964,-0.1803686683603321,-0.21819091394756535,0.036848406531822336,-0.15057940499941458,-0.020245640476547214,-0.0852817021143379,-0.12952578995151834,-0.029047315819063738,0.012751034313293153,-0.06528956732664554,-0.12506482524171356,-0.23396100060471997,0.295915138141632,0.3386354110217432,0.1758247188107109,0.20496381614032141,-0.0014386864177505843,-0.1184566066831273,-0.007559712478411993,-0.03459265164604501,0.017034607226267,0.08483550235949794,-0.03049307183896113,0.1557039897310247,-0.01525970081474816,0.12159368726151641,-0.03958535265013686,-0.028628138278816037,0.04060347424313481,0.19812275504281532,0.14216402228597194,0.20754817409789283,0.4711557689759121,0.46338914430682904,-0.11337924083560869,0.026571932695890026,0.00901203963971236,0.07615649947585114,0.03501756538561028,0.09262124721597753,-0.10868923955966572,0.24346592381516738,-0.06842144535561132,0.022863416963238733,0.0007754633209732649,-0.0635195345963482,0.0318173290714528,0.40100469141379874,0.18314914997798745,0.24302526814920467,0.4675901755809845,0.4616019498924896,-0.010769314147756665,-0.1145804964906911,0.006427518913805875,-0.14189027845902866,0.047739119223517,0.43505384496949534,0.15307196222289543,-0.034942317027859854,-0.08962294106280302,0.12296489438175452,0.08213285360673311,-0.06331295129161506,-0.0601722524888587,-0.076666820734565,0.21617691840626793,0.3124751004172338,0.2203405435742616,-0.16565717138895306,-0.09358349365795242,-0.11178407480535554,0.14543189969953615,0.19535866657124817,-0.07475239419526675,-0.037177345187615014,-0.008129618943411519,-0.014338155848885337,0.1115019346286742,0.03583864953655562,-0.058218894195063264,-0.07818294310677247,0.3068901300844399,0.2988236838966827,0.3551992914504909,-0.04925926214842122,-0.10491755921509024,0.04400041515679321,0.12075822492249233,-0.11104148998260525,-0.12163672286237913,0.014070526886221447,0.06771535377310413,0.1622527428965572,0.26907357401744875,-0.08361519872837074,-0.19272809586856054,0.3891319128092234,0.324116423764191,0.20646396092453162,0.03398074377768236,0.015454440375459974,0.03701400485435634,0.20141994154832135,0.1999184588618599,0.3303556099991768,-0.1415311810366997,-0.14001153940304942,0.0246108917765398,0.4786107068459003,0.24580728750173508,0.17397965122927872,0.5806684055895339,0.48809181868939894,-0.13487608140023413,-0.044773868393082665,0.060772309631494575,-0.0037716944356220887,0.055725030053000314,-0.13241483430832432,-0.0035414103378430604,-0.03579286238237925,0.12010961761591063,0.017795487364830866,0.05912553972580982,0.5768840000389843,0.5392506122562476,0.061348357335365214,-0.0575812621352295,-0.12314627683726659,-0.17369847951283446,0.4155176818493198,0.07898614880043926,0.0737752979045659,-0.13494377916615674,-0.09760487631028067,0.3860593691618221,0.08214230499387065,0.1879912722558709,0.07896798952992286,-0.2809191484557511,-0.07817957529184565,0.228105773996636,0.15776487488736848,0.17331346335081438,-0.25521730411471194,0.021587647004928486,0.28184261532871546,-0.026129846443332556,0.206008322740656,0.3722975985878171,0.23966242665926382,-0.08712380414669546,-0.14124706882233368,-0.04202104683402508,0.37897245152108266,0.44828316672580015,0.0027334643832029972,0.7080097221447924,0.7402149143674635,0.23538546240373998,-0.2978494399290153,-0.2979093920991065,-0.13764509941358496,0.34826076936435335,0.5199192005215364,-0.14097848183957828,0.7539792888371329,0.4996266693781832,-0.09231886488941965,-0.09181512191510811,0.01864279309732246,0.4431135885055029,-0.018823599914281935,0.1320447076921105,0.7790211625215013,0.7399701501553826,0.2620780479441096,0.05002088232640879,-0.1697645389423847,-0.1816217076884475,0.14681454655013204,-0.11160506127092176,0.08899396045342785,-0.07611325895026466,-0.23070613141369187,-0.18578674229655356,0.04242040407732285,-0.10754949074406274,-0.019624143189967656,-0.18346404829706245,-0.1838779472074665,0.05071623803632803,-0.08018846225187008,-0.017851154897420108,0.3894486172601518,-0.2969881146333236,0.3900267808445571,0.38016119784158187,-0.1331153037828777,0.6870751723500618,,,,
19:20,-0.00244611606740695,-0.03034872878090697,-0.2928010666730884,-0.20693423456579388,-0.10427250810096277,-0.06475327974904267,-0.043564656394167914,-0.19482628629182122,-0.21140169802527933,0.1418824803730853,0.24613163715092579,0.0326543234434633,-0.2989750235885617,-0.27883097569219223,-0.29797384107156566,0.07914212484431309,0.04614019017683192,-0.31586544485124507,-0.07969903509737164,-0.021606425376578586,0.3377462048851025,0.00223599138464223,-0.05046938642676204,0.037892134829278425,-0.12631026643389656,-0.18040047757980027,0.1245451031938926,0.11152041013902816,-0.09081777507202889,0.09294470401612182,-0.1770878837164186,0.3531708233032755,0.3706528312189625,-0.005347037774128116,-0.16719124754314044,-0.1999562929813539,0.05645366226399843,-0.15255845067641272,-0.23747669239887623,-0.048597751240782035,0.04249876650984188,0.10724907309193521,0.3729298969637043,0.15301540504049635,0.11095279449341207,-0.06714503638798773,0.05992947655907042,0.536605133322738,0.04502319690005129,0.035481312969438,-0.04902177692486493,-0.14648110979067058,0.18859073742157872,0.10060554752550066,-0.16202923977339062,0.07279214256288911,-0.06602934531529311,-0.17057641546793226,-0.08532330681352401,-0.0704296724981077,0.0794477132068417,-0.03024243764282706,-0.1494676613586821,0.12428526969504386,0.2020855000042864,0.08661582386447286,-0.2121484726804879,-0.15600327764707853,-0.22923186217220454,0.022342282012577274,0.06887351518047537,-0.4064882358995636,-0.06469505713089932,-0.11850753957576025,-0.14743261379773817,0.05177413783881192,0.07689959222687856,-0.17536514996412148,-0.15427362457593452,0.19999839037954462,0.28671572792703204,0.08965757622286885,-0.30663376117344027,-0.280642119401265,-0.2849522221692196,0.23011055995066693,0.06481685203424012,-0.39101960749004694,0.11102348749589293,0.1736342192901404,0.19885164076098688,0.08797545671972101,-0.17519241348593315,-0.19923250117327754,0.21782187048314233,0.3137566044189686,0.17087346945075374,-0.2922620328322694,-0.31266763958293053,-0.3447729911352767,0.22890472121485478,0.17994787381669888,-0.3826530490533525,0.1667797466107088,0.1848876551102129,-0.19115573469470462,0.1953264532958862,0.2137204542415982,-0.12918165251860256,-0.05784266183993551,-0.16262780709718336,0.09281361212589212,0.30425581808574026,0.09998821028368485,-0.09301910472646195,-0.24057398822881787,0.2441905762226088,-0.29038799588390657,-0.3142910064294985,0.22681315433949725,0.12111451661937922,-0.2262259855724661,-0.13853786879541735,0.04383600135918461,0.022424649139186993,0.1546090760548017,0.04153032099602733,-0.08514125607136502,-0.08421174958400245,-0.04703259908073472,-0.3316072945202528,-0.3299794686909825,-0.17706747527237082,0.2828785663850139,0.3019723623428866,0.16834560830644202,0.04255287048654273,-0.2165704608449001,-0.24700133758511042,0.32198741928004465,0.27458152338877234,-0.3818802319659169,0.4118193810733398,0.3072747184750752,0.4046645668148227,0.2754330632780026,0.19246171308559273,-0.20134712315956285,-0.1941521877332557,-0.1236291951406676,0.4154813490089067,0.29721492272620126,-0.36966216471500446,0.5483245625467474,0.395975471891083,-0.09293033955555541,-0.11899065821782377,0.5243242666185415,0.8010559970660684,0.32021455790534176,0.2211749259981534,-0.18455235021151942,0.5805562095439393,-0.18041658614997375,-0.22123926023794183,-0.008117427338439577,0.5466422215435893,0.6376313315787363,0.26850037367852125,-0.021541201388071116,-0.1111171953512514,0.6839876634221533,-0.19816697550780354,-0.16194967665931229,0.37468292762058,0.37115370708346823,0.15651373183300157,0.05857939206248605,-0.07888299442758255,0.34282175793894054,-0.185643788184337,-0.08207750975914802,-0.15021874757566342,-0.2427898704164103,0.5248739865681312,0.33288530901854047,-0.30097115813926467,0.5422397906914652,0.39472207357253714,0.035381807406307135,0.6311873866843416,0.475872133446537,-0.19915853061201227,0.7874541968060036,0.6805316940547421,0.46281662038128696,0.33931048559785254,-0.15053206595465085,0.6417022456841547,0.6223402284907367,-0.022325267510305277,0.7397571860077069,0.18900805703243753,0.20944569767251162,0.40021029685985327,-0.2307913074457648,-0.1594917923180646,,,
19:21,0.12605252781051957,0.04138479879549427,-0.30201801197625666,-0.058077628707623404,0.025112567955453063,0.05759868828769961,0.004897891194550762,-0.02804706448505695,-0.08807075472133923,0.3279382708482224,0.5150516551096517,0.24364938543444808,-0.2651529247069039,-0.2011536203157393,-0.24967055073371014,0.34242370533703487,0.3081136047911623,-0.3064593962092939,-0.04252091456118332,0.18980876465670257,0.533613783618593,0.06214296295157584,0.01752426467434311,0.14075045922847992,-0.06364100649779422,-0.15566457231732628,0.29837349122851575,0.3585302952469773,-0.007805461426771453,0.1701194573461788,-0.09219320249272692,0.38505614789341325,0.5302121207844386,0.30969826617611573,-0.03576450252726408,-0.09867841656126985,0.20071911304589704,-0.08290461418667221,-0.15948133720389973,-0.05292705203321426,0.10431606450222841,0.1825819985667968,0.35773390055602333,0.1347786253166153,0.2756153196877129,0.07408445094774914,0.03553094432520298,0.32287676850471686,0.05327236833835069,0.06872907981973564,0.07473019502202582,0.0023453725253965987,0.35425197448193047,0.25835006408257644,0.017228998854200556,0.15862400872590848,0.041219880743270064,-0.2512548280213846,-0.07497412655207772,-0.04671630865845598,-0.001456868688516798,0.06445915412342468,-0.2060085470291579,0.20254665089443738,0.39078777517364366,0.19779765461778767,-0.22482521109126677,-0.2473329853815166,-0.2845056394675812,0.19979603390708492,0.3395552538928372,-0.4218897846660012,-0.026972983485849394,0.09213880425803486,0.07577573287963622,0.1156030439051371,0.1131087264135883,-0.039612157679229654,-0.034987250174673294,0.2770182832102725,0.4957755129864243,0.30037965235934966,-0.2945211965569149,-0.25974737215154375,-0.2749325997402522,0.5065832472909584,0.28758520110062513,-0.3354048106606489,0.08964933398558818,0.3088769758688507,0.31613552645125503,0.09844723927704631,-0.04583977323801951,0.11145817511384898,0.2533359327421319,0.3774648591877497,0.37053513308898794,-0.2611707635749288,-0.2300522819245231,-0.18950812766138692,0.42625577695243283,0.32292796694699755,-0.33720462709050514,0.07821906631877186,0.27430029745072865,-0.1264777112366671,0.3156679445399352,0.39594367869557645,-0.1009912256171183,0.05547708988152956,-0.11790695898416806,0.06877836607235545,0.5221097738454776,0.3880384561651754,0.14310086623356053,-0.16398122227121287,0.2808185448057738,-0.23860271990827533,-0.23305988821916465,0.2902437127016361,0.2304573545704291,-0.22163508991579753,-0.09608037047273804,0.190545266334374,0.03699355093289927,0.27796653522585435,0.18548429815387896,0.022942447431439562,-0.019754029669557503,0.003042734987912486,-0.27063618969853864,-0.25672377057711815,-0.1352954150737826,0.34819997128368385,0.3877436528585044,0.20474271110151554,0.1355079507777772,-0.14062818417245287,-0.2100337598525288,0.4549996224226855,0.4325360328555362,-0.305022446729048,0.3547507143197816,0.4287261658893442,0.43171693237722547,0.3582709924104155,0.37831860639641074,-0.19671792912581806,-0.2031658516394678,-0.15027206422321365,0.5294563736858947,0.4568363463584901,-0.3267519881186701,0.46055601711552574,0.54129146088695,-0.013595645297581328,-0.037903250766583955,0.4011487621261198,0.6705822804781097,0.3988740014866223,0.42329797079981674,-0.1654453466391354,0.4874100007638428,-0.060287562916365105,-0.14854978823903006,-0.0263415575934026,0.5058989071126047,0.5739764055235373,0.3551499314259367,0.01962656090298529,-0.09193807126808433,0.5445549943778443,-0.16426471008962648,-0.09147050726042123,0.41469387892335713,0.40046912812691937,0.3288618672050921,0.21942461109312972,-0.1003700212510686,0.32985034323460377,-0.1353035824160076,0.03197123144291035,-0.2010481843244164,-0.253415488468769,0.6613000816226905,0.5236816803516214,-0.22816721836193438,0.45191889312178357,0.5496361696511955,-0.09047595724099995,0.6586212704411819,0.5507806329806747,-0.07967538717137408,0.6331964585675256,0.8138059404663328,0.5743855968834963,0.4419136432753391,-0.2506337890320803,0.49298633761109006,0.758799304863435,0.13167606980025295,0.7686148072779059,0.4285152948332402,0.45189331380121833,0.5024083816454975,-0.1715903627628272,-0.04812269696682382,0.8280998632436827,,
20:21,0.17142706262865923,-0.01631047282593776,0.20998115793520034,0.11440663727073702,0.13900517906094123,0.01512280723751451,0.026198266124503485,0.34099935990086544,-0.03803792164661489,0.38684242101790867,0.3472445362800164,0.26254882596563794,0.038108001621712205,-0.029766779857108235,0.10949719456279168,0.07606513305026726,-0.003732058038642766,0.07454950476393067,0.1505874387304113,0.16044263833614492,0.5840334160787577,0.2589056678347643,0.10332764246879844,0.28239361818620856,0.17013495795364722,0.2201334800719496,0.4370725831495297,0.35532371534888046,0.2775546668163481,0.3372691371088498,0.28636130761778283,0.37623381059554395,0.269629927393339,0.3986277880860477,0.2282339187408015,0.22004729151611377,0.1296441980344765,0.1512343852556599,0.33694026538954347,-0.02085924655306789,0.29838590194396614,0.2393473899818506,0.4746276545353237,0.2695513084465371,0.41524149653664166,0.06244275500704209,0.5823674634033255,0.114568611346543,0.2145242920065866,0.21000329206659177,0.00701293564771094,0.19425124898434412,0.4638699643768313,0.37090978849590345,0.11063062029324244,0.19239045172872749,0.311432273541742,0.0741614401302617,0.12815466878702597,0.34777763564683345,0.09973172558109028,0.21257337568658913,0.18684671529962021,0.5784885964372252,0.37761842698076004,0.2617789215386773,0.1640709937796391,-0.14519350309145407,-0.16744950305833423,0.05385085244150334,0.13382267237540937,-0.09811341048004218,0.20126981425717097,0.1847087950417658,0.12476616673780384,0.3224600130776245,0.255782325265921,0.44305091838547567,0.2722219173126311,0.39736192014427973,0.4995815066596302,0.42381339969920206,-0.011583895311991575,-0.12771752062410674,-0.10631526930435238,0.2516086139182212,0.243795700871989,0.010709697143374115,0.1915073208078449,0.2984844479007504,0.41697190382890387,0.22503150543897885,0.2282834778741754,0.3973703224065829,0.3534838565700181,0.30571677529745317,0.40599639504673474,0.0427410589915928,0.021927539808262966,0.1206301810275543,0.10267329896370388,0.03183037506930723,0.014923881078595628,0.18757777163825046,0.12324070624194527,0.15792055599971638,0.4118488556107554,0.6117616699598157,0.49223392434999497,0.42995269585097917,0.5643072418454622,0.20918819651783083,0.2887394380211187,0.34636549046026854,0.5560949208835059,0.18233459472888744,0.11407052465535383,0.18035026134692977,0.2494144685953838,0.20875332089597612,0.3376241223288847,0.2259080314243609,0.061915763141315514,0.21771556082222007,0.24583925837605358,0.3200427057057342,0.198103713451509,0.15081699045693425,0.14096973217405112,-0.01799322000054216,0.3192716098450196,0.25202464813277514,0.12571272402146308,0.2783565840627639,0.21743406879357052,0.061380436341316104,0.6966257587004994,0.0723560854112548,0.168050609889194,0.04670326849123316,0.07524634920801791,0.14487448515851628,0.209709889494599,0.262824182247774,0.5855355367472033,0.0894277771391331,0.3392765950003744,0.41534066063393144,0.1939486438157403,0.32440326793437996,0.01808683529475449,0.24810574290205079,-0.030878990483716076,0.06970269368620903,0.27146948784903036,0.6515941163675943,0.5310746468970732,0.26503216700223187,0.24410094832412535,0.4076551070966352,0.765742303527394,0.5276037507681681,0.22873613978339982,0.4580950627282506,0.45474427885662994,0.46765496000023027,0.02922717381867516,0.06672037653929451,0.23780958377437306,0.3833459435745092,0.5036424101506292,0.009181233121413654,0.2564834601458665,0.252319147819066,0.25426849056473977,0.27075806355257676,0.36115577427263484,0.5588666115754297,0.038063700233731006,0.04714225207289846,0.43621702523237577,0.6038913713207483,0.28744155882996114,0.13321155584113786,0.1302267384840552,-5.420814328754651e-05,0.09064971306091447,0.01243749778087078,0.22082871519214606,0.16611661436017805,0.05317809015517203,0.09176341573524605,0.1771735834367031,0.15814066210850358,0.3411300573872589,0.10571538401948939,-0.0587740335676024,0.09502823570044139,0.17030371998434907,0.28540253345371813,0.4667752198083566,-0.0020879538773603025,0.6627763406671902,0.6733898390369071,-0.07796963520086553,0.25395590736692913,0.5871809489431035,-0.0023646461489924015,0.21460584582969422,
